120,golden,7,-1486480290,0,on,75797,10000,true,5612,44,22,3,2439,2114,990,0,false,0,6134.0,false,false,0,0,6134.0,309,-424762907,5614,期間要件(c1)共同LNS: c1 83->78 (構造下限≥0; 改善可能幅進捗6%; 50%目標=未達) / total 315->313 HARD 0->0 採用1束 手数4 restart4 展開296 候補118148 debt除外59201(必須3687 合計52842 c1 2672 必須の主因 covU:3687) 重複除外11459 停止=探索停滞 / 期間要件(c1)共同LNS: c1 78->78 (構造下限≥0; 改善可能幅進捗0%; 50%目標=未達) / total 313->313 HARD 0->0 採用0束 手数0 restart4 展開324 候補134250 debt除外90002(必須6884 合計75364 c1 7754 必須の主因 covU:6884) 重複除外9306 停止=探索停滞 [頭打ち=正式目的を改善するC1減少束なし],ComponentRepair:違反連結成分修復: 候補240件(手B×114 C3mnAlt×9 tryRelocate×110 FairChain×7)+起点生成0件 起点65件(探索24件・最大31候補) 推定5117回(ピン枝刈り3886・相方なし除外123) 正式評価0回 採用0件 / total 315->315 HARD 0->0 score 6417->6417 | PersonalJointLNS:個人回数/apt共同LNS: personal 10->10 / low 6->6 high 4->4 apt 0->0 / total 313->311 HARD 0->0 採用1束 手数1 restart3 展開147 候補12836 debt除外2515 重複除外960 停止=探索停滞 対象: 桒澤美幸 3->3(下限0); モニカ 3->3(下限0); 山本昌幸 1->1(下限0); 福澤俊陽 1->1(下限0); 金沢勇輝 1->1(下限0); アリフ 1->1(下限0) 経路: 個人1改善:自己日交換 | PersonalJointLNS:個人回数/apt共同LNS: personal 10->10 / low 6->6 high 4->4 apt 0->0 / total 311->311 HARD 0->0 採用0束 手数0 restart3 展開146 候補12602 debt除外2558 重複除外1056 停止=探索停滞 対象: 桒澤美幸 3->3(下限0); モニカ 3->3(下限0); 山本昌幸 1->1(下限0); 福澤俊陽 1->1(下限0); 金沢勇輝 1->1(下限0); アリフ 1->1(下限0) [頭打ち=正式目的を改善する個人違反減少束なし] | ComponentRepair:違反連結成分修復: 候補0件()+起点生成412件 起点66件(探索40件・最大40候補) 推定7206回(ピン枝刈り862・相方なし除外210) 正式評価1回 採用1件[c42 職員0 28日: 古泉 健一 28日⇄10日(k=1)] / total 311->309 HARD 0->0 score 6180->6134 | CovORelief:人員過剰の退避: covO 1->1 / total 309->309 HARD 0->0 採用0回 不採用2件(主因 c1:4 high:1) 残存: Dﾃ@11(重み悪化),nice19=0
120,golden,7,-1486480290,0,off,75797,10000,true,6504,44,20,2,2520,1530,2388,0,false,0,6413.0,false,false,0,0,6413.0,313,1706828261,6505,期間要件(c1)共同LNS: c1 83->83 (構造下限≥0; 改善可能幅進捗0%; 50%目標=未達) / total 315->315 HARD 0->0 採用0束 手数0 restart2 展開81 候補31753 debt除外14760(必須988 合計13288 c1 484 必須の主因 covU:988) 重複除外3277 停止=期限 [頭打ち=正式目的を改善するC1減少束なし],ComponentRepair:違反連結成分修復: 候補242件(手B×114 C3mnAlt×10 tryRelocate×111 FairChain×7)+起点生成0件 起点64件(探索22件・最大35候補) 推定6020回(ピン枝刈り4434・相方なし除外121) 正式評価0回 採用0件 / total 315->315 HARD 0->0 score 6417->6417 | PersonalJointLNS:個人回数/apt共同LNS: personal 10->10 / low 6->6 high 4->4 apt 0->0 / total 315->313 HARD 0->0 採用1束 手数1 restart3 展開144 候補12843 debt除外2655 重複除外745 停止=探索停滞 対象: 桒澤美幸 3->3(下限0); モニカ 3->3(下限0); 山本昌幸 1->1(下限0); 福澤俊陽 1->1(下限0); 金沢勇輝 1->1(下限0); アリフ 1->1(下限0) 経路: 個人1改善:自己日交換 | PersonalJointLNS:個人回数/apt共同LNS: personal 10->10 / low 6->6 high 4->4 apt 0->0 / total 313->313 HARD 0->0 採用0束 手数0 restart3 展開143 候補12356 debt除外2403 重複除外776 停止=探索停滞 対象: 桒澤美幸 3->3(下限0); モニカ 3->3(下限0); 山本昌幸 1->1(下限0); 福澤俊陽 1->1(下限0); 金沢勇輝 1->1(下限0); アリフ 1->1(下限0) [頭打ち=正式目的を改善する個人違反減少束なし] | ComponentRepair:違反連結成分修復: 候補0件()+起点生成389件 起点64件(探索24件・最大40候補) 推定4275回(ピン枝刈り375・相方なし除外117) 正式評価0回 採用0件 / total 313->313 HARD 0->0 score 6413->6413 | CovORelief:人員過剰の退避: covO 1->1 / total 313->313 HARD 0->0 採用0回 不採用2件(主因 c1:4 high:1) 残存: Dﾃ@11(重み悪化),nice19=0
120,golden,7,-1486480290,1,on,75797,10000,true,4742,15,14,2,2388,1517,806,0,false,0,6134.0,false,false,0,0,6134.0,309,-424762907,4743,期間要件(c1)共同LNS: c1 83->78 (構造下限≥0; 改善可能幅進捗6%; 50%目標=未達) / total 315->313 HARD 0->0 採用1束 手数4 restart4 展開296 候補118148 debt除外59201(必須3687 合計52842 c1 2672 必須の主因 covU:3687) 重複除外11459 停止=探索停滞 / 期間要件(c1)共同LNS: c1 78->78 (構造下限≥0; 改善可能幅進捗0%; 50%目標=未達) / total 313->313 HARD 0->0 採用0束 手数0 restart4 展開324 候補134250 debt除外90002(必須6884 合計75364 c1 7754 必須の主因 covU:6884) 重複除外9306 停止=探索停滞 [頭打ち=正式目的を改善するC1減少束なし],ComponentRepair:違反連結成分修復: 候補244件(手B×114 C3mnAlt×10 tryRelocate×113 FairChain×7)+起点生成0件 起点65件(探索24件・最大31候補) 推定5051回(ピン枝刈り3523・相方なし除外138) 正式評価0回 採用0件 / total 315->315 HARD 0->0 score 6417->6417 | PersonalJointLNS:個人回数/apt共同LNS: personal 10->10 / low 6->6 high 4->4 apt 0->0 / total 313->311 HARD 0->0 採用1束 手数1 restart3 展開147 候補12836 debt除外2515 重複除外960 停止=探索停滞 対象: 桒澤美幸 3->3(下限0); モニカ 3->3(下限0); 山本昌幸 1->1(下限0); 福澤俊陽 1->1(下限0); 金沢勇輝 1->1(下限0); アリフ 1->1(下限0) 経路: 個人1改善:自己日交換 | PersonalJointLNS:個人回数/apt共同LNS: personal 10->10 / low 6->6 high 4->4 apt 0->0 / total 311->311 HARD 0->0 採用0束 手数0 restart3 展開146 候補12602 debt除外2558 重複除外1056 停止=探索停滞 対象: 桒澤美幸 3->3(下限0); モニカ 3->3(下限0); 山本昌幸 1->1(下限0); 福澤俊陽 1->1(下限0); 金沢勇輝 1->1(下限0); アリフ 1->1(下限0) [頭打ち=正式目的を改善する個人違反減少束なし] | ComponentRepair:違反連結成分修復: 候補0件()+起点生成412件 起点66件(探索40件・最大40候補) 推定7206回(ピン枝刈り862・相方なし除外210) 正式評価1回 採用1件[c42 職員0 28日: 古泉 健一 28日⇄10日(k=1)] / total 311->309 HARD 0->0 score 6180->6134 | CovORelief:人員過剰の退避: covO 1->1 / total 309->309 HARD 0->0 採用0回 不採用2件(主因 c1:4 high:1) 残存: Dﾃ@11(重み悪化),nice19=0
120,golden,7,-1486480290,1,off,75797,10000,true,4719,9,11,1,2372,1504,821,1,false,0,6413.0,false,false,0,0,6413.0,313,1706828261,4719,期間要件(c1)共同LNS: c1 83->83 (構造下限≥0; 改善可能幅進捗0%; 50%目標=未達) / total 315->315 HARD 0->0 採用0束 手数0 restart2 展開106 候補41899 debt除外18902(必須1261 合計16705 c1 936 必須の主因 covU:1261) 重複除外4433 停止=期限 [頭打ち=正式目的を改善するC1減少束なし],ComponentRepair:違反連結成分修復: 候補242件(手B×114 C3mnAlt×10 tryRelocate×111 FairChain×7)+起点生成0件 起点65件(探索24件・最大33候補) 推定4042回(ピン枝刈り3363・相方なし除外119) 正式評価0回 採用0件 / total 315->315 HARD 0->0 score 6417->6417 | PersonalJointLNS:個人回数/apt共同LNS: personal 10->10 / low 6->6 high 4->4 apt 0->0 / total 315->313 HARD 0->0 採用1束 手数1 restart3 展開144 候補12843 debt除外2655 重複除外745 停止=探索停滞 対象: 桒澤美幸 3->3(下限0); モニカ 3->3(下限0); 山本昌幸 1->1(下限0); 福澤俊陽 1->1(下限0); 金沢勇輝 1->1(下限0); アリフ 1->1(下限0) 経路: 個人1改善:自己日交換 | PersonalJointLNS:個人回数/apt共同LNS: personal 10->10 / low 6->6 high 4->4 apt 0->0 / total 313->313 HARD 0->0 採用0束 手数0 restart3 展開143 候補12356 debt除外2403 重複除外776 停止=探索停滞 対象: 桒澤美幸 3->3(下限0); モニカ 3->3(下限0); 山本昌幸 1->1(下限0); 福澤俊陽 1->1(下限0); 金沢勇輝 1->1(下限0); アリフ 1->1(下限0) [頭打ち=正式目的を改善する個人違反減少束なし] | ComponentRepair:違反連結成分修復: 候補0件()+起点生成389件 起点64件(探索24件・最大40候補) 推定4275回(ピン枝刈り375・相方なし除外117) 正式評価0回 採用0件 / total 313->313 HARD 0->0 score 6413->6413 | CovORelief:人員過剰の退避: covO 1->1 / total 313->313 HARD 0->0 採用0回 不採用2件(主因 c1:4 high:1) 残存: Dﾃ@11(重み悪化),nice19=0
120,golden,7,-1486480290,2,off,75797,10000,true,4676,12,14,1,2373,1502,774,0,false,0,6413.0,false,false,0,0,6413.0,313,1706828261,4676,期間要件(c1)共同LNS: c1 83->83 (構造下限≥0; 改善可能幅進捗0%; 50%目標=未達) / total 315->315 HARD 0->0 採用0束 手数0 restart2 展開117 候補46557 debt除外21136(必須1339 合計18860 c1 937 必須の主因 covU:1339) 重複除外4885 停止=期限 [頭打ち=正式目的を改善するC1減少束なし],ComponentRepair:違反連結成分修復: 候補241件(手B×114 C3mnAlt×9 tryRelocate×111 FairChain×7)+起点生成0件 起点65件(探索24件・最大32候補) 推定5377回(ピン枝刈り4148・相方なし除外122) 正式評価0回 採用0件 / total 315->315 HARD 0->0 score 6417->6417 | PersonalJointLNS:個人回数/apt共同LNS: personal 10->10 / low 6->6 high 4->4 apt 0->0 / total 315->313 HARD 0->0 採用1束 手数1 restart3 展開144 候補12843 debt除外2655 重複除外745 停止=探索停滞 対象: 桒澤美幸 3->3(下限0); モニカ 3->3(下限0); 山本昌幸 1->1(下限0); 福澤俊陽 1->1(下限0); 金沢勇輝 1->1(下限0); アリフ 1->1(下限0) 経路: 個人1改善:自己日交換 | PersonalJointLNS:個人回数/apt共同LNS: personal 10->10 / low 6->6 high 4->4 apt 0->0 / total 313->313 HARD 0->0 採用0束 手数0 restart3 展開143 候補12356 debt除外2403 重複除外776 停止=探索停滞 対象: 桒澤美幸 3->3(下限0); モニカ 3->3(下限0); 山本昌幸 1->1(下限0); 福澤俊陽 1->1(下限0); 金沢勇輝 1->1(下限0); アリフ 1->1(下限0) [頭打ち=正式目的を改善する個人違反減少束なし] | ComponentRepair:違反連結成分修復: 候補0件()+起点生成389件 起点64件(探索24件・最大40候補) 推定4275回(ピン枝刈り375・相方なし除外117) 正式評価0回 採用0件 / total 313->313 HARD 0->0 score 6413->6413 | CovORelief:人員過剰の退避: covO 1->1 / total 313->313 HARD 0->0 採用0回 不採用2件(主因 c1:4 high:1) 残存: Dﾃ@11(重み悪化),nice19=0
120,golden,7,-1486480290,2,on,75797,10000,true,4986,13,14,2,2544,1690,723,0,false,0,6134.0,false,false,0,0,6134.0,309,-424762907,4987,期間要件(c1)共同LNS: c1 83->78 (構造下限≥0; 改善可能幅進捗6%; 50%目標=未達) / total 315->313 HARD 0->0 採用1束 手数4 restart4 展開296 候補118148 debt除外59201(必須3687 合計52842 c1 2672 必須の主因 covU:3687) 重複除外11459 停止=探索停滞 / 期間要件(c1)共同LNS: c1 78->78 (構造下限≥0; 改善可能幅進捗0%; 50%目標=未達) / total 313->313 HARD 0->0 採用0束 手数0 restart4 展開324 候補134250 debt除外90002(必須6884 合計75364 c1 7754 必須の主因 covU:6884) 重複除外9306 停止=探索停滞 [頭打ち=正式目的を改善するC1減少束なし],ComponentRepair:違反連結成分修復: 候補241件(手B×114 C3mnAlt×9 tryRelocate×111 FairChain×7)+起点生成0件 起点65件(探索24件・最大31候補) 推定5022回(ピン枝刈り3814・相方なし除外126) 正式評価0回 採用0件 / total 315->315 HARD 0->0 score 6417->6417 | PersonalJointLNS:個人回数/apt共同LNS: personal 10->10 / low 6->6 high 4->4 apt 0->0 / total 313->311 HARD 0->0 採用1束 手数1 restart3 展開147 候補12836 debt除外2515 重複除外960 停止=探索停滞 対象: 桒澤美幸 3->3(下限0); モニカ 3->3(下限0); 山本昌幸 1->1(下限0); 福澤俊陽 1->1(下限0); 金沢勇輝 1->1(下限0); アリフ 1->1(下限0) 経路: 個人1改善:自己日交換 | PersonalJointLNS:個人回数/apt共同LNS: personal 10->10 / low 6->6 high 4->4 apt 0->0 / total 311->311 HARD 0->0 採用0束 手数0 restart3 展開146 候補12602 debt除外2558 重複除外1056 停止=探索停滞 対象: 桒澤美幸 3->3(下限0); モニカ 3->3(下限0); 山本昌幸 1->1(下限0); 福澤俊陽 1->1(下限0); 金沢勇輝 1->1(下限0); アリフ 1->1(下限0) [頭打ち=正式目的を改善する個人違反減少束なし] | ComponentRepair:違反連結成分修復: 候補0件()+起点生成412件 起点66件(探索40件・最大40候補) 推定7206回(ピン枝刈り862・相方なし除外210) 正式評価1回 採用1件[c42 職員0 28日: 古泉 健一 28日⇄10日(k=1)] / total 311->309 HARD 0->0 score 6180->6134 | CovORelief:人員過剰の退避: covO 1->1 / total 309->309 HARD 0->0 採用0回 不採用2件(主因 c1:4 high:1) 残存: Dﾃ@11(重み悪化),nice19=0
120,golden,7,-1486480290,3,off,75797,10000,true,4614,12,15,2,2128,1556,901,0,false,0,6413.0,false,false,0,0,6413.0,313,1706828261,4615,期間要件(c1)共同LNS: c1 83->83 (構造下限≥0; 改善可能幅進捗0%; 50%目標=未達) / total 315->315 HARD 0->0 採用0束 手数0 restart2 展開107 候補42414 debt除外19111(必須1263 合計16912 c1 936 必須の主因 covU:1263) 重複除外4492 停止=期限 [頭打ち=正式目的を改善するC1減少束なし],ComponentRepair:違反連結成分修復: 候補238件(手B×114 C3mnAlt×9 tryRelocate×108 FairChain×7)+起点生成0件 起点64件(探索24件・最大30候補) 推定4840回(ピン枝刈り3818・相方なし除外127) 正式評価0回 採用0件 / total 315->315 HARD 0->0 score 6417->6417 | PersonalJointLNS:個人回数/apt共同LNS: personal 10->10 / low 6->6 high 4->4 apt 0->0 / total 315->313 HARD 0->0 採用1束 手数1 restart3 展開144 候補12843 debt除外2655 重複除外745 停止=探索停滞 対象: 桒澤美幸 3->3(下限0); モニカ 3->3(下限0); 山本昌幸 1->1(下限0); 福澤俊陽 1->1(下限0); 金沢勇輝 1->1(下限0); アリフ 1->1(下限0) 経路: 個人1改善:自己日交換 | PersonalJointLNS:個人回数/apt共同LNS: personal 10->10 / low 6->6 high 4->4 apt 0->0 / total 313->313 HARD 0->0 採用0束 手数0 restart3 展開143 候補12356 debt除外2403 重複除外776 停止=探索停滞 対象: 桒澤美幸 3->3(下限0); モニカ 3->3(下限0); 山本昌幸 1->1(下限0); 福澤俊陽 1->1(下限0); 金沢勇輝 1->1(下限0); アリフ 1->1(下限0) [頭打ち=正式目的を改善する個人違反減少束なし] | ComponentRepair:違反連結成分修復: 候補0件()+起点生成389件 起点64件(探索24件・最大40候補) 推定4275回(ピン枝刈り375・相方なし除外117) 正式評価0回 採用0件 / total 313->313 HARD 0->0 score 6413->6413 | CovORelief:人員過剰の退避: covO 1->1 / total 313->313 HARD 0->0 採用0回 不採用2件(主因 c1:4 high:1) 残存: Dﾃ@11(重み悪化),nice19=0
120,golden,7,-1486480290,3,on,75797,10000,true,4905,11,13,1,2556,1524,800,0,false,0,6134.0,false,false,0,0,6134.0,309,-424762907,4906,期間要件(c1)共同LNS: c1 83->78 (構造下限≥0; 改善可能幅進捗6%; 50%目標=未達) / total 315->313 HARD 0->0 採用1束 手数4 restart4 展開296 候補118148 debt除外59201(必須3687 合計52842 c1 2672 必須の主因 covU:3687) 重複除外11459 停止=探索停滞 / 期間要件(c1)共同LNS: c1 78->78 (構造下限≥0; 改善可能幅進捗0%; 50%目標=未達) / total 313->313 HARD 0->0 採用0束 手数0 restart4 展開324 候補134250 debt除外90002(必須6884 合計75364 c1 7754 必須の主因 covU:6884) 重複除外9306 停止=探索停滞 [頭打ち=正式目的を改善するC1減少束なし],ComponentRepair:違反連結成分修復: 候補239件(手B×114 C3mnAlt×9 tryRelocate×109 FairChain×7)+起点生成0件 起点65件(探索24件・最大31候補) 推定4044回(ピン枝刈り3194・相方なし除外122) 正式評価0回 採用0件 / total 315->315 HARD 0->0 score 6417->6417 | PersonalJointLNS:個人回数/apt共同LNS: personal 10->10 / low 6->6 high 4->4 apt 0->0 / total 313->311 HARD 0->0 採用1束 手数1 restart3 展開147 候補12836 debt除外2515 重複除外960 停止=探索停滞 対象: 桒澤美幸 3->3(下限0); モニカ 3->3(下限0); 山本昌幸 1->1(下限0); 福澤俊陽 1->1(下限0); 金沢勇輝 1->1(下限0); アリフ 1->1(下限0) 経路: 個人1改善:自己日交換 | PersonalJointLNS:個人回数/apt共同LNS: personal 10->10 / low 6->6 high 4->4 apt 0->0 / total 311->311 HARD 0->0 採用0束 手数0 restart3 展開146 候補12602 debt除外2558 重複除外1056 停止=探索停滞 対象: 桒澤美幸 3->3(下限0); モニカ 3->3(下限0); 山本昌幸 1->1(下限0); 福澤俊陽 1->1(下限0); 金沢勇輝 1->1(下限0); アリフ 1->1(下限0) [頭打ち=正式目的を改善する個人違反減少束なし] | ComponentRepair:違反連結成分修復: 候補0件()+起点生成412件 起点66件(探索40件・最大40候補) 推定7206回(ピン枝刈り862・相方なし除外210) 正式評価1回 採用1件[c42 職員0 28日: 古泉 健一 28日⇄10日(k=1)] / total 311->309 HARD 0->0 score 6180->6134 | CovORelief:人員過剰の退避: covO 1->1 / total 309->309 HARD 0->0 採用0回 不採用2件(主因 c1:4 high:1) 残存: Dﾃ@11(重み悪化),nice19=0
120,golden,7,-1486480290,4,on,75797,10000,true,5965,15,23,4,3018,1968,937,0,false,0,6134.0,false,false,0,0,6134.0,309,-424762907,5966,期間要件(c1)共同LNS: c1 83->78 (構造下限≥0; 改善可能幅進捗6%; 50%目標=未達) / total 315->313 HARD 0->0 採用1束 手数4 restart4 展開296 候補118148 debt除外59201(必須3687 合計52842 c1 2672 必須の主因 covU:3687) 重複除外11459 停止=探索停滞 / 期間要件(c1)共同LNS: c1 78->78 (構造下限≥0; 改善可能幅進捗0%; 50%目標=未達) / total 313->313 HARD 0->0 採用0束 手数0 restart4 展開324 候補134250 debt除外90002(必須6884 合計75364 c1 7754 必須の主因 covU:6884) 重複除外9306 停止=探索停滞 [頭打ち=正式目的を改善するC1減少束なし],ComponentRepair:違反連結成分修復: 候補240件(手B×114 C3mnAlt×9 tryRelocate×110 FairChain×7)+起点生成0件 起点64件(探索24件・最大32候補) 推定4543回(ピン枝刈り3536・相方なし除外122) 正式評価0回 採用0件 / total 315->315 HARD 0->0 score 6417->6417 | PersonalJointLNS:個人回数/apt共同LNS: personal 10->10 / low 6->6 high 4->4 apt 0->0 / total 313->311 HARD 0->0 採用1束 手数1 restart3 展開147 候補12836 debt除外2515 重複除外960 停止=探索停滞 対象: 桒澤美幸 3->3(下限0); モニカ 3->3(下限0); 山本昌幸 1->1(下限0); 福澤俊陽 1->1(下限0); 金沢勇輝 1->1(下限0); アリフ 1->1(下限0) 経路: 個人1改善:自己日交換 | PersonalJointLNS:個人回数/apt共同LNS: personal 10->10 / low 6->6 high 4->4 apt 0->0 / total 311->311 HARD 0->0 採用0束 手数0 restart3 展開146 候補12602 debt除外2558 重複除外1056 停止=探索停滞 対象: 桒澤美幸 3->3(下限0); モニカ 3->3(下限0); 山本昌幸 1->1(下限0); 福澤俊陽 1->1(下限0); 金沢勇輝 1->1(下限0); アリフ 1->1(下限0) [頭打ち=正式目的を改善する個人違反減少束なし] | ComponentRepair:違反連結成分修復: 候補0件()+起点生成412件 起点66件(探索40件・最大40候補) 推定7206回(ピン枝刈り862・相方なし除外210) 正式評価1回 採用1件[c42 職員0 28日: 古泉 健一 28日⇄10日(k=1)] / total 311->309 HARD 0->0 score 6180->6134 | CovORelief:人員過剰の退避: covO 1->1 / total 309->309 HARD 0->0 採用0回 不採用2件(主因 c1:4 high:1) 残存: Dﾃ@11(重み悪化),nice19=0
120,golden,7,-1486480290,4,off,75797,10000,true,5114,12,15,2,2676,1505,903,1,false,0,6413.0,false,false,0,0,6413.0,313,1706828261,5114,期間要件(c1)共同LNS: c1 83->83 (構造下限≥0; 改善可能幅進捗0%; 50%目標=未達) / total 315->315 HARD 0->0 採用0束 手数0 restart1 展開73 候補28812 debt除外13413(必須865 合計12193 c1 355 必須の主因 covU:865) 重複除外2982 停止=期限 [頭打ち=正式目的を改善するC1減少束なし],ComponentRepair:違反連結成分修復: 候補243件(手B×114 C3mnAlt×10 tryRelocate×112 FairChain×7)+起点生成0件 起点65件(探索24件・最大29候補) 推定5363回(ピン枝刈り4253・相方なし除外131) 正式評価0回 採用0件 / total 315->315 HARD 0->0 score 6417->6417 | PersonalJointLNS:個人回数/apt共同LNS: personal 10->10 / low 6->6 high 4->4 apt 0->0 / total 315->313 HARD 0->0 採用1束 手数1 restart3 展開144 候補12843 debt除外2655 重複除外745 停止=探索停滞 対象: 桒澤美幸 3->3(下限0); モニカ 3->3(下限0); 山本昌幸 1->1(下限0); 福澤俊陽 1->1(下限0); 金沢勇輝 1->1(下限0); アリフ 1->1(下限0) 経路: 個人1改善:自己日交換 | PersonalJointLNS:個人回数/apt共同LNS: personal 10->10 / low 6->6 high 4->4 apt 0->0 / total 313->313 HARD 0->0 採用0束 手数0 restart3 展開143 候補12356 debt除外2403 重複除外776 停止=探索停滞 対象: 桒澤美幸 3->3(下限0); モニカ 3->3(下限0); 山本昌幸 1->1(下限0); 福澤俊陽 1->1(下限0); 金沢勇輝 1->1(下限0); アリフ 1->1(下限0) [頭打ち=正式目的を改善する個人違反減少束なし] | ComponentRepair:違反連結成分修復: 候補0件()+起点生成389件 起点64件(探索24件・最大40候補) 推定4275回(ピン枝刈り375・相方なし除外117) 正式評価0回 採用0件 / total 313->313 HARD 0->0 score 6413->6413 | CovORelief:人員過剰の退避: covO 1->1 / total 313->313 HARD 0->0 採用0回 不採用2件(主因 c1:4 high:1) 残存: Dﾃ@11(重み悪化),nice19=0
120,golden,6,-1586841004,1,off,77553,10000,true,5164,10,12,1,1898,1503,1740,0,false,0,6182.0,false,false,0,0,6182.0,318,-1145468960,5166,期間要件(c1)共同LNS: c1 88->88 (構造下限≥0; 改善可能幅進捗0%; 50%目標=未達) / total 320->320 HARD 0->0 採用0束 手数0 restart2 展開113 候補45472 debt除外26306(必須3782 合計20084 c1 2440 必須の主因 covU:3782) 重複除外4425 停止=期限 [頭打ち=正式目的を改善するC1減少束なし],ComponentRepair:違反連結成分修復: 候補216件(手B×118 C3mnAlt×2 tryRelocate×88 FairChain×8)+起点生成0件 起点63件(探索24件・最大34候補) 推定5080回(ピン枝刈り3694・相方なし除外124) 正式評価0回 採用0件 / total 319->319 HARD 0->0 score 6206->6206 | PersonalJointLNS:個人回数/apt共同LNS: personal 7->7 / low 4->4 high 3->3 apt 0->0 / total 320->318 HARD 0->0 採用1束 手数2 restart3 展開149 候補17808 debt除外2011 重複除外1104 停止=探索停滞 対象: 桒澤美幸 3->3(下限0); 福澤俊陽 1->1(下限0); 金沢勇輝 1->1(下限0); モニカ 1->1(下限0); アリフ 1->1(下限0) 経路: 個人1改善:自己日交換+個人1改善:自己日交換 | PersonalJointLNS:個人回数/apt共同LNS: personal 7->7 / low 4->4 high 3->3 apt 0->0 / total 318->318 HARD 0->0 採用0束 手数0 restart3 展開147 候補17552 debt除外2356 重複除外1071 停止=探索停滞 対象: 桒澤美幸 3->3(下限0); 福澤俊陽 1->1(下限0); 金沢勇輝 1->1(下限0); モニカ 1->1(下限0); アリフ 1->1(下限0) [頭打ち=正式目的を改善する個人違反減少束なし] | ComponentRepair:違反連結成分修復: 候補0件()+起点生成426件 起点58件(探索24件・最大40候補) 推定3979回(ピン枝刈り542・相方なし除外177) 正式評価0回 採用0件 / total 318->318 HARD 0->0 score 6182->6182 | CovORelief:人員過剰の退避: covO 0->0 / total 318->318 HARD 0->0 採用0回,nice19=0
120,golden,6,-1586841004,1,on,77553,10000,true,5456,11,38,4,3305,1227,871,0,false,0,6253.0,false,false,0,0,6253.0,325,424687080,5456,期間要件(c1)共同LNS: c1 88->88 (構造下限≥0; 改善可能幅進捗0%; 50%目標=未達) / total 327->327 HARD 0->0 採用0束 手数0 restart4 展開350 候補144047 debt除外81836(必須12243 合計64448 c1 5145 必須の主因 covU:12243) 重複除外14114 停止=探索停滞 [頭打ち=正式目的を改善するC1減少束なし],ComponentRepair:違反連結成分修復: 候補207件(手B×115 C3mnAlt×10 tryRelocate×73 FairChain×9)+起点生成0件 起点63件(探索24件・最大32候補) 推定5050回(ピン枝刈り3363・相方なし除外129) 正式評価0回 採用0件 / total 327->327 HARD 0->0 score 6270->6270 | PersonalJointLNS:個人回数/apt共同LNS: personal 7->7 / low 4->4 high 3->3 apt 0->0 / total 327->325 HARD 0->0 採用1束 手数4 restart3 展開146 候補16144 debt除外2179 重複除外958 停止=探索停滞 対象: 桒澤美幸 3->3(下限0); 福澤俊陽 1->1(下限0); 金沢勇輝 1->1(下限0); モニカ 1->1(下限0); アリフ 1->1(下限0) 経路: 個人1改善:自己日交換+個人1改善:自己日交換+個人1改善:自己日交換+個人1改善:自己日交換 | PersonalJointLNS:個人回数/apt共同LNS: personal 7->7 / low 4->4 high 3->3 apt 0->0 / total 325->325 HARD 0->0 採用0束 手数0 restart3 展開145 候補16441 debt除外2432 重複除外1010 停止=探索停滞 対象: 桒澤美幸 3->3(下限0); 福澤俊陽 1->1(下限0); 金沢勇輝 1->1(下限0); モニカ 1->1(下限0); アリフ 1->1(下限0) [頭打ち=正式目的を改善する個人違反減少束なし] | ComponentRepair:違反連結成分修復: 候補0件()+起点生成422件 起点58件(探索24件・最大40候補) 推定3451回(ピン枝刈り367・相方なし除外170) 正式評価0回 採用0件 / total 325->325 HARD 0->0 score 6253->6253 | CovORelief:人員過剰の退避: covO 0->0 / total 325->325 HARD 0->0 採用0回,nice19=0
120,golden,6,-1586841004,2,on,77553,10000,true,4003,17,21,2,2045,860,1057,1,false,0,6182.0,false,false,0,0,6182.0,318,-1145468960,4003,期間要件(c1)共同LNS: c1 88->88 (構造下限≥0; 改善可能幅進捗0%; 50%目標=未達) / total 320->320 HARD 0->0 採用0束 手数0 restart4 展開354 候補143071 debt除外76818(必須11863 合計57622 c1 7333 必須の主因 covU:11863) 重複除外15318 停止=探索停滞 [頭打ち=正式目的を改善するC1減少束なし],ComponentRepair:違反連結成分修復: 候補216件(手B×118 C3mnAlt×2 tryRelocate×88 FairChain×8)+起点生成0件 起点63件(探索21件・最大32候補) 推定6000回(ピン枝刈り4047・相方なし除外123) 正式評価0回 採用0件 / total 319->319 HARD 0->0 score 6206->6206 | PersonalJointLNS:個人回数/apt共同LNS: personal 7->7 / low 4->4 high 3->3 apt 0->0 / total 320->318 HARD 0->0 採用1束 手数2 restart3 展開149 候補17808 debt除外2011 重複除外1104 停止=探索停滞 対象: 桒澤美幸 3->3(下限0); 福澤俊陽 1->1(下限0); 金沢勇輝 1->1(下限0); モニカ 1->1(下限0); アリフ 1->1(下限0) 経路: 個人1改善:自己日交換+個人1改善:自己日交換 | PersonalJointLNS:個人回数/apt共同LNS: personal 7->7 / low 4->4 high 3->3 apt 0->0 / total 318->318 HARD 0->0 採用0束 手数0 restart3 展開147 候補17552 debt除外2356 重複除外1071 停止=探索停滞 対象: 桒澤美幸 3->3(下限0); 福澤俊陽 1->1(下限0); 金沢勇輝 1->1(下限0); モニカ 1->1(下限0); アリフ 1->1(下限0) [頭打ち=正式目的を改善する個人違反減少束なし] | ComponentRepair:違反連結成分修復: 候補0件()+起点生成426件 起点58件(探索24件・最大40候補) 推定3979回(ピン枝刈り542・相方なし除外177) 正式評価0回 採用0件 / total 318->318 HARD 0->0 score 6182->6182 | CovORelief:人員過剰の退避: covO 0->0 / total 318->318 HARD 0->0 採用0回,nice19=0
120,golden,6,-1586841004,2,off,77553,10000,true,4863,11,15,1,2257,1505,1074,0,false,0,6182.0,false,false,0,0,6182.0,318,-1145468960,4865,期間要件(c1)共同LNS: c1 88->88 (構造下限≥0; 改善可能幅進捗0%; 50%目標=未達) / total 320->320 HARD 0->0 採用0束 手数0 restart2 展開137 候補54918 debt除外31909(必須4495 合計24709 c1 2705 必須の主因 covU:4495) 重複除外5350 停止=期限 [頭打ち=正式目的を改善するC1減少束なし],ComponentRepair:違反連結成分修復: 候補213件(手B×118 C3mnAlt×2 tryRelocate×85 FairChain×8)+起点生成0件 起点63件(探索24件・最大32候補) 推定5743回(ピン枝刈り4104・相方なし除外125) 正式評価0回 採用0件 / total 319->319 HARD 0->0 score 6206->6206 | PersonalJointLNS:個人回数/apt共同LNS: personal 7->7 / low 4->4 high 3->3 apt 0->0 / total 320->318 HARD 0->0 採用1束 手数2 restart3 展開149 候補17808 debt除外2011 重複除外1104 停止=探索停滞 対象: 桒澤美幸 3->3(下限0); 福澤俊陽 1->1(下限0); 金沢勇輝 1->1(下限0); モニカ 1->1(下限0); アリフ 1->1(下限0) 経路: 個人1改善:自己日交換+個人1改善:自己日交換 | PersonalJointLNS:個人回数/apt共同LNS: personal 7->7 / low 4->4 high 3->3 apt 0->0 / total 318->318 HARD 0->0 採用0束 手数0 restart3 展開147 候補17552 debt除外2356 重複除外1071 停止=探索停滞 対象: 桒澤美幸 3->3(下限0); 福澤俊陽 1->1(下限0); 金沢勇輝 1->1(下限0); モニカ 1->1(下限0); アリフ 1->1(下限0) [頭打ち=正式目的を改善する個人違反減少束なし] | ComponentRepair:違反連結成分修復: 候補0件()+起点生成426件 起点58件(探索24件・最大40候補) 推定3979回(ピン枝刈り542・相方なし除外177) 正式評価0回 採用0件 / total 318->318 HARD 0->0 score 6182->6182 | CovORelief:人員過剰の退避: covO 0->0 / total 318->318 HARD 0->0 採用0回,nice19=0
120,golden,6,-1586841004,3,on,77553,10000,true,4032,14,17,1,2150,931,919,0,false,0,6182.0,false,false,0,0,6182.0,318,-1145468960,4033,期間要件(c1)共同LNS: c1 88->88 (構造下限≥0; 改善可能幅進捗0%; 50%目標=未達) / total 320->320 HARD 0->0 採用0束 手数0 restart4 展開354 候補143071 debt除外76818(必須11863 合計57622 c1 7333 必須の主因 covU:11863) 重複除外15318 停止=探索停滞 [頭打ち=正式目的を改善するC1減少束なし],ComponentRepair:違反連結成分修復: 候補215件(手B×119 C3mnAlt×2 tryRelocate×86 FairChain×8)+起点生成0件 起点64件(探索22件・最大34候補) 推定6000回(ピン枝刈り4634・相方なし除外129) 正式評価0回 採用0件 / total 319->319 HARD 0->0 score 6206->6206 | PersonalJointLNS:個人回数/apt共同LNS: personal 7->7 / low 4->4 high 3->3 apt 0->0 / total 320->318 HARD 0->0 採用1束 手数2 restart3 展開149 候補17808 debt除外2011 重複除外1104 停止=探索停滞 対象: 桒澤美幸 3->3(下限0); 福澤俊陽 1->1(下限0); 金沢勇輝 1->1(下限0); モニカ 1->1(下限0); アリフ 1->1(下限0) 経路: 個人1改善:自己日交換+個人1改善:自己日交換 | PersonalJointLNS:個人回数/apt共同LNS: personal 7->7 / low 4->4 high 3->3 apt 0->0 / total 318->318 HARD 0->0 採用0束 手数0 restart3 展開147 候補17552 debt除外2356 重複除外1071 停止=探索停滞 対象: 桒澤美幸 3->3(下限0); 福澤俊陽 1->1(下限0); 金沢勇輝 1->1(下限0); モニカ 1->1(下限0); アリフ 1->1(下限0) [頭打ち=正式目的を改善する個人違反減少束なし] | ComponentRepair:違反連結成分修復: 候補0件()+起点生成426件 起点58件(探索24件・最大40候補) 推定3979回(ピン枝刈り542・相方なし除外177) 正式評価0回 採用0件 / total 318->318 HARD 0->0 score 6182->6182 | CovORelief:人員過剰の退避: covO 0->0 / total 318->318 HARD 0->0 採用0回,nice19=0
120,golden,6,-1586841004,3,off,77553,10000,true,5708,12,14,1,3239,1509,933,0,false,0,6177.0,false,false,0,0,6177.0,321,1607786744,5708,期間要件(c1)共同LNS: c1 88->88 (構造下限≥0; 改善可能幅進捗0%; 50%目標=未達) / total 323->323 HARD 0->0 採用0束 手数0 restart2 展開132 候補54619 debt除外30364(必須4518 合計22986 c1 2860 必須の主因 covU:4518) 重複除外5767 停止=期限 [頭打ち=正式目的を改善するC1減少束なし],ComponentRepair:違反連結成分修復: 候補218件(手B×117 C3mnAlt×2 tryRelocate×90 FairChain×9)+起点生成0件 起点62件(探索24件・最大30候補) 推定5569回(ピン枝刈り3884・相方なし除外122) 正式評価0回 採用0件 / total 325->325 HARD 0->0 score 6230->6230 | PersonalJointLNS:個人回数/apt共同LNS: personal 7->7 / low 4->4 high 3->3 apt 0->0 / total 323->321 HARD 0->0 採用1束 手数2 restart3 展開149 候補17531 debt除外2101 重複除外1072 停止=探索停滞 対象: 桒澤美幸 3->3(下限0); 福澤俊陽 1->1(下限0); 金沢勇輝 1->1(下限0); モニカ 1->1(下限0); アリフ 1->1(下限0) 経路: 個人1改善:自己日交換+個人1改善:自己日交換 | PersonalJointLNS:個人回数/apt共同LNS: personal 7->7 / low 4->4 high 3->3 apt 0->0 / total 321->321 HARD 0->0 採用0束 手数0 restart3 展開147 候補17542 debt除外2390 重複除外1085 停止=探索停滞 対象: 桒澤美幸 3->3(下限0); 福澤俊陽 1->1(下限0); 金沢勇輝 1->1(下限0); モニカ 1->1(下限0); アリフ 1->1(下限0) [頭打ち=正式目的を改善する個人違反減少束なし] | ComponentRepair:違反連結成分修復: 候補0件()+起点生成405件 起点58件(探索24件・最大40候補) 推定3714回(ピン枝刈り397・相方なし除外165) 正式評価0回 採用0件 / total 321->321 HARD 0->0 score 6177->6177 | CovORelief:人員過剰の退避: covO 0->0 / total 321->321 HARD 0->0 採用0回,nice19=0
120,golden,6,-1586841004,4,off,77553,10000,true,4901,13,15,2,2302,1504,1064,1,false,0,6258.0,false,false,0,0,6258.0,322,1966398672,4901,期間要件(c1)共同LNS: c1 88->88 (構造下限≥0; 改善可能幅進捗0%; 50%目標=未達) / total 324->324 HARD 0->0 採用0束 手数0 restart2 展開122 候補47902 debt除外23947(必須4092 合計18208 c1 1647 必須の主因 covU:4092) 重複除外5244 停止=期限 [頭打ち=正式目的を改善するC1減少束なし],ComponentRepair:違反連結成分修復: 候補203件(手B×117 C3mnAlt×7 tryRelocate×71 FairChain×8)+起点生成0件 起点67件(探索24件・最大36候補) 推定5833回(ピン枝刈り4384・相方なし除外128) 正式評価0回 採用0件 / total 324->324 HARD 0->0 score 6275->6275 | PersonalJointLNS:個人回数/apt共同LNS: personal 7->7 / low 4->4 high 3->3 apt 0->0 / total 324->322 HARD 0->0 採用1束 手数2 restart3 展開146 候補16091 debt除外2037 重複除外892 停止=探索停滞 対象: 桒澤美幸 3->3(下限0); 福澤俊陽 1->1(下限0); 金沢勇輝 1->1(下限0); モニカ 1->1(下限0); アリフ 1->1(下限0) 経路: 個人1改善:自己日交換+個人1改善:自己日交換 | PersonalJointLNS:個人回数/apt共同LNS: personal 7->7 / low 4->4 high 3->3 apt 0->0 / total 322->322 HARD 0->0 採用0束 手数0 restart3 展開145 候補16644 debt除外2581 重複除外1039 停止=探索停滞 対象: 桒澤美幸 3->3(下限0); 福澤俊陽 1->1(下限0); 金沢勇輝 1->1(下限0); モニカ 1->1(下限0); アリフ 1->1(下限0) [頭打ち=正式目的を改善する個人違反減少束なし] | ComponentRepair:違反連結成分修復: 候補0件()+起点生成401件 起点59件(探索24件・最大40候補) 推定3483回(ピン枝刈り452・相方なし除外171) 正式評価0回 採用0件 / total 322->322 HARD 0->0 score 6258->6258 | CovORelief:人員過剰の退避: covO 0->0 / total 322->322 HARD 0->0 採用0回,nice19=0
120,golden,6,-1586841004,4,on,77553,10000,true,4488,13,16,1,2082,1229,1145,2,false,0,6182.0,false,false,0,0,6182.0,318,-1145468960,4488,期間要件(c1)共同LNS: c1 88->88 (構造下限≥0; 改善可能幅進捗0%; 50%目標=未達) / total 320->320 HARD 0->0 採用0束 手数0 restart4 展開354 候補143071 debt除外76818(必須11863 合計57622 c1 7333 必須の主因 covU:11863) 重複除外15318 停止=探索停滞 [頭打ち=正式目的を改善するC1減少束なし],ComponentRepair:違反連結成分修復: 候補216件(手B×119 C3mnAlt×2 tryRelocate×87 FairChain×8)+起点生成0件 起点63件(探索24件・最大31候補) 推定5965回(ピン枝刈り4245・相方なし除外133) 正式評価0回 採用0件 / total 319->319 HARD 0->0 score 6206->6206 | PersonalJointLNS:個人回数/apt共同LNS: personal 7->7 / low 4->4 high 3->3 apt 0->0 / total 320->318 HARD 0->0 採用1束 手数2 restart3 展開149 候補17808 debt除外2011 重複除外1104 停止=探索停滞 対象: 桒澤美幸 3->3(下限0); 福澤俊陽 1->1(下限0); 金沢勇輝 1->1(下限0); モニカ 1->1(下限0); アリフ 1->1(下限0) 経路: 個人1改善:自己日交換+個人1改善:自己日交換 | PersonalJointLNS:個人回数/apt共同LNS: personal 7->7 / low 4->4 high 3->3 apt 0->0 / total 318->318 HARD 0->0 採用0束 手数0 restart3 展開147 候補17552 debt除外2356 重複除外1071 停止=探索停滞 対象: 桒澤美幸 3->3(下限0); 福澤俊陽 1->1(下限0); 金沢勇輝 1->1(下限0); モニカ 1->1(下限0); アリフ 1->1(下限0) [頭打ち=正式目的を改善する個人違反減少束なし] | ComponentRepair:違反連結成分修復: 候補0件()+起点生成426件 起点58件(探索24件・最大40候補) 推定3979回(ピン枝刈り542・相方なし除外177) 正式評価0回 採用0件 / total 318->318 HARD 0->0 score 6182->6182 | CovORelief:人員過剰の退避: covO 0->0 / total 318->318 HARD 0->0 採用0回,nice19=0
120,golden,5,-1132016895,1,on,77586,10000,true,4312,12,14,1,2303,976,1006,0,false,0,6026.0,false,false,0,0,6026.0,320,-659721221,4313,期間要件(c1)共同LNS: c1 76->76 (構造下限≥0; 改善可能幅進捗0%; 50%目標=未達) / total 323->323 HARD 0->0 採用0束 手数0 restart4 展開349 候補143221 debt除外75789(必須5099 合計57714 c1 12976 必須の主因 covU:5099) 重複除外13923 停止=探索停滞 [頭打ち=正式目的を改善するC1減少束なし],ComponentRepair:違反連結成分修復: 候補210件(手B×106 C3mnAlt×8 tryRelocate×79 FairChain×17)+起点生成0件 起点57件(探索24件・最大35候補) 推定4696回(ピン枝刈り2946・相方なし除外108) 正式評価0回 採用0件 / total 323->323 HARD 0->0 score 6045->6045 | PersonalJointLNS:個人回数/apt共同LNS: personal 8->8 / low 6->6 high 3->3 apt 0->0 / total 323->320 HARD 0->0 採用1束 手数4 restart3 展開147 候補19357 debt除外2149 重複除外818 停止=探索停滞 対象: 桒澤美幸 3->3(下限0); 古泉 健一 1->1(下限0); 福澤俊陽 1->1(下限0); 吉江雄貴 1->1(下限0); 金沢勇輝 1->1(下限0); モニカ 1->1(下限0) 経路: 個人1改善:自己日交換+個人1改善:自己日交換+個人1改善:自己日交換+個人1改善:自己日交換 | PersonalJointLNS:個人回数/apt共同LNS: personal 8->8 / low 6->6 high 3->3 apt 0->0 / total 320->320 HARD 0->0 採用0束 手数0 restart3 展開146 候補19206 debt除外2941 重複除外903 停止=探索停滞 対象: 桒澤美幸 3->3(下限0); 古泉 健一 1->1(下限0); 福澤俊陽 1->1(下限0); 吉江雄貴 1->1(下限0); 金沢勇輝 1->1(下限0); モニカ 1->1(下限0) [頭打ち=正式目的を改善する個人違反減少束なし] | ComponentRepair:違反連結成分修復: 候補0件()+起点生成377件 起点56件(探索24件・最大40候補) 推定5767回(ピン枝刈り228・相方なし除外127) 正式評価0回 採用0件 / total 320->320 HARD 0->0 score 6026->6026 | CovORelief:人員過剰の退避: covO 2->2 / total 320->320 HARD 0->0 採用0回 不採用4件(主因 c1:10) 残存: Dﾃ@9(重み悪化); Dﾃ@28(重み悪化),nice19=0
120,golden,5,-1132016895,1,off,77586,10000,true,4102,10,11,2,1492,1502,1085,0,false,0,6026.0,false,false,0,0,6026.0,320,-659721221,4103,期間要件(c1)共同LNS: c1 76->76 (構造下限≥0; 改善可能幅進捗0%; 50%目標=未達) / total 323->323 HARD 0->0 採用0束 手数0 restart2 展開99 候補41478 debt除外25220(必須1413 合計18450 c1 5357 必須の主因 covU:1413) 重複除外3601 停止=期限 [頭打ち=正式目的を改善するC1減少束なし],ComponentRepair:違反連結成分修復: 候補210件(手B×106 C3mnAlt×8 tryRelocate×79 FairChain×17)+起点生成0件 起点57件(探索24件・最大34候補) 推定3821回(ピン枝刈り2402・相方なし除外118) 正式評価0回 採用0件 / total 323->323 HARD 0->0 score 6045->6045 | PersonalJointLNS:個人回数/apt共同LNS: personal 8->8 / low 6->6 high 3->3 apt 0->0 / total 323->320 HARD 0->0 採用1束 手数4 restart3 展開147 候補19357 debt除外2149 重複除外818 停止=探索停滞 対象: 桒澤美幸 3->3(下限0); 古泉 健一 1->1(下限0); 福澤俊陽 1->1(下限0); 吉江雄貴 1->1(下限0); 金沢勇輝 1->1(下限0); モニカ 1->1(下限0) 経路: 個人1改善:自己日交換+個人1改善:自己日交換+個人1改善:自己日交換+個人1改善:自己日交換 | PersonalJointLNS:個人回数/apt共同LNS: personal 8->8 / low 6->6 high 3->3 apt 0->0 / total 320->320 HARD 0->0 採用0束 手数0 restart3 展開146 候補19206 debt除外2941 重複除外903 停止=探索停滞 対象: 桒澤美幸 3->3(下限0); 古泉 健一 1->1(下限0); 福澤俊陽 1->1(下限0); 吉江雄貴 1->1(下限0); 金沢勇輝 1->1(下限0); モニカ 1->1(下限0) [頭打ち=正式目的を改善する個人違反減少束なし] | ComponentRepair:違反連結成分修復: 候補0件()+起点生成377件 起点56件(探索24件・最大40候補) 推定5767回(ピン枝刈り228・相方なし除外127) 正式評価0回 採用0件 / total 320->320 HARD 0->0 score 6026->6026 | CovORelief:人員過剰の退避: covO 2->2 / total 320->320 HARD 0->0 採用0回 不採用4件(主因 c1:10) 残存: Dﾃ@9(重み悪化); Dﾃ@28(重み悪化),nice19=0
120,golden,5,-1132016895,2,off,77586,10000,true,4535,10,11,1,1887,1501,1125,0,false,0,6026.0,false,false,0,0,6026.0,320,-659721221,4535,期間要件(c1)共同LNS: c1 76->76 (構造下限≥0; 改善可能幅進捗0%; 50%目標=未達) / total 323->323 HARD 0->0 採用0束 手数0 restart2 展開111 候補46589 debt除外27813(必須1562 合計20282 c1 5969 必須の主因 covU:1562) 重複除外4122 停止=期限 [頭打ち=正式目的を改善するC1減少束なし],ComponentRepair:違反連結成分修復: 候補213件(手B×106 C3mnAlt×8 tryRelocate×82 FairChain×17)+起点生成0件 起点56件(探索24件・最大35候補) 推定3885回(ピン枝刈り2269・相方なし除外115) 正式評価0回 採用0件 / total 323->323 HARD 0->0 score 6045->6045 | PersonalJointLNS:個人回数/apt共同LNS: personal 8->8 / low 6->6 high 3->3 apt 0->0 / total 323->320 HARD 0->0 採用1束 手数4 restart3 展開147 候補19357 debt除外2149 重複除外818 停止=探索停滞 対象: 桒澤美幸 3->3(下限0); 古泉 健一 1->1(下限0); 福澤俊陽 1->1(下限0); 吉江雄貴 1->1(下限0); 金沢勇輝 1->1(下限0); モニカ 1->1(下限0) 経路: 個人1改善:自己日交換+個人1改善:自己日交換+個人1改善:自己日交換+個人1改善:自己日交換 | PersonalJointLNS:個人回数/apt共同LNS: personal 8->8 / low 6->6 high 3->3 apt 0->0 / total 320->320 HARD 0->0 採用0束 手数0 restart3 展開146 候補19206 debt除外2941 重複除外903 停止=探索停滞 対象: 桒澤美幸 3->3(下限0); 古泉 健一 1->1(下限0); 福澤俊陽 1->1(下限0); 吉江雄貴 1->1(下限0); 金沢勇輝 1->1(下限0); モニカ 1->1(下限0) [頭打ち=正式目的を改善する個人違反減少束なし] | ComponentRepair:違反連結成分修復: 候補0件()+起点生成377件 起点56件(探索24件・最大40候補) 推定5767回(ピン枝刈り228・相方なし除外127) 正式評価0回 採用0件 / total 320->320 HARD 0->0 score 6026->6026 | CovORelief:人員過剰の退避: covO 2->2 / total 320->320 HARD 0->0 採用0回 不採用4件(主因 c1:10) 残存: Dﾃ@9(重み悪化); Dﾃ@28(重み悪化),nice19=0
120,golden,5,-1132016895,2,on,77586,10000,true,4451,10,11,1,2061,1279,1089,0,false,0,6026.0,false,false,0,0,6026.0,320,-659721221,4451,期間要件(c1)共同LNS: c1 76->76 (構造下限≥0; 改善可能幅進捗0%; 50%目標=未達) / total 323->323 HARD 0->0 採用0束 手数0 restart4 展開349 候補143221 debt除外75789(必須5099 合計57714 c1 12976 必須の主因 covU:5099) 重複除外13923 停止=探索停滞 [頭打ち=正式目的を改善するC1減少束なし],ComponentRepair:違反連結成分修復: 候補215件(手B×106 C3mnAlt×8 tryRelocate×84 FairChain×17)+起点生成0件 起点58件(探索24件・最大34候補) 推定4280回(ピン枝刈り2715・相方なし除外117) 正式評価0回 採用0件 / total 323->323 HARD 0->0 score 6045->6045 | PersonalJointLNS:個人回数/apt共同LNS: personal 8->8 / low 6->6 high 3->3 apt 0->0 / total 323->320 HARD 0->0 採用1束 手数4 restart3 展開147 候補19357 debt除外2149 重複除外818 停止=探索停滞 対象: 桒澤美幸 3->3(下限0); 古泉 健一 1->1(下限0); 福澤俊陽 1->1(下限0); 吉江雄貴 1->1(下限0); 金沢勇輝 1->1(下限0); モニカ 1->1(下限0) 経路: 個人1改善:自己日交換+個人1改善:自己日交換+個人1改善:自己日交換+個人1改善:自己日交換 | PersonalJointLNS:個人回数/apt共同LNS: personal 8->8 / low 6->6 high 3->3 apt 0->0 / total 320->320 HARD 0->0 採用0束 手数0 restart3 展開146 候補19206 debt除外2941 重複除外903 停止=探索停滞 対象: 桒澤美幸 3->3(下限0); 古泉 健一 1->1(下限0); 福澤俊陽 1->1(下限0); 吉江雄貴 1->1(下限0); 金沢勇輝 1->1(下限0); モニカ 1->1(下限0) [頭打ち=正式目的を改善する個人違反減少束なし] | ComponentRepair:違反連結成分修復: 候補0件()+起点生成377件 起点56件(探索24件・最大40候補) 推定5767回(ピン枝刈り228・相方なし除外127) 正式評価0回 採用0件 / total 320->320 HARD 0->0 score 6026->6026 | CovORelief:人員過剰の退避: covO 2->2 / total 320->320 HARD 0->0 採用0回 不採用4件(主因 c1:10) 残存: Dﾃ@9(重み悪化); Dﾃ@28(重み悪化),nice19=0
120,golden,5,-1132016895,3,off,77586,10000,true,5151,12,18,1,2324,1504,1292,0,false,0,6026.0,false,false,0,0,6026.0,320,-659721221,5151,期間要件(c1)共同LNS: c1 76->76 (構造下限≥0; 改善可能幅進捗0%; 50%目標=未達) / total 323->323 HARD 0->0 採用0束 手数0 restart2 展開133 候補55725 debt除外32425(必須1869 合計23700 c1 6856 必須の主因 covU:1869) 重複除外5061 停止=期限 [頭打ち=正式目的を改善するC1減少束なし],ComponentRepair:違反連結成分修復: 候補209件(手B×106 C3mnAlt×8 tryRelocate×78 FairChain×17)+起点生成0件 起点57件(探索24件・最大35候補) 推定3741回(ピン枝刈り2580・相方なし除外117) 正式評価0回 採用0件 / total 323->323 HARD 0->0 score 6045->6045 | PersonalJointLNS:個人回数/apt共同LNS: personal 8->8 / low 6->6 high 3->3 apt 0->0 / total 323->320 HARD 0->0 採用1束 手数4 restart3 展開147 候補19357 debt除外2149 重複除外818 停止=探索停滞 対象: 桒澤美幸 3->3(下限0); 古泉 健一 1->1(下限0); 福澤俊陽 1->1(下限0); 吉江雄貴 1->1(下限0); 金沢勇輝 1->1(下限0); モニカ 1->1(下限0) 経路: 個人1改善:自己日交換+個人1改善:自己日交換+個人1改善:自己日交換+個人1改善:自己日交換 | PersonalJointLNS:個人回数/apt共同LNS: personal 8->8 / low 6->6 high 3->3 apt 0->0 / total 320->320 HARD 0->0 採用0束 手数0 restart3 展開146 候補19206 debt除外2941 重複除外903 停止=探索停滞 対象: 桒澤美幸 3->3(下限0); 古泉 健一 1->1(下限0); 福澤俊陽 1->1(下限0); 吉江雄貴 1->1(下限0); 金沢勇輝 1->1(下限0); モニカ 1->1(下限0) [頭打ち=正式目的を改善する個人違反減少束なし] | ComponentRepair:違反連結成分修復: 候補0件()+起点生成377件 起点56件(探索24件・最大40候補) 推定5767回(ピン枝刈り228・相方なし除外127) 正式評価0回 採用0件 / total 320->320 HARD 0->0 score 6026->6026 | CovORelief:人員過剰の退避: covO 2->2 / total 320->320 HARD 0->0 採用0回 不採用4件(主因 c1:10) 残存: Dﾃ@9(重み悪化); Dﾃ@28(重み悪化),nice19=0
120,golden,5,-1132016895,3,on,77586,10000,true,5483,9,11,1,3312,1152,997,1,false,0,5796.0,false,false,0,0,5796.0,320,-117467519,5484,期間要件(c1)共同LNS: c1 77->77 (構造下限≥0; 改善可能幅進捗0%; 50%目標=未達) / total 323->323 HARD 0->0 採用0束 手数0 restart4 展開353 候補139487 debt除外84037(必須7384 合計67847 c1 8806 必須の主因 covU:7384) 重複除外11337 停止=探索停滞 [頭打ち=正式目的を改善するC1減少束なし],ComponentRepair:違反連結成分修復: 候補212件(手B×106 C3mnAlt×8 tryRelocate×81 FairChain×17)+起点生成0件 起点58件(探索24件・最大35候補) 推定4338回(ピン枝刈り2856・相方なし除外106) 正式評価0回 採用0件 / total 323->323 HARD 0->0 score 6045->6045 | PersonalJointLNS:個人回数/apt共同LNS: personal 8->8 / low 5->5 high 3->3 apt 0->0 / total 323->320 HARD 0->0 採用1束 手数4 restart3 展開149 候補16005 debt除外1852 重複除外873 停止=探索停滞 対象: 桒澤美幸 3->3(下限0); 古泉 健一 1->1(下限0); 福澤俊陽 1->1(下限0); 金沢勇輝 1->1(下限0); モニカ 1->1(下限0); アリフ 1->1(下限0) 経路: 個人1改善:自己日交換+個人1改善:自己日交換+個人1改善:自己日交換+個人1改善:自己日交換 | PersonalJointLNS:個人回数/apt共同LNS: personal 8->8 / low 5->5 high 3->3 apt 0->0 / total 320->320 HARD 0->0 採用0束 手数0 restart3 展開143 候補15639 debt除外2308 重複除外891 停止=探索停滞 対象: 桒澤美幸 3->3(下限0); 古泉 健一 1->1(下限0); 福澤俊陽 1->1(下限0); 金沢勇輝 1->1(下限0); モニカ 1->1(下限0); アリフ 1->1(下限0) [頭打ち=正式目的を改善する個人違反減少束なし] | ComponentRepair:違反連結成分修復: 候補0件()+起点生成413件 起点50件(探索24件・最大40候補) 推定5828回(ピン枝刈り345・相方なし除外151) 正式評価0回 採用0件 / total 320->320 HARD 0->0 score 5796->5796 | CovORelief:人員過剰の退避: covO 1->1 / total 320->320 HARD 0->0 採用0回 不採用2件(主因 c1:5) 残存: Dﾃ@9(重み悪化),nice19=0
120,golden,5,-1132016895,4,on,77586,10000,true,3318,14,15,1,1547,903,838,0,false,0,5985.0,false,false,0,0,5985.0,322,-661627843,3320,期間要件(c1)共同LNS: c1 79->79 (構造下限≥0; 改善可能幅進捗0%; 50%目標=未達) / total 325->325 HARD 0->0 採用0束 手数0 restart4 展開352 候補141145 debt除外74713(必須7056 合計58192 c1 9465 必須の主因 covU:7056) 重複除外13035 停止=探索停滞 [頭打ち=正式目的を改善するC1減少束なし],ComponentRepair:違反連結成分修復: 候補204件(手B×106 C3mnAlt×5 tryRelocate×76 FairChain×17)+起点生成0件 起点58件(探索24件・最大34候補) 推定4489回(ピン枝刈り3057・相方なし除外113) 正式評価0回 採用0件 / total 325->325 HARD 0->0 score 6004->6004 | PersonalJointLNS:個人回数/apt共同LNS: personal 8->8 / low 5->5 high 3->3 apt 0->0 / total 325->322 HARD 0->0 採用1束 手数4 restart3 展開145 候補15271 debt除外1716 重複除外777 停止=探索停滞 対象: 桒澤美幸 3->3(下限0); 古泉 健一 1->1(下限0); 福澤俊陽 1->1(下限0); 金沢勇輝 1->1(下限0); モニカ 1->1(下限0); アリフ 1->1(下限0) 経路: 個人1改善:自己日交換+個人1改善:自己日交換+個人1改善:自己日交換+個人1改善:自己日交換 | PersonalJointLNS:個人回数/apt共同LNS: personal 8->8 / low 5->5 high 3->3 apt 0->0 / total 322->322 HARD 0->0 採用0束 手数0 restart3 展開143 候補15416 debt除外2327 重複除外888 停止=探索停滞 対象: 桒澤美幸 3->3(下限0); 古泉 健一 1->1(下限0); 福澤俊陽 1->1(下限0); 金沢勇輝 1->1(下限0); モニカ 1->1(下限0); アリフ 1->1(下限0) [頭打ち=正式目的を改善する個人違反減少束なし] | ComponentRepair:違反連結成分修復: 候補0件()+起点生成375件 起点49件(探索24件・最大40候補) 推定5588回(ピン枝刈り224・相方なし除外135) 正式評価0回 採用0件 / total 322->322 HARD 0->0 score 5985->5985 | CovORelief:人員過剰の退避: covO 1->1 / total 322->322 HARD 0->0 採用0回 不採用2件(主因 c1:5) 残存: Dﾃ@9(重み悪化),nice19=0
120,golden,5,-1132016895,4,off,77586,10000,true,4831,21,21,2,1846,1503,1438,0,false,0,6026.0,false,false,0,0,6026.0,320,-659721221,4831,期間要件(c1)共同LNS: c1 76->76 (構造下限≥0; 改善可能幅進捗0%; 50%目標=未達) / total 323->323 HARD 0->0 採用0束 手数0 restart2 展開147 候補61801 debt除外36188(必須2118 合計26785 c1 7285 必須の主因 covU:2118) 重複除外5524 停止=期限 [頭打ち=正式目的を改善するC1減少束なし],ComponentRepair:違反連結成分修復: 候補209件(手B×106 C3mnAlt×8 tryRelocate×78 FairChain×17)+起点生成0件 起点58件(探索24件・最大36候補) 推定5030回(ピン枝刈り3372・相方なし除外109) 正式評価0回 採用0件 / total 323->323 HARD 0->0 score 6045->6045 | PersonalJointLNS:個人回数/apt共同LNS: personal 8->8 / low 6->6 high 3->3 apt 0->0 / total 323->320 HARD 0->0 採用1束 手数4 restart3 展開147 候補19357 debt除外2149 重複除外818 停止=探索停滞 対象: 桒澤美幸 3->3(下限0); 古泉 健一 1->1(下限0); 福澤俊陽 1->1(下限0); 吉江雄貴 1->1(下限0); 金沢勇輝 1->1(下限0); モニカ 1->1(下限0) 経路: 個人1改善:自己日交換+個人1改善:自己日交換+個人1改善:自己日交換+個人1改善:自己日交換 | PersonalJointLNS:個人回数/apt共同LNS: personal 8->8 / low 6->6 high 3->3 apt 0->0 / total 320->320 HARD 0->0 採用0束 手数0 restart3 展開146 候補19206 debt除外2941 重複除外903 停止=探索停滞 対象: 桒澤美幸 3->3(下限0); 古泉 健一 1->1(下限0); 福澤俊陽 1->1(下限0); 吉江雄貴 1->1(下限0); 金沢勇輝 1->1(下限0); モニカ 1->1(下限0) [頭打ち=正式目的を改善する個人違反減少束なし] | ComponentRepair:違反連結成分修復: 候補0件()+起点生成377件 起点56件(探索24件・最大40候補) 推定5767回(ピン枝刈り228・相方なし除外127) 正式評価0回 採用0件 / total 320->320 HARD 0->0 score 6026->6026 | CovORelief:人員過剰の退避: covO 2->2 / total 320->320 HARD 0->0 採用0回 不採用4件(主因 c1:10) 残存: Dﾃ@9(重み悪化); Dﾃ@28(重み悪化),nice19=0
