60,golden,1,762099883,0,on,29603,8000,true,6157,71,15,2,3092,1414,1562,1,false,0,6430.0,false,false,0,0,6430.0,322,28511672,6158,期間要件(c1)共同LNS: c1 81->81 (構造下限≥0; 改善可能幅進捗0%; 50%目標=未達) / total 328->328 HARD 0->0 採用0束 手数0 restart4 展開344 候補135485 debt除外67681(必須8677 合計46712 c1 12292 必須の主因 covU:8677) 重複除外14828 停止=探索停滞 [頭打ち=正式目的を改善するC1減少束なし],ComponentRepair:違反連結成分修復: 候補347件(手R3×4 手B×150 C3mnAlt×8 tryRelocate×162 FairChain×23)+起点生成0件 起点75件(探索24件・最大36候補) 推定6000回(ピン枝刈り4956・相方なし除外145) 正式評価0回 採用0件 / total 330->330 HARD 0->0 score 6485->6485 | PersonalJointLNS:個人回数/apt共同LNS: personal 13->13 / low 8->8 high 6->6 apt 0->0 / total 328->322 HARD 0->0 採用1束 手数4 restart3 展開140 候補16452 debt除外4017 重複除外499 停止=探索停滞 対象: 福澤俊陽 3->3(下限0); 桒澤美幸 3->3(下限0); 吉江雄貴 2->2(下限0); 金沢勇輝 2->2(下限0); アリフ 2->2(下限0); 山本昌幸 1->1(下限0) 経路: 個人1改善:自己日交換+個人1改善:自己日交換+個人1改善:自己日交換+個人1改善:自己日交換 | PersonalJointLNS:個人回数/apt共同LNS: personal 13->13 / low 8->8 high 6->6 apt 0->0 / total 322->322 HARD 0->0 採用0束 手数0 restart3 展開142 候補16288 debt除外2516 重複除外589 停止=探索停滞 対象: 福澤俊陽 3->3(下限0); 桒澤美幸 3->3(下限0); 吉江雄貴 2->2(下限0); 金沢勇輝 2->2(下限0); アリフ 2->2(下限0); 山本昌幸 1->1(下限0) [頭打ち=正式目的を改善する個人違反減少束なし] | ComponentRepair:違反連結成分修復: 候補0件()+起点生成421件 起点68件(探索24件・最大40候補) 推定5021回(ピン枝刈り577・相方なし除外120) 正式評価0回 採用0件 / total 322->322 HARD 0->0 score 6430->6430 | CovORelief:人員過剰の退避: covO 2->2 / total 322->322 HARD 0->0 採用0回 不採用4件(主因 c1:10 low:1) 残存: Dﾃ@11(重み悪化); Dﾃ@12(重み悪化)
60,golden,1,762099883,0,off,29603,8000,true,5652,59,15,2,2982,1515,1079,0,false,0,6430.0,false,false,0,0,6430.0,322,28511672,5653,期間要件(c1)共同LNS: c1 81->81 (構造下限≥0; 改善可能幅進捗0%; 50%目標=未達) / total 328->328 HARD 0->0 採用0束 手数0 restart2 展開87 候補33116 debt除外14849(必須2177 合計9963 c1 2709 必須の主因 covU:2177) 重複除外4022 停止=期限 [頭打ち=正式目的を改善するC1減少束なし],ComponentRepair:違反連結成分修復: 候補343件(手R3×4 手B×148 C3mnAlt×8 tryRelocate×160 FairChain×23)+起点生成0件 起点73件(探索23件・最大35候補) 推定6000回(ピン枝刈り4791・相方なし除外136) 正式評価0回 採用0件 / total 330->330 HARD 0->0 score 6485->6485 | PersonalJointLNS:個人回数/apt共同LNS: personal 13->13 / low 8->8 high 6->6 apt 0->0 / total 328->322 HARD 0->0 採用1束 手数4 restart3 展開140 候補16452 debt除外4017 重複除外499 停止=探索停滞 対象: 福澤俊陽 3->3(下限0); 桒澤美幸 3->3(下限0); 吉江雄貴 2->2(下限0); 金沢勇輝 2->2(下限0); アリフ 2->2(下限0); 山本昌幸 1->1(下限0) 経路: 個人1改善:自己日交換+個人1改善:自己日交換+個人1改善:自己日交換+個人1改善:自己日交換 | PersonalJointLNS:個人回数/apt共同LNS: personal 13->13 / low 8->8 high 6->6 apt 0->0 / total 322->322 HARD 0->0 採用0束 手数0 restart3 展開142 候補16288 debt除外2516 重複除外589 停止=探索停滞 対象: 福澤俊陽 3->3(下限0); 桒澤美幸 3->3(下限0); 吉江雄貴 2->2(下限0); 金沢勇輝 2->2(下限0); アリフ 2->2(下限0); 山本昌幸 1->1(下限0) [頭打ち=正式目的を改善する個人違反減少束なし] | ComponentRepair:違反連結成分修復: 候補0件()+起点生成421件 起点68件(探索24件・最大40候補) 推定5021回(ピン枝刈り577・相方なし除外120) 正式評価0回 採用0件 / total 322->322 HARD 0->0 score 6430->6430 | CovORelief:人員過剰の退避: covO 2->2 / total 322->322 HARD 0->0 採用0回 不採用4件(主因 c1:10 low:1) 残存: Dﾃ@11(重み悪化); Dﾃ@12(重み悪化)
60,golden,1,762099883,1,on,29603,8000,true,5548,13,14,2,2841,1226,1452,0,false,0,6398.0,false,false,0,0,6398.0,319,1487410669,5548,期間要件(c1)共同LNS: c1 81->81 (構造下限≥0; 改善可能幅進捗0%; 50%目標=未達) / total 325->325 HARD 0->0 採用0束 手数0 restart4 展開335 候補132213 debt除外64919(必須5634 合計50746 c1 8539 必須の主因 covU:5634) 重複除外15058 停止=探索停滞 [頭打ち=正式目的を改善するC1減少束なし],ComponentRepair:違反連結成分修復: 候補320件(手R3×4 手B×144 C3mnAlt×8 tryRelocate×141 FairChain×23)+起点生成0件 起点73件(探索24件・最大36候補) 推定5412回(ピン枝刈り4167・相方なし除外145) 正式評価0回 採用0件 / total 327->327 HARD 0->0 score 6453->6453 | PersonalJointLNS:個人回数/apt共同LNS: personal 11->11 / low 8->8 high 5->5 apt 0->0 / total 325->319 HARD 0->0 採用1束 手数4 restart3 展開141 候補15782 debt除外706 重複除外603 停止=探索停滞 対象: 桒澤美幸 3->3(下限0); 吉江雄貴 2->2(下限0); 金沢勇輝 2->2(下限0); アリフ 2->2(下限0); 古泉 健一 1->1(下限0); 山本昌幸 1->1(下限0) 経路: 個人1改善:自己日交換+個人1改善:自己日交換+個人1改善:自己日交換+個人1改善:自己日交換 | PersonalJointLNS:個人回数/apt共同LNS: personal 11->11 / low 8->8 high 5->5 apt 0->0 / total 319->319 HARD 0->0 採用0束 手数0 restart3 展開139 候補15641 debt除外1382 重複除外529 停止=探索停滞 対象: 桒澤美幸 3->3(下限0); 吉江雄貴 2->2(下限0); 金沢勇輝 2->2(下限0); アリフ 2->2(下限0); 古泉 健一 1->1(下限0); 山本昌幸 1->1(下限0) [頭打ち=正式目的を改善する個人違反減少束なし] | ComponentRepair:違反連結成分修復: 候補0件()+起点生成412件 起点67件(探索24件・最大40候補) 推定4854回(ピン枝刈り911・相方なし除外131) 正式評価0回 採用0件 / total 319->319 HARD 0->0 score 6398->6398 | CovORelief:人員過剰の退避: covO 3->3 / total 319->319 HARD 0->0 採用0回 不採用6件(主因 c1:13 low:3) 残存: Dﾃ@11(重み悪化); Dﾃ@12(重み悪化); Dﾃ@27(重み悪化)
60,golden,1,762099883,1,off,29603,8000,true,6039,19,22,3,2906,1619,1469,1,false,0,6430.0,false,false,0,0,6430.0,322,28511672,6040,期間要件(c1)共同LNS: c1 81->81 (構造下限≥0; 改善可能幅進捗0%; 50%目標=未達) / total 328->328 HARD 0->0 採用0束 手数0 restart1 展開81 候補30700 debt除外13904(必須2002 合計9336 c1 2566 必須の主因 covU:2002) 重複除外3715 停止=期限 [頭打ち=正式目的を改善するC1減少束なし],ComponentRepair:違反連結成分修復: 候補341件(手R3×4 手B×149 C3mnAlt×8 tryRelocate×157 FairChain×23)+起点生成0件 起点75件(探索23件・最大37候補) 推定6000回(ピン枝刈り5020・相方なし除外139) 正式評価0回 採用0件 / total 330->330 HARD 0->0 score 6485->6485 | PersonalJointLNS:個人回数/apt共同LNS: personal 13->13 / low 8->8 high 6->6 apt 0->0 / total 328->322 HARD 0->0 採用1束 手数4 restart3 展開140 候補16452 debt除外4017 重複除外499 停止=探索停滞 対象: 福澤俊陽 3->3(下限0); 桒澤美幸 3->3(下限0); 吉江雄貴 2->2(下限0); 金沢勇輝 2->2(下限0); アリフ 2->2(下限0); 山本昌幸 1->1(下限0) 経路: 個人1改善:自己日交換+個人1改善:自己日交換+個人1改善:自己日交換+個人1改善:自己日交換 | PersonalJointLNS:個人回数/apt共同LNS: personal 13->13 / low 8->8 high 6->6 apt 0->0 / total 322->322 HARD 0->0 採用0束 手数0 restart3 展開142 候補16288 debt除外2516 重複除外589 停止=探索停滞 対象: 福澤俊陽 3->3(下限0); 桒澤美幸 3->3(下限0); 吉江雄貴 2->2(下限0); 金沢勇輝 2->2(下限0); アリフ 2->2(下限0); 山本昌幸 1->1(下限0) [頭打ち=正式目的を改善する個人違反減少束なし] | ComponentRepair:違反連結成分修復: 候補0件()+起点生成421件 起点68件(探索24件・最大40候補) 推定5021回(ピン枝刈り577・相方なし除外120) 正式評価0回 採用0件 / total 322->322 HARD 0->0 score 6430->6430 | CovORelief:人員過剰の退避: covO 2->2 / total 322->322 HARD 0->0 採用0回 不採用4件(主因 c1:10 low:1) 残存: Dﾃ@11(重み悪化); Dﾃ@12(重み悪化)
60,golden,1,762099883,2,off,29603,8000,true,8659,13,14,2,5692,1501,1436,1,false,0,6430.0,false,false,0,0,6430.0,322,28511672,8659,期間要件(c1)共同LNS: c1 81->81 (構造下限≥0; 改善可能幅進捗0%; 50%目標=未達) / total 328->328 HARD 0->0 採用0束 手数0 restart2 展開90 候補34420 debt除外15422(必須2279 合計10227 c1 2916 必須の主因 covU:2279) 重複除外4178 停止=期限 [頭打ち=正式目的を改善するC1減少束なし],ComponentRepair:違反連結成分修復: 候補349件(手R3×4 手B×148 C3mnAlt×8 tryRelocate×165 FairChain×24)+起点生成0件 起点75件(探索24件・最大36候補) 推定5661回(ピン枝刈り4564・相方なし除外134) 正式評価0回 採用0件 / total 330->330 HARD 0->0 score 6485->6485 | PersonalJointLNS:個人回数/apt共同LNS: personal 13->13 / low 8->8 high 6->6 apt 0->0 / total 328->322 HARD 0->0 採用1束 手数4 restart3 展開140 候補16452 debt除外4017 重複除外499 停止=探索停滞 対象: 福澤俊陽 3->3(下限0); 桒澤美幸 3->3(下限0); 吉江雄貴 2->2(下限0); 金沢勇輝 2->2(下限0); アリフ 2->2(下限0); 山本昌幸 1->1(下限0) 経路: 個人1改善:自己日交換+個人1改善:自己日交換+個人1改善:自己日交換+個人1改善:自己日交換 | PersonalJointLNS:個人回数/apt共同LNS: personal 13->13 / low 8->8 high 6->6 apt 0->0 / total 322->322 HARD 0->0 採用0束 手数0 restart3 展開142 候補16288 debt除外2516 重複除外589 停止=探索停滞 対象: 福澤俊陽 3->3(下限0); 桒澤美幸 3->3(下限0); 吉江雄貴 2->2(下限0); 金沢勇輝 2->2(下限0); アリフ 2->2(下限0); 山本昌幸 1->1(下限0) [頭打ち=正式目的を改善する個人違反減少束なし] | ComponentRepair:違反連結成分修復: 候補0件()+起点生成421件 起点68件(探索24件・最大40候補) 推定5021回(ピン枝刈り577・相方なし除外120) 正式評価0回 採用0件 / total 322->322 HARD 0->0 score 6430->6430 | CovORelief:人員過剰の退避: covO 2->2 / total 322->322 HARD 0->0 採用0回 不採用4件(主因 c1:10 low:1) 残存: Dﾃ@11(重み悪化); Dﾃ@12(重み悪化)
60,golden,1,762099883,2,on,29603,8000,true,5009,17,17,5,2784,1017,1169,0,false,0,6430.0,false,false,0,0,6430.0,322,28511672,5011,期間要件(c1)共同LNS: c1 81->81 (構造下限≥0; 改善可能幅進捗0%; 50%目標=未達) / total 328->328 HARD 0->0 採用0束 手数0 restart4 展開344 候補135485 debt除外67681(必須8677 合計46712 c1 12292 必須の主因 covU:8677) 重複除外14828 停止=探索停滞 [頭打ち=正式目的を改善するC1減少束なし],ComponentRepair:違反連結成分修復: 候補346件(手R3×4 手B×150 C3mnAlt×8 tryRelocate×161 FairChain×23)+起点生成0件 起点75件(探索24件・最大36候補) 推定6000回(ピン枝刈り4924・相方なし除外141) 正式評価0回 採用0件 / total 330->330 HARD 0->0 score 6485->6485 | PersonalJointLNS:個人回数/apt共同LNS: personal 13->13 / low 8->8 high 6->6 apt 0->0 / total 328->322 HARD 0->0 採用1束 手数4 restart3 展開140 候補16452 debt除外4017 重複除外499 停止=探索停滞 対象: 福澤俊陽 3->3(下限0); 桒澤美幸 3->3(下限0); 吉江雄貴 2->2(下限0); 金沢勇輝 2->2(下限0); アリフ 2->2(下限0); 山本昌幸 1->1(下限0) 経路: 個人1改善:自己日交換+個人1改善:自己日交換+個人1改善:自己日交換+個人1改善:自己日交換 | PersonalJointLNS:個人回数/apt共同LNS: personal 13->13 / low 8->8 high 6->6 apt 0->0 / total 322->322 HARD 0->0 採用0束 手数0 restart3 展開142 候補16288 debt除外2516 重複除外589 停止=探索停滞 対象: 福澤俊陽 3->3(下限0); 桒澤美幸 3->3(下限0); 吉江雄貴 2->2(下限0); 金沢勇輝 2->2(下限0); アリフ 2->2(下限0); 山本昌幸 1->1(下限0) [頭打ち=正式目的を改善する個人違反減少束なし] | ComponentRepair:違反連結成分修復: 候補0件()+起点生成421件 起点68件(探索24件・最大40候補) 推定5021回(ピン枝刈り577・相方なし除外120) 正式評価0回 採用0件 / total 322->322 HARD 0->0 score 6430->6430 | CovORelief:人員過剰の退避: covO 2->2 / total 322->322 HARD 0->0 採用0回 不採用4件(主因 c1:10 low:1) 残存: Dﾃ@11(重み悪化); Dﾃ@12(重み悪化)
60,golden,1,762099883,3,off,29603,8000,true,5823,10,12,1,3163,1515,1122,0,false,0,6430.0,false,false,0,0,6430.0,322,28511672,5824,期間要件(c1)共同LNS: c1 81->81 (構造下限≥0; 改善可能幅進捗0%; 50%目標=未達) / total 328->328 HARD 0->0 採用0束 手数0 restart2 展開93 候補35629 debt除外15941(必須2315 合計10524 c1 3102 必須の主因 covU:2315) 重複除外4326 停止=期限 [頭打ち=正式目的を改善するC1減少束なし],ComponentRepair:違反連結成分修復: 候補346件(手R3×4 手B×148 C3mnAlt×8 tryRelocate×163 FairChain×23)+起点生成0件 起点75件(探索24件・最大36候補) 推定5909回(ピン枝刈り4653・相方なし除外168) 正式評価0回 採用0件 / total 330->330 HARD 0->0 score 6485->6485 | PersonalJointLNS:個人回数/apt共同LNS: personal 13->13 / low 8->8 high 6->6 apt 0->0 / total 328->322 HARD 0->0 採用1束 手数4 restart3 展開140 候補16452 debt除外4017 重複除外499 停止=探索停滞 対象: 福澤俊陽 3->3(下限0); 桒澤美幸 3->3(下限0); 吉江雄貴 2->2(下限0); 金沢勇輝 2->2(下限0); アリフ 2->2(下限0); 山本昌幸 1->1(下限0) 経路: 個人1改善:自己日交換+個人1改善:自己日交換+個人1改善:自己日交換+個人1改善:自己日交換 | PersonalJointLNS:個人回数/apt共同LNS: personal 13->13 / low 8->8 high 6->6 apt 0->0 / total 322->322 HARD 0->0 採用0束 手数0 restart3 展開142 候補16288 debt除外2516 重複除外589 停止=探索停滞 対象: 福澤俊陽 3->3(下限0); 桒澤美幸 3->3(下限0); 吉江雄貴 2->2(下限0); 金沢勇輝 2->2(下限0); アリフ 2->2(下限0); 山本昌幸 1->1(下限0) [頭打ち=正式目的を改善する個人違反減少束なし] | ComponentRepair:違反連結成分修復: 候補0件()+起点生成421件 起点68件(探索24件・最大40候補) 推定5021回(ピン枝刈り577・相方なし除外120) 正式評価0回 採用0件 / total 322->322 HARD 0->0 score 6430->6430 | CovORelief:人員過剰の退避: covO 2->2 / total 322->322 HARD 0->0 採用0回 不採用4件(主因 c1:10 low:1) 残存: Dﾃ@11(重み悪化); Dﾃ@12(重み悪化)
60,golden,1,762099883,3,on,29603,8000,true,5007,13,11,1,2760,1048,1173,1,false,0,6430.0,false,false,0,0,6430.0,322,28511672,5007,期間要件(c1)共同LNS: c1 81->81 (構造下限≥0; 改善可能幅進捗0%; 50%目標=未達) / total 328->328 HARD 0->0 採用0束 手数0 restart4 展開344 候補135485 debt除外67681(必須8677 合計46712 c1 12292 必須の主因 covU:8677) 重複除外14828 停止=探索停滞 [頭打ち=正式目的を改善するC1減少束なし],ComponentRepair:違反連結成分修復: 候補346件(手R3×4 手B×151 C3mnAlt×8 tryRelocate×160 FairChain×23)+起点生成0件 起点75件(探索24件・最大38候補) 推定5895回(ピン枝刈り4726・相方なし除外144) 正式評価0回 採用0件 / total 330->330 HARD 0->0 score 6485->6485 | PersonalJointLNS:個人回数/apt共同LNS: personal 13->13 / low 8->8 high 6->6 apt 0->0 / total 328->322 HARD 0->0 採用1束 手数4 restart3 展開140 候補16452 debt除外4017 重複除外499 停止=探索停滞 対象: 福澤俊陽 3->3(下限0); 桒澤美幸 3->3(下限0); 吉江雄貴 2->2(下限0); 金沢勇輝 2->2(下限0); アリフ 2->2(下限0); 山本昌幸 1->1(下限0) 経路: 個人1改善:自己日交換+個人1改善:自己日交換+個人1改善:自己日交換+個人1改善:自己日交換 | PersonalJointLNS:個人回数/apt共同LNS: personal 13->13 / low 8->8 high 6->6 apt 0->0 / total 322->322 HARD 0->0 採用0束 手数0 restart3 展開142 候補16288 debt除外2516 重複除外589 停止=探索停滞 対象: 福澤俊陽 3->3(下限0); 桒澤美幸 3->3(下限0); 吉江雄貴 2->2(下限0); 金沢勇輝 2->2(下限0); アリフ 2->2(下限0); 山本昌幸 1->1(下限0) [頭打ち=正式目的を改善する個人違反減少束なし] | ComponentRepair:違反連結成分修復: 候補0件()+起点生成421件 起点68件(探索24件・最大40候補) 推定5021回(ピン枝刈り577・相方なし除外120) 正式評価0回 採用0件 / total 322->322 HARD 0->0 score 6430->6430 | CovORelief:人員過剰の退避: covO 2->2 / total 322->322 HARD 0->0 採用0回 不採用4件(主因 c1:10 low:1) 残存: Dﾃ@11(重み悪化); Dﾃ@12(重み悪化)
60,golden,1,762099883,4,on,29603,8000,true,4433,13,17,2,2444,1021,935,1,false,0,6430.0,false,false,0,0,6430.0,322,28511672,4433,期間要件(c1)共同LNS: c1 81->81 (構造下限≥0; 改善可能幅進捗0%; 50%目標=未達) / total 328->328 HARD 0->0 採用0束 手数0 restart4 展開344 候補135485 debt除外67681(必須8677 合計46712 c1 12292 必須の主因 covU:8677) 重複除外14828 停止=探索停滞 [頭打ち=正式目的を改善するC1減少束なし],ComponentRepair:違反連結成分修復: 候補355件(手R3×4 手B×157 C3mnAlt×8 tryRelocate×163 FairChain×23)+起点生成0件 起点75件(探索24件・最大36候補) 推定5764回(ピン枝刈り4639・相方なし除外174) 正式評価0回 採用0件 / total 330->330 HARD 0->0 score 6485->6485 | PersonalJointLNS:個人回数/apt共同LNS: personal 13->13 / low 8->8 high 6->6 apt 0->0 / total 328->322 HARD 0->0 採用1束 手数4 restart3 展開140 候補16452 debt除外4017 重複除外499 停止=探索停滞 対象: 福澤俊陽 3->3(下限0); 桒澤美幸 3->3(下限0); 吉江雄貴 2->2(下限0); 金沢勇輝 2->2(下限0); アリフ 2->2(下限0); 山本昌幸 1->1(下限0) 経路: 個人1改善:自己日交換+個人1改善:自己日交換+個人1改善:自己日交換+個人1改善:自己日交換 | PersonalJointLNS:個人回数/apt共同LNS: personal 13->13 / low 8->8 high 6->6 apt 0->0 / total 322->322 HARD 0->0 採用0束 手数0 restart3 展開142 候補16288 debt除外2516 重複除外589 停止=探索停滞 対象: 福澤俊陽 3->3(下限0); 桒澤美幸 3->3(下限0); 吉江雄貴 2->2(下限0); 金沢勇輝 2->2(下限0); アリフ 2->2(下限0); 山本昌幸 1->1(下限0) [頭打ち=正式目的を改善する個人違反減少束なし] | ComponentRepair:違反連結成分修復: 候補0件()+起点生成421件 起点68件(探索24件・最大40候補) 推定5021回(ピン枝刈り577・相方なし除外120) 正式評価0回 採用0件 / total 322->322 HARD 0->0 score 6430->6430 | CovORelief:人員過剰の退避: covO 2->2 / total 322->322 HARD 0->0 採用0回 不採用4件(主因 c1:10 low:1) 残存: Dﾃ@11(重み悪化); Dﾃ@12(重み悪化)
60,golden,1,762099883,4,off,29603,8000,true,5328,14,22,3,2726,1504,1059,0,false,0,6430.0,false,false,0,0,6430.0,322,28511672,5329,期間要件(c1)共同LNS: c1 81->81 (構造下限≥0; 改善可能幅進捗0%; 50%目標=未達) / total 328->328 HARD 0->0 採用0束 手数0 restart2 展開123 候補47664 debt除外22397(必須3019 合計15239 c1 4139 必須の主因 covU:3019) 重複除外5540 停止=期限 [頭打ち=正式目的を改善するC1減少束なし],ComponentRepair:違反連結成分修復: 候補348件(手R3×4 手B×151 C3mnAlt×8 tryRelocate×162 FairChain×23)+起点生成0件 起点75件(探索24件・最大35候補) 推定5860回(ピン枝刈り4830・相方なし除外137) 正式評価0回 採用0件 / total 330->330 HARD 0->0 score 6485->6485 | PersonalJointLNS:個人回数/apt共同LNS: personal 13->13 / low 8->8 high 6->6 apt 0->0 / total 328->322 HARD 0->0 採用1束 手数4 restart3 展開140 候補16452 debt除外4017 重複除外499 停止=探索停滞 対象: 福澤俊陽 3->3(下限0); 桒澤美幸 3->3(下限0); 吉江雄貴 2->2(下限0); 金沢勇輝 2->2(下限0); アリフ 2->2(下限0); 山本昌幸 1->1(下限0) 経路: 個人1改善:自己日交換+個人1改善:自己日交換+個人1改善:自己日交換+個人1改善:自己日交換 | PersonalJointLNS:個人回数/apt共同LNS: personal 13->13 / low 8->8 high 6->6 apt 0->0 / total 322->322 HARD 0->0 採用0束 手数0 restart3 展開142 候補16288 debt除外2516 重複除外589 停止=探索停滞 対象: 福澤俊陽 3->3(下限0); 桒澤美幸 3->3(下限0); 吉江雄貴 2->2(下限0); 金沢勇輝 2->2(下限0); アリフ 2->2(下限0); 山本昌幸 1->1(下限0) [頭打ち=正式目的を改善する個人違反減少束なし] | ComponentRepair:違反連結成分修復: 候補0件()+起点生成421件 起点68件(探索24件・最大40候補) 推定5021回(ピン枝刈り577・相方なし除外120) 正式評価0回 採用0件 / total 322->322 HARD 0->0 score 6430->6430 | CovORelief:人員過剰の退避: covO 2->2 / total 322->322 HARD 0->0 採用0回 不採用4件(主因 c1:10 low:1) 残存: Dﾃ@11(重み悪化); Dﾃ@12(重み悪化)
60,golden,2,-506154317,1,off,30830,8000,true,5070,13,16,4,2104,1695,1237,1,false,0,6456.0,false,false,0,0,6456.0,339,1323639893,5070,期間要件(c1)共同LNS: c1 80->80 (構造下限≥0; 改善可能幅進捗0%; 50%目標=未達) / total 343->343 HARD 0->0 採用0束 手数0 restart2 展開135 候補52317 debt除外28222(必須2101 合計22921 c1 3200 必須の主因 covU:2101) 重複除外4768 停止=期限 [頭打ち=正式目的を改善するC1減少束なし],ComponentRepair:違反連結成分修復: 候補253件(手B×103 C3mnAlt×15 tryRelocate×120 FairChain×15)+起点生成0件 起点72件(探索24件・最大36候補) 推定6000回(ピン枝刈り3829・相方なし除外98) 正式評価0回 採用0件 / total 343->343 HARD 0->0 score 6477->6477 | PersonalJointLNS:個人回数/apt共同LNS: personal 10->10 / low 6->6 high 5->5 apt 0->0 / total 343->339 HARD 0->0 採用1束 手数3 restart3 展開149 候補18698 debt除外2175 重複除外884 停止=探索停滞 対象: 桒澤美幸 3->3(下限0); 佐藤直美 2->2(下限0); モニカ 2->2(下限0); 古泉 健一 1->1(下限0); 吉江雄貴 1->1(下限0); 金沢勇輝 1->1(下限0) 経路: 個人1改善:自己日交換+個人1改善:自己日交換+個人1改善:自己日交換 | PersonalJointLNS:個人回数/apt共同LNS: personal 10->10 / low 6->6 high 5->5 apt 0->0 / total 339->339 HARD 0->0 採用0束 手数0 restart3 展開147 候補18454 debt除外2590 重複除外944 停止=探索停滞 対象: 桒澤美幸 3->3(下限0); 佐藤直美 2->2(下限0); モニカ 2->2(下限0); 古泉 健一 1->1(下限0); 吉江雄貴 1->1(下限0); 金沢勇輝 1->1(下限0) [頭打ち=正式目的を改善する個人違反減少束なし] | ComponentRepair:違反連結成分修復: 候補0件()+起点生成365件 起点65件(探索24件・最大40候補) 推定5310回(ピン枝刈り1037・相方なし除外96) 正式評価0回 採用0件 / total 339->339 HARD 0->0 score 6456->6456 | CovORelief:人員過剰の退避: covO 0->0 / total 339->339 HARD 0->0 採用0回
60,golden,2,-506154317,1,on,30830,8000,true,4232,13,15,2,1910,1031,1261,0,false,0,6456.0,false,false,0,0,6456.0,339,1323639893,4232,期間要件(c1)共同LNS: c1 80->80 (構造下限≥0; 改善可能幅進捗0%; 50%目標=未達) / total 343->343 HARD 0->0 採用0束 手数0 restart4 展開320 候補126251 debt除外73379(必須8816 合計56049 c1 8514 必須の主因 covU:8816) 重複除外10789 停止=探索停滞 [頭打ち=正式目的を改善するC1減少束なし],ComponentRepair:違反連結成分修復: 候補255件(手B×105 C3mnAlt×15 tryRelocate×121 FairChain×14)+起点生成0件 起点71件(探索24件・最大35候補) 推定5445回(ピン枝刈り3454・相方なし除外98) 正式評価0回 採用0件 / total 343->343 HARD 0->0 score 6477->6477 | PersonalJointLNS:個人回数/apt共同LNS: personal 10->10 / low 6->6 high 5->5 apt 0->0 / total 343->339 HARD 0->0 採用1束 手数3 restart3 展開149 候補18698 debt除外2175 重複除外884 停止=探索停滞 対象: 桒澤美幸 3->3(下限0); 佐藤直美 2->2(下限0); モニカ 2->2(下限0); 古泉 健一 1->1(下限0); 吉江雄貴 1->1(下限0); 金沢勇輝 1->1(下限0) 経路: 個人1改善:自己日交換+個人1改善:自己日交換+個人1改善:自己日交換 | PersonalJointLNS:個人回数/apt共同LNS: personal 10->10 / low 6->6 high 5->5 apt 0->0 / total 339->339 HARD 0->0 採用0束 手数0 restart3 展開147 候補18454 debt除外2590 重複除外944 停止=探索停滞 対象: 桒澤美幸 3->3(下限0); 佐藤直美 2->2(下限0); モニカ 2->2(下限0); 古泉 健一 1->1(下限0); 吉江雄貴 1->1(下限0); 金沢勇輝 1->1(下限0) [頭打ち=正式目的を改善する個人違反減少束なし] | ComponentRepair:違反連結成分修復: 候補0件()+起点生成365件 起点65件(探索24件・最大40候補) 推定5310回(ピン枝刈り1037・相方なし除外96) 正式評価0回 採用0件 / total 339->339 HARD 0->0 score 6456->6456 | CovORelief:人員過剰の退避: covO 0->0 / total 339->339 HARD 0->0 採用0回
60,golden,2,-506154317,2,on,30830,8000,true,4124,12,14,3,2252,858,985,0,false,0,6456.0,false,false,0,0,6456.0,339,1323639893,4125,期間要件(c1)共同LNS: c1 80->80 (構造下限≥0; 改善可能幅進捗0%; 50%目標=未達) / total 343->343 HARD 0->0 採用0束 手数0 restart4 展開320 候補126251 debt除外73379(必須8816 合計56049 c1 8514 必須の主因 covU:8816) 重複除外10789 停止=探索停滞 [頭打ち=正式目的を改善するC1減少束なし],ComponentRepair:違反連結成分修復: 候補254件(手B×105 C3mnAlt×15 tryRelocate×120 FairChain×14)+起点生成0件 起点72件(探索24件・最大36候補) 推定5612回(ピン枝刈り3818・相方なし除外88) 正式評価0回 採用0件 / total 343->343 HARD 0->0 score 6477->6477 | PersonalJointLNS:個人回数/apt共同LNS: personal 10->10 / low 6->6 high 5->5 apt 0->0 / total 343->339 HARD 0->0 採用1束 手数3 restart3 展開149 候補18698 debt除外2175 重複除外884 停止=探索停滞 対象: 桒澤美幸 3->3(下限0); 佐藤直美 2->2(下限0); モニカ 2->2(下限0); 古泉 健一 1->1(下限0); 吉江雄貴 1->1(下限0); 金沢勇輝 1->1(下限0) 経路: 個人1改善:自己日交換+個人1改善:自己日交換+個人1改善:自己日交換 | PersonalJointLNS:個人回数/apt共同LNS: personal 10->10 / low 6->6 high 5->5 apt 0->0 / total 339->339 HARD 0->0 採用0束 手数0 restart3 展開147 候補18454 debt除外2590 重複除外944 停止=探索停滞 対象: 桒澤美幸 3->3(下限0); 佐藤直美 2->2(下限0); モニカ 2->2(下限0); 古泉 健一 1->1(下限0); 吉江雄貴 1->1(下限0); 金沢勇輝 1->1(下限0) [頭打ち=正式目的を改善する個人違反減少束なし] | ComponentRepair:違反連結成分修復: 候補0件()+起点生成365件 起点65件(探索24件・最大40候補) 推定5310回(ピン枝刈り1037・相方なし除外96) 正式評価0回 採用0件 / total 339->339 HARD 0->0 score 6456->6456 | CovORelief:人員過剰の退避: covO 0->0 / total 339->339 HARD 0->0 採用0回
60,golden,2,-506154317,2,off,30830,8000,true,5564,9,12,1,1740,1520,2282,0,false,0,6456.0,false,false,0,0,6456.0,339,1323639893,5565,期間要件(c1)共同LNS: c1 80->80 (構造下限≥0; 改善可能幅進捗0%; 50%目標=未達) / total 343->343 HARD 0->0 採用0束 手数0 restart2 展開138 候補53676 debt除外28883(必須2188 合計23471 c1 3224 必須の主因 covU:2188) 重複除外4883 停止=期限 [頭打ち=正式目的を改善するC1減少束なし],ComponentRepair:違反連結成分修復: 候補256件(手B×104 C3mnAlt×15 tryRelocate×122 FairChain×15)+起点生成0件 起点72件(探索21件・最大37候補) 推定6022回(ピン枝刈り4224・相方なし除外88) 正式評価0回 採用0件 / total 343->343 HARD 0->0 score 6477->6477 | PersonalJointLNS:個人回数/apt共同LNS: personal 10->10 / low 6->6 high 5->5 apt 0->0 / total 343->339 HARD 0->0 採用1束 手数3 restart3 展開149 候補18698 debt除外2175 重複除外884 停止=探索停滞 対象: 桒澤美幸 3->3(下限0); 佐藤直美 2->2(下限0); モニカ 2->2(下限0); 古泉 健一 1->1(下限0); 吉江雄貴 1->1(下限0); 金沢勇輝 1->1(下限0) 経路: 個人1改善:自己日交換+個人1改善:自己日交換+個人1改善:自己日交換 | PersonalJointLNS:個人回数/apt共同LNS: personal 10->10 / low 6->6 high 5->5 apt 0->0 / total 339->339 HARD 0->0 採用0束 手数0 restart3 展開147 候補18454 debt除外2590 重複除外944 停止=探索停滞 対象: 桒澤美幸 3->3(下限0); 佐藤直美 2->2(下限0); モニカ 2->2(下限0); 古泉 健一 1->1(下限0); 吉江雄貴 1->1(下限0); 金沢勇輝 1->1(下限0) [頭打ち=正式目的を改善する個人違反減少束なし] | ComponentRepair:違反連結成分修復: 候補0件()+起点生成365件 起点65件(探索24件・最大40候補) 推定5310回(ピン枝刈り1037・相方なし除外96) 正式評価0回 採用0件 / total 339->339 HARD 0->0 score 6456->6456 | CovORelief:人員過剰の退避: covO 0->0 / total 339->339 HARD 0->0 採用0回
60,golden,2,-506154317,3,on,30830,8000,true,3640,10,12,1,1682,824,1111,0,false,0,6456.0,false,false,0,0,6456.0,339,1323639893,3641,期間要件(c1)共同LNS: c1 80->80 (構造下限≥0; 改善可能幅進捗0%; 50%目標=未達) / total 343->343 HARD 0->0 採用0束 手数0 restart4 展開320 候補126251 debt除外73379(必須8816 合計56049 c1 8514 必須の主因 covU:8816) 重複除外10789 停止=探索停滞 [頭打ち=正式目的を改善するC1減少束なし],ComponentRepair:違反連結成分修復: 候補255件(手B×105 C3mnAlt×15 tryRelocate×120 FairChain×15)+起点生成0件 起点72件(探索23件・最大35候補) 推定6018回(ピン枝刈り4610・相方なし除外99) 正式評価0回 採用0件 / total 343->343 HARD 0->0 score 6477->6477 | PersonalJointLNS:個人回数/apt共同LNS: personal 10->10 / low 6->6 high 5->5 apt 0->0 / total 343->339 HARD 0->0 採用1束 手数3 restart3 展開149 候補18698 debt除外2175 重複除外884 停止=探索停滞 対象: 桒澤美幸 3->3(下限0); 佐藤直美 2->2(下限0); モニカ 2->2(下限0); 古泉 健一 1->1(下限0); 吉江雄貴 1->1(下限0); 金沢勇輝 1->1(下限0) 経路: 個人1改善:自己日交換+個人1改善:自己日交換+個人1改善:自己日交換 | PersonalJointLNS:個人回数/apt共同LNS: personal 10->10 / low 6->6 high 5->5 apt 0->0 / total 339->339 HARD 0->0 採用0束 手数0 restart3 展開147 候補18454 debt除外2590 重複除外944 停止=探索停滞 対象: 桒澤美幸 3->3(下限0); 佐藤直美 2->2(下限0); モニカ 2->2(下限0); 古泉 健一 1->1(下限0); 吉江雄貴 1->1(下限0); 金沢勇輝 1->1(下限0) [頭打ち=正式目的を改善する個人違反減少束なし] | ComponentRepair:違反連結成分修復: 候補0件()+起点生成365件 起点65件(探索24件・最大40候補) 推定5310回(ピン枝刈り1037・相方なし除外96) 正式評価0回 採用0件 / total 339->339 HARD 0->0 score 6456->6456 | CovORelief:人員過剰の退避: covO 0->0 / total 339->339 HARD 0->0 採用0回
60,golden,2,-506154317,3,off,30830,8000,true,5212,12,15,2,2095,1502,1585,1,false,0,6456.0,false,false,0,0,6456.0,339,1323639893,5212,期間要件(c1)共同LNS: c1 80->80 (構造下限≥0; 改善可能幅進捗0%; 50%目標=未達) / total 343->343 HARD 0->0 採用0束 手数0 restart2 展開88 候補33537 debt除外18438(必須1420 合計15245 c1 1773 必須の主因 covU:1420) 重複除外2961 停止=期限 [頭打ち=正式目的を改善するC1減少束なし],ComponentRepair:違反連結成分修復: 候補257件(手B×105 C3mnAlt×15 tryRelocate×122 FairChain×15)+起点生成0件 起点72件(探索20件・最大38候補) 推定6000回(ピン枝刈り4168・相方なし除外74) 正式評価0回 採用0件 / total 343->343 HARD 0->0 score 6477->6477 | PersonalJointLNS:個人回数/apt共同LNS: personal 10->10 / low 6->6 high 5->5 apt 0->0 / total 343->339 HARD 0->0 採用1束 手数3 restart3 展開149 候補18698 debt除外2175 重複除外884 停止=探索停滞 対象: 桒澤美幸 3->3(下限0); 佐藤直美 2->2(下限0); モニカ 2->2(下限0); 古泉 健一 1->1(下限0); 吉江雄貴 1->1(下限0); 金沢勇輝 1->1(下限0) 経路: 個人1改善:自己日交換+個人1改善:自己日交換+個人1改善:自己日交換 | PersonalJointLNS:個人回数/apt共同LNS: personal 10->10 / low 6->6 high 5->5 apt 0->0 / total 339->339 HARD 0->0 採用0束 手数0 restart3 展開147 候補18454 debt除外2590 重複除外944 停止=探索停滞 対象: 桒澤美幸 3->3(下限0); 佐藤直美 2->2(下限0); モニカ 2->2(下限0); 古泉 健一 1->1(下限0); 吉江雄貴 1->1(下限0); 金沢勇輝 1->1(下限0) [頭打ち=正式目的を改善する個人違反減少束なし] | ComponentRepair:違反連結成分修復: 候補0件()+起点生成365件 起点65件(探索24件・最大40候補) 推定5310回(ピン枝刈り1037・相方なし除外96) 正式評価0回 採用0件 / total 339->339 HARD 0->0 score 6456->6456 | CovORelief:人員過剰の退避: covO 0->0 / total 339->339 HARD 0->0 採用0回
60,golden,2,-1333788218,0,on,30073,8000,true,7171,49,33,6,4493,1350,1239,1,false,0,6145.0,false,false,0,0,6145.0,338,176198298,7172,期間要件(c1)共同LNS: c1 77->77 (構造下限≥0; 改善可能幅進捗0%; 50%目標=未達) / total 343->343 HARD 0->0 採用0束 手数0 restart4 展開322 候補124899 debt除外66535(必須9467 合計53590 c1 3478 必須の主因 covU:9467) 重複除外12386 停止=探索停滞 [頭打ち=正式目的を改善するC1減少束なし],ComponentRepair:違反連結成分修復: 候補278件(手B×122 C3mnAlt×9 tryRelocate×129 FairChain×18)+起点生成0件 起点76件(探索24件・最大39候補) 推定5350回(ピン枝刈り3617・相方なし除外99) 正式評価0回 採用0件 / total 345->345 HARD 0->0 score 6171->6171 | PersonalJointLNS:個人回数/apt共同LNS: personal 10->10 / low 6->6 high 4->4 apt 0->0 / total 343->338 HARD 0->0 採用1束 手数4 restart3 展開147 候補14604 debt除外1448 重複除外719 停止=探索停滞 対象: 山本昌幸 3->3(下限0); 桒澤美幸 3->3(下限0); 古泉 健一 1->1(下限0); 福澤俊陽 1->1(下限0); 金沢勇輝 1->1(下限0); モニカ 1->1(下限0) 経路: 個人1改善:自己日交換+個人1改善:自己日交換+個人1改善:自己日交換+個人1改善:自己日交換 | PersonalJointLNS:個人回数/apt共同LNS: personal 10->10 / low 6->6 high 4->4 apt 0->0 / total 338->338 HARD 0->0 採用0束 手数0 restart3 展開143 候補13989 debt除外1512 重複除外667 停止=探索停滞 対象: 山本昌幸 3->3(下限0); 桒澤美幸 3->3(下限0); 古泉 健一 1->1(下限0); 福澤俊陽 1->1(下限0); 金沢勇輝 1->1(下限0); モニカ 1->1(下限0) [頭打ち=正式目的を改善する個人違反減少束なし] | ComponentRepair:違反連結成分修復: 候補0件()+起点生成365件 起点64件(探索24件・最大40候補) 推定5373回(ピン枝刈り530・相方なし除外121) 正式評価0回 採用0件 / total 338->338 HARD 0->0 score 6145->6145 | CovORelief:人員過剰の退避: covO 1->1 / total 338->338 HARD 0->0 採用0回 不採用2件(主因 c1:4 low:1) 残存: Dﾃ@9(重み悪化)
60,golden,2,-1333788218,0,off,30073,8000,true,6899,78,16,4,3974,1504,1322,1,false,0,6145.0,false,false,0,0,6145.0,338,176198298,6900,期間要件(c1)共同LNS: c1 77->77 (構造下限≥0; 改善可能幅進捗0%; 50%目標=未達) / total 343->343 HARD 0->0 採用0束 手数0 restart2 展開87 候補32465 debt除外17682(必須2327 合計14067 c1 1288 必須の主因 covU:2327) 重複除外3235 停止=期限 [頭打ち=正式目的を改善するC1減少束なし],ComponentRepair:違反連結成分修復: 候補280件(手B×122 C3mnAlt×9 tryRelocate×130 FairChain×19)+起点生成0件 起点76件(探索24件・最大37候補) 推定5344回(ピン枝刈り3373・相方なし除外103) 正式評価0回 採用0件 / total 345->345 HARD 0->0 score 6171->6171 | PersonalJointLNS:個人回数/apt共同LNS: personal 10->10 / low 6->6 high 4->4 apt 0->0 / total 343->338 HARD 0->0 採用1束 手数4 restart3 展開147 候補14604 debt除外1448 重複除外719 停止=探索停滞 対象: 山本昌幸 3->3(下限0); 桒澤美幸 3->3(下限0); 古泉 健一 1->1(下限0); 福澤俊陽 1->1(下限0); 金沢勇輝 1->1(下限0); モニカ 1->1(下限0) 経路: 個人1改善:自己日交換+個人1改善:自己日交換+個人1改善:自己日交換+個人1改善:自己日交換 | PersonalJointLNS:個人回数/apt共同LNS: personal 10->10 / low 6->6 high 4->4 apt 0->0 / total 338->338 HARD 0->0 採用0束 手数0 restart3 展開143 候補13989 debt除外1512 重複除外667 停止=探索停滞 対象: 山本昌幸 3->3(下限0); 桒澤美幸 3->3(下限0); 古泉 健一 1->1(下限0); 福澤俊陽 1->1(下限0); 金沢勇輝 1->1(下限0); モニカ 1->1(下限0) [頭打ち=正式目的を改善する個人違反減少束なし] | ComponentRepair:違反連結成分修復: 候補0件()+起点生成365件 起点64件(探索24件・最大40候補) 推定5373回(ピン枝刈り530・相方なし除外121) 正式評価0回 採用0件 / total 338->338 HARD 0->0 score 6145->6145 | CovORelief:人員過剰の退避: covO 1->1 / total 338->338 HARD 0->0 採用0回 不採用2件(主因 c1:4 low:1) 残存: Dﾃ@9(重み悪化)
60,golden,2,-1333788218,1,off,30073,8000,true,6379,13,17,2,3864,1528,955,0,false,0,6145.0,false,false,0,0,6145.0,338,176198298,6380,期間要件(c1)共同LNS: c1 77->77 (構造下限≥0; 改善可能幅進捗0%; 50%目標=未達) / total 343->343 HARD 0->0 採用0束 手数0 restart2 展開108 候補40570 debt除外21256(必須2939 合計16853 c1 1464 必須の主因 covU:2939) 重複除外4179 停止=期限 [頭打ち=正式目的を改善するC1減少束なし],ComponentRepair:違反連結成分修復: 候補282件(手B×123 C3mnAlt×9 tryRelocate×132 FairChain×18)+起点生成0件 起点76件(探索24件・最大39候補) 推定5860回(ピン枝刈り3774・相方なし除外102) 正式評価0回 採用0件 / total 345->345 HARD 0->0 score 6171->6171 | PersonalJointLNS:個人回数/apt共同LNS: personal 10->10 / low 6->6 high 4->4 apt 0->0 / total 343->338 HARD 0->0 採用1束 手数4 restart3 展開147 候補14604 debt除外1448 重複除外719 停止=探索停滞 対象: 山本昌幸 3->3(下限0); 桒澤美幸 3->3(下限0); 古泉 健一 1->1(下限0); 福澤俊陽 1->1(下限0); 金沢勇輝 1->1(下限0); モニカ 1->1(下限0) 経路: 個人1改善:自己日交換+個人1改善:自己日交換+個人1改善:自己日交換+個人1改善:自己日交換 | PersonalJointLNS:個人回数/apt共同LNS: personal 10->10 / low 6->6 high 4->4 apt 0->0 / total 338->338 HARD 0->0 採用0束 手数0 restart3 展開143 候補13989 debt除外1512 重複除外667 停止=探索停滞 対象: 山本昌幸 3->3(下限0); 桒澤美幸 3->3(下限0); 古泉 健一 1->1(下限0); 福澤俊陽 1->1(下限0); 金沢勇輝 1->1(下限0); モニカ 1->1(下限0) [頭打ち=正式目的を改善する個人違反減少束なし] | ComponentRepair:違反連結成分修復: 候補0件()+起点生成365件 起点64件(探索24件・最大40候補) 推定5373回(ピン枝刈り530・相方なし除外121) 正式評価0回 採用0件 / total 338->338 HARD 0->0 score 6145->6145 | CovORelief:人員過剰の退避: covO 1->1 / total 338->338 HARD 0->0 採用0回 不採用2件(主因 c1:4 low:1) 残存: Dﾃ@9(重み悪化)
60,golden,2,-1333788218,1,on,30073,8000,true,6257,12,15,3,3986,1108,1132,1,false,0,6145.0,false,false,0,0,6145.0,338,176198298,6257,期間要件(c1)共同LNS: c1 77->77 (構造下限≥0; 改善可能幅進捗0%; 50%目標=未達) / total 343->343 HARD 0->0 採用0束 手数0 restart4 展開322 候補124899 debt除外66535(必須9467 合計53590 c1 3478 必須の主因 covU:9467) 重複除外12386 停止=探索停滞 [頭打ち=正式目的を改善するC1減少束なし],ComponentRepair:違反連結成分修復: 候補279件(手B×123 C3mnAlt×9 tryRelocate×129 FairChain×18)+起点生成0件 起点75件(探索24件・最大38候補) 推定4901回(ピン枝刈り3370・相方なし除外143) 正式評価0回 採用0件 / total 345->345 HARD 0->0 score 6171->6171 | PersonalJointLNS:個人回数/apt共同LNS: personal 10->10 / low 6->6 high 4->4 apt 0->0 / total 343->338 HARD 0->0 採用1束 手数4 restart3 展開147 候補14604 debt除外1448 重複除外719 停止=探索停滞 対象: 山本昌幸 3->3(下限0); 桒澤美幸 3->3(下限0); 古泉 健一 1->1(下限0); 福澤俊陽 1->1(下限0); 金沢勇輝 1->1(下限0); モニカ 1->1(下限0) 経路: 個人1改善:自己日交換+個人1改善:自己日交換+個人1改善:自己日交換+個人1改善:自己日交換 | PersonalJointLNS:個人回数/apt共同LNS: personal 10->10 / low 6->6 high 4->4 apt 0->0 / total 338->338 HARD 0->0 採用0束 手数0 restart3 展開143 候補13989 debt除外1512 重複除外667 停止=探索停滞 対象: 山本昌幸 3->3(下限0); 桒澤美幸 3->3(下限0); 古泉 健一 1->1(下限0); 福澤俊陽 1->1(下限0); 金沢勇輝 1->1(下限0); モニカ 1->1(下限0) [頭打ち=正式目的を改善する個人違反減少束なし] | ComponentRepair:違反連結成分修復: 候補0件()+起点生成365件 起点64件(探索24件・最大40候補) 推定5373回(ピン枝刈り530・相方なし除外121) 正式評価0回 採用0件 / total 338->338 HARD 0->0 score 6145->6145 | CovORelief:人員過剰の退避: covO 1->1 / total 338->338 HARD 0->0 採用0回 不採用2件(主因 c1:4 low:1) 残存: Dﾃ@9(重み悪化)
60,golden,2,-1333788218,2,on,30073,8000,true,5648,12,15,3,3747,934,936,1,false,0,6145.0,false,false,0,0,6145.0,338,176198298,5648,期間要件(c1)共同LNS: c1 77->77 (構造下限≥0; 改善可能幅進捗0%; 50%目標=未達) / total 343->343 HARD 0->0 採用0束 手数0 restart4 展開322 候補124899 debt除外66535(必須9467 合計53590 c1 3478 必須の主因 covU:9467) 重複除外12386 停止=探索停滞 [頭打ち=正式目的を改善するC1減少束なし],ComponentRepair:違反連結成分修復: 候補278件(手B×122 C3mnAlt×9 tryRelocate×130 FairChain×17)+起点生成0件 起点76件(探索24件・最大38候補) 推定5665回(ピン枝刈り3991・相方なし除外89) 正式評価0回 採用0件 / total 345->345 HARD 0->0 score 6171->6171 | PersonalJointLNS:個人回数/apt共同LNS: personal 10->10 / low 6->6 high 4->4 apt 0->0 / total 343->338 HARD 0->0 採用1束 手数4 restart3 展開147 候補14604 debt除外1448 重複除外719 停止=探索停滞 対象: 山本昌幸 3->3(下限0); 桒澤美幸 3->3(下限0); 古泉 健一 1->1(下限0); 福澤俊陽 1->1(下限0); 金沢勇輝 1->1(下限0); モニカ 1->1(下限0) 経路: 個人1改善:自己日交換+個人1改善:自己日交換+個人1改善:自己日交換+個人1改善:自己日交換 | PersonalJointLNS:個人回数/apt共同LNS: personal 10->10 / low 6->6 high 4->4 apt 0->0 / total 338->338 HARD 0->0 採用0束 手数0 restart3 展開143 候補13989 debt除外1512 重複除外667 停止=探索停滞 対象: 山本昌幸 3->3(下限0); 桒澤美幸 3->3(下限0); 古泉 健一 1->1(下限0); 福澤俊陽 1->1(下限0); 金沢勇輝 1->1(下限0); モニカ 1->1(下限0) [頭打ち=正式目的を改善する個人違反減少束なし] | ComponentRepair:違反連結成分修復: 候補0件()+起点生成365件 起点64件(探索24件・最大40候補) 推定5373回(ピン枝刈り530・相方なし除外121) 正式評価0回 採用0件 / total 338->338 HARD 0->0 score 6145->6145 | CovORelief:人員過剰の退避: covO 1->1 / total 338->338 HARD 0->0 採用0回 不採用2件(主因 c1:4 low:1) 残存: Dﾃ@9(重み悪化)
60,golden,2,-1333788218,2,off,30073,8000,true,6758,18,20,3,4093,1505,1119,0,false,0,6145.0,false,false,0,0,6145.0,338,176198298,6758,期間要件(c1)共同LNS: c1 77->77 (構造下限≥0; 改善可能幅進捗0%; 50%目標=未達) / total 343->343 HARD 0->0 採用0束 手数0 restart2 展開123 候補46620 debt除外24781(必須3457 合計19851 c1 1473 必須の主因 covU:3457) 重複除外4709 停止=期限 [頭打ち=正式目的を改善するC1減少束なし],ComponentRepair:違反連結成分修復: 候補282件(手B×122 C3mnAlt×9 tryRelocate×131 FairChain×20)+起点生成0件 起点76件(探索24件・最大38候補) 推定4949回(ピン枝刈り3154・相方なし除外106) 正式評価0回 採用0件 / total 345->345 HARD 0->0 score 6171->6171 | PersonalJointLNS:個人回数/apt共同LNS: personal 10->10 / low 6->6 high 4->4 apt 0->0 / total 343->338 HARD 0->0 採用1束 手数4 restart3 展開147 候補14604 debt除外1448 重複除外719 停止=探索停滞 対象: 山本昌幸 3->3(下限0); 桒澤美幸 3->3(下限0); 古泉 健一 1->1(下限0); 福澤俊陽 1->1(下限0); 金沢勇輝 1->1(下限0); モニカ 1->1(下限0) 経路: 個人1改善:自己日交換+個人1改善:自己日交換+個人1改善:自己日交換+個人1改善:自己日交換 | PersonalJointLNS:個人回数/apt共同LNS: personal 10->10 / low 6->6 high 4->4 apt 0->0 / total 338->338 HARD 0->0 採用0束 手数0 restart3 展開143 候補13989 debt除外1512 重複除外667 停止=探索停滞 対象: 山本昌幸 3->3(下限0); 桒澤美幸 3->3(下限0); 古泉 健一 1->1(下限0); 福澤俊陽 1->1(下限0); 金沢勇輝 1->1(下限0); モニカ 1->1(下限0) [頭打ち=正式目的を改善する個人違反減少束なし] | ComponentRepair:違反連結成分修復: 候補0件()+起点生成365件 起点64件(探索24件・最大40候補) 推定5373回(ピン枝刈り530・相方なし除外121) 正式評価0回 採用0件 / total 338->338 HARD 0->0 score 6145->6145 | CovORelief:人員過剰の退避: covO 1->1 / total 338->338 HARD 0->0 採用0回 不採用2件(主因 c1:4 low:1) 残存: Dﾃ@9(重み悪化)
60,golden,2,-1333788218,3,on,30073,8000,true,6368,12,16,3,4301,991,1045,0,false,0,6145.0,false,false,0,0,6145.0,338,176198298,6368,期間要件(c1)共同LNS: c1 77->77 (構造下限≥0; 改善可能幅進捗0%; 50%目標=未達) / total 343->343 HARD 0->0 採用0束 手数0 restart4 展開322 候補124899 debt除外66535(必須9467 合計53590 c1 3478 必須の主因 covU:9467) 重複除外12386 停止=探索停滞 [頭打ち=正式目的を改善するC1減少束なし],ComponentRepair:違反連結成分修復: 候補277件(手B×122 C3mnAlt×9 tryRelocate×129 FairChain×17)+起点生成0件 起点76件(探索24件・最大37候補) 推定5418回(ピン枝刈り3568・相方なし除外123) 正式評価0回 採用0件 / total 345->345 HARD 0->0 score 6171->6171 | PersonalJointLNS:個人回数/apt共同LNS: personal 10->10 / low 6->6 high 4->4 apt 0->0 / total 343->338 HARD 0->0 採用1束 手数4 restart3 展開147 候補14604 debt除外1448 重複除外719 停止=探索停滞 対象: 山本昌幸 3->3(下限0); 桒澤美幸 3->3(下限0); 古泉 健一 1->1(下限0); 福澤俊陽 1->1(下限0); 金沢勇輝 1->1(下限0); モニカ 1->1(下限0) 経路: 個人1改善:自己日交換+個人1改善:自己日交換+個人1改善:自己日交換+個人1改善:自己日交換 | PersonalJointLNS:個人回数/apt共同LNS: personal 10->10 / low 6->6 high 4->4 apt 0->0 / total 338->338 HARD 0->0 採用0束 手数0 restart3 展開143 候補13989 debt除外1512 重複除外667 停止=探索停滞 対象: 山本昌幸 3->3(下限0); 桒澤美幸 3->3(下限0); 古泉 健一 1->1(下限0); 福澤俊陽 1->1(下限0); 金沢勇輝 1->1(下限0); モニカ 1->1(下限0) [頭打ち=正式目的を改善する個人違反減少束なし] | ComponentRepair:違反連結成分修復: 候補0件()+起点生成365件 起点64件(探索24件・最大40候補) 推定5373回(ピン枝刈り530・相方なし除外121) 正式評価0回 採用0件 / total 338->338 HARD 0->0 score 6145->6145 | CovORelief:人員過剰の退避: covO 1->1 / total 338->338 HARD 0->0 採用0回 不採用2件(主因 c1:4 low:1) 残存: Dﾃ@9(重み悪化)
60,golden,2,-1333788218,3,off,30073,8000,true,5882,12,16,3,2587,1502,1761,1,false,0,5984.0,false,false,0,0,5984.0,342,-1699818266,5883,期間要件(c1)共同LNS: c1 66->66 (構造下限≥0; 改善可能幅進捗0%; 50%目標=未達) / total 347->347 HARD 0->0 採用0束 手数0 restart2 展開112 候補42413 debt除外23838(必須4359 合計12298 c1 7181 必須の主因 covU:4359) 重複除外3718 停止=期限 [頭打ち=正式目的を改善するC1減少束なし],ComponentRepair:違反連結成分修復: 候補290件(手B×120 C3mnAlt×9 tryRelocate×145 FairChain×16)+起点生成0件 起点83件(探索24件・最大37候補) 推定5336回(ピン枝刈り3161・相方なし除外120) 正式評価0回 採用0件 / total 347->347 HARD 0->0 score 6007->6007 | PersonalJointLNS:個人回数/apt共同LNS: personal 13->13 / low 8->8 high 6->6 apt 0->0 / total 347->342 HARD 0->0 採用1束 手数3 restart3 展開149 候補20848 debt除外2191 重複除外875 停止=探索停滞 対象: 山本昌幸 4->4(下限0); 桒澤美幸 3->3(下限0); 古泉 健一 2->2(下限0); モニカ 2->2(下限0); 福澤俊陽 1->1(下限0); 吉江雄貴 1->1(下限0) 経路: 個人1改善:自己日交換+個人1改善:自己日交換+個人1改善:自己日交換 | PersonalJointLNS:個人回数/apt共同LNS: personal 13->13 / low 8->8 high 6->6 apt 0->0 / total 342->342 HARD 0->0 採用0束 手数0 restart3 展開147 候補20535 debt除外2878 重複除外782 停止=探索停滞 対象: 山本昌幸 4->4(下限0); 桒澤美幸 3->3(下限0); 古泉 健一 2->2(下限0); モニカ 2->2(下限0); 福澤俊陽 1->1(下限0); 吉江雄貴 1->1(下限0) [頭打ち=正式目的を改善する個人違反減少束なし] | ComponentRepair:違反連結成分修復: 候補0件()+起点生成426件 起点81件(探索24件・最大40候補) 推定6856回(ピン枝刈り696・相方なし除外131) 正式評価0回 採用0件 / total 342->342 HARD 0->0 score 5984->5984 | CovORelief:人員過剰の退避: covO 1->1 / total 342->342 HARD 0->0 採用0回 不採用2件(主因 c1:5) 残存: Dﾃ@9(重み悪化)
60,golden,2,-1333788218,4,off,30073,8000,true,6907,13,12,2,4350,1557,972,1,false,0,6145.0,false,false,0,0,6145.0,338,176198298,6907,期間要件(c1)共同LNS: c1 77->77 (構造下限≥0; 改善可能幅進捗0%; 50%目標=未達) / total 343->343 HARD 0->0 採用0束 手数0 restart2 展開124 候補46983 debt除外25020(必須3473 合計20074 c1 1473 必須の主因 covU:3473) 重複除外4746 停止=期限 [頭打ち=正式目的を改善するC1減少束なし],ComponentRepair:違反連結成分修復: 候補282件(手B×122 C3mnAlt×9 tryRelocate×131 FairChain×20)+起点生成0件 起点76件(探索24件・最大38候補) 推定5216回(ピン枝刈り3797・相方なし除外136) 正式評価0回 採用0件 / total 345->345 HARD 0->0 score 6171->6171 | PersonalJointLNS:個人回数/apt共同LNS: personal 10->10 / low 6->6 high 4->4 apt 0->0 / total 343->338 HARD 0->0 採用1束 手数4 restart3 展開147 候補14604 debt除外1448 重複除外719 停止=探索停滞 対象: 山本昌幸 3->3(下限0); 桒澤美幸 3->3(下限0); 古泉 健一 1->1(下限0); 福澤俊陽 1->1(下限0); 金沢勇輝 1->1(下限0); モニカ 1->1(下限0) 経路: 個人1改善:自己日交換+個人1改善:自己日交換+個人1改善:自己日交換+個人1改善:自己日交換 | PersonalJointLNS:個人回数/apt共同LNS: personal 10->10 / low 6->6 high 4->4 apt 0->0 / total 338->338 HARD 0->0 採用0束 手数0 restart3 展開143 候補13989 debt除外1512 重複除外667 停止=探索停滞 対象: 山本昌幸 3->3(下限0); 桒澤美幸 3->3(下限0); 古泉 健一 1->1(下限0); 福澤俊陽 1->1(下限0); 金沢勇輝 1->1(下限0); モニカ 1->1(下限0) [頭打ち=正式目的を改善する個人違反減少束なし] | ComponentRepair:違反連結成分修復: 候補0件()+起点生成365件 起点64件(探索24件・最大40候補) 推定5373回(ピン枝刈り530・相方なし除外121) 正式評価0回 採用0件 / total 338->338 HARD 0->0 score 6145->6145 | CovORelief:人員過剰の退避: covO 1->1 / total 338->338 HARD 0->0 採用0回 不採用2件(主因 c1:4 low:1) 残存: Dﾃ@9(重み悪化)
60,golden,2,-1333788218,4,on,30073,8000,true,8526,13,17,2,5537,1229,1727,1,false,0,5981.0,false,false,0,0,5981.0,348,2144270816,8526,期間要件(c1)共同LNS: c1 65->65 (構造下限≥0; 改善可能幅進捗0%; 50%目標=未達) / total 353->353 HARD 0->0 採用0束 手数0 restart4 展開341 候補132482 debt除外73566(必須11114 合計29357 c1 33095 必須の主因 covU:11114) 重複除外12212 停止=探索停滞 [頭打ち=正式目的を改善するC1減少束なし],ComponentRepair:違反連結成分修復: 候補296件(手B×120 C3mnAlt×9 tryRelocate×149 FairChain×18)+起点生成0件 起点82件(探索24件・最大38候補) 推定5411回(ピン枝刈り3422・相方なし除外117) 正式評価0回 採用0件 / total 344->344 HARD 0->0 score 6030->6030 | PersonalJointLNS:個人回数/apt共同LNS: personal 13->13 / low 8->8 high 6->6 apt 0->0 / total 353->348 HARD 0->0 採用1束 手数3 restart3 展開149 候補20146 debt除外2130 重複除外862 停止=探索停滞 対象: 山本昌幸 4->4(下限0); 桒澤美幸 3->3(下限0); 古泉 健一 2->2(下限0); モニカ 2->2(下限0); 福澤俊陽 1->1(下限0); 吉江雄貴 1->1(下限0) 経路: 個人1改善:自己日交換+個人1改善:自己日交換+個人1改善:自己日交換 | PersonalJointLNS:個人回数/apt共同LNS: personal 13->13 / low 8->8 high 6->6 apt 0->0 / total 348->348 HARD 0->0 採用0束 手数0 restart3 展開147 候補19657 debt除外2057 重複除外867 停止=探索停滞 対象: 山本昌幸 4->4(下限0); 桒澤美幸 3->3(下限0); 古泉 健一 2->2(下限0); モニカ 2->2(下限0); 福澤俊陽 1->1(下限0); 吉江雄貴 1->1(下限0) [頭打ち=正式目的を改善する個人違反減少束なし] | ComponentRepair:違反連結成分修復: 候補0件()+起点生成418件 起点81件(探索24件・最大40候補) 推定5807回(ピン枝刈り567・相方なし除外119) 正式評価0回 採用0件 / total 348->348 HARD 0->0 score 5981->5981 | CovORelief:人員過剰の退避: covO 1->1 / total 348->348 HARD 0->0 採用0回 不採用2件(主因 c1:5) 残存: Dﾃ@9(重み悪化)
