60,sample,4,-828871758,0,on,29528,8000,true,2839,47,17,1,701,1356,716,1,false,1,11275.0,false,false,0,1,11275.0,264,-992336816,2840,期間要件(c1)共同LNS: c1 4->4 (構造下限≥0; 改善可能幅進捗0%; 50%目標=未達) / total 264->264 HARD 1->1 採用0束 手数0 restart4 展開366 候補122380 debt除外43083(必須3333 合計20638 c1 19112 必須の主因 covU:3333) 重複除外10214 停止=探索停滞 [頭打ち=正式目的を改善するC1減少束なし],ComponentRepair:違反連結成分修復: 候補107件(手B×18 tryRelocate×80 FairChain×9)+起点生成0件 起点43件(探索24件・最大26候補) 推定740回(ピン枝刈り606・相方なし除外74) 正式評価0回 採用0件 / total 264->264 HARD 1->1 score 11275->11275 | PersonalJointLNS:個人回数/apt共同LNS: personal 7->7 / low 4->4 high 3->3 apt 0->0 / total 264->264 HARD 1->1 採用0束 手数0 restart3 展開133 候補11152 debt除外1428 重複除外600 停止=探索停滞 対象: 桒澤美幸 2->2(下限0); モニカ 2->2(下限0); 福澤俊陽 1->1(下限0); 吉江雄貴 1->1(下限0); 金沢勇輝 1->1(下限0) [頭打ち=正式目的を改善する個人違反減少束なし] | ComponentRepair:違反連結成分修復: 候補0件()+起点生成344件 起点54件(探索24件・最大40候補) 推定5948回(ピン枝刈り173・相方なし除外98) 正式評価0回 採用0件 / total 264->264 HARD 1->1 score 11275->11275 | CovORelief:人員過剰の退避: covO 0->0 / total 264->264 HARD 1->1 採用0回,nice19=0
60,sample,4,-828871758,0,off,29528,8000,true,3632,47,17,1,702,1508,1356,1,false,1,11275.0,false,false,0,1,11275.0,264,-992336816,3632,期間要件(c1)共同LNS: c1 4->4 (構造下限≥0; 改善可能幅進捗0%; 50%目標=未達) / total 264->264 HARD 1->1 採用0束 手数0 restart1 展開83 候補28709 debt除外10080(必須662 合計4047 c1 5371 必須の主因 covU:662) 重複除外2758 停止=期限 [頭打ち=正式目的を改善するC1減少束なし],ComponentRepair:違反連結成分修復: 候補106件(手B×17 tryRelocate×80 FairChain×9)+起点生成0件 起点43件(探索24件・最大26候補) 推定691回(ピン枝刈り601・相方なし除外77) 正式評価0回 採用0件 / total 264->264 HARD 1->1 score 11275->11275 | PersonalJointLNS:個人回数/apt共同LNS: personal 7->7 / low 4->4 high 3->3 apt 0->0 / total 264->264 HARD 1->1 採用0束 手数0 restart3 展開133 候補11152 debt除外1428 重複除外600 停止=探索停滞 対象: 桒澤美幸 2->2(下限0); モニカ 2->2(下限0); 福澤俊陽 1->1(下限0); 吉江雄貴 1->1(下限0); 金沢勇輝 1->1(下限0) [頭打ち=正式目的を改善する個人違反減少束なし] | ComponentRepair:違反連結成分修復: 候補0件()+起点生成344件 起点54件(探索24件・最大40候補) 推定5948回(ピン枝刈り173・相方なし除外98) 正式評価0回 採用0件 / total 264->264 HARD 1->1 score 11275->11275 | CovORelief:人員過剰の退避: covO 0->0 / total 264->264 HARD 1->1 採用0回,nice19=0
60,sample,4,-828871758,1,on,29528,8000,true,2107,49,16,1,676,911,453,1,false,1,11275.0,false,false,0,1,11275.0,264,-992336816,2107,期間要件(c1)共同LNS: c1 4->4 (構造下限≥0; 改善可能幅進捗0%; 50%目標=未達) / total 264->264 HARD 1->1 採用0束 手数0 restart4 展開366 候補122380 debt除外43083(必須3333 合計20638 c1 19112 必須の主因 covU:3333) 重複除外10214 停止=探索停滞 [頭打ち=正式目的を改善するC1減少束なし],ComponentRepair:違反連結成分修復: 候補109件(手B×17 tryRelocate×83 FairChain×9)+起点生成0件 起点42件(探索24件・最大25候補) 推定712回(ピン枝刈り645・相方なし除外84) 正式評価0回 採用0件 / total 264->264 HARD 1->1 score 11275->11275 | PersonalJointLNS:個人回数/apt共同LNS: personal 7->7 / low 4->4 high 3->3 apt 0->0 / total 264->264 HARD 1->1 採用0束 手数0 restart3 展開133 候補11152 debt除外1428 重複除外600 停止=探索停滞 対象: 桒澤美幸 2->2(下限0); モニカ 2->2(下限0); 福澤俊陽 1->1(下限0); 吉江雄貴 1->1(下限0); 金沢勇輝 1->1(下限0) [頭打ち=正式目的を改善する個人違反減少束なし] | ComponentRepair:違反連結成分修復: 候補0件()+起点生成344件 起点54件(探索24件・最大40候補) 推定5948回(ピン枝刈り173・相方なし除外98) 正式評価0回 採用0件 / total 264->264 HARD 1->1 score 11275->11275 | CovORelief:人員過剰の退避: covO 0->0 / total 264->264 HARD 1->1 採用0回,nice19=0
60,sample,4,-828871758,1,off,29528,8000,true,2653,66,16,1,548,1507,514,1,false,1,11275.0,false,false,0,1,11275.0,264,-992336816,2654,期間要件(c1)共同LNS: c1 4->4 (構造下限≥0; 改善可能幅進捗0%; 50%目標=未達) / total 264->264 HARD 1->1 採用0束 手数0 restart1 展開90 候補30605 debt除外10623(必須820 合計4382 c1 5421 必須の主因 covU:820) 重複除外2885 停止=期限 [頭打ち=正式目的を改善するC1減少束なし],ComponentRepair:違反連結成分修復: 候補107件(手B×15 tryRelocate×83 FairChain×9)+起点生成0件 起点44件(探索24件・最大25候補) 推定766回(ピン枝刈り507・相方なし除外80) 正式評価0回 採用0件 / total 264->264 HARD 1->1 score 11275->11275 | PersonalJointLNS:個人回数/apt共同LNS: personal 7->7 / low 4->4 high 3->3 apt 0->0 / total 264->264 HARD 1->1 採用0束 手数0 restart3 展開133 候補11152 debt除外1428 重複除外600 停止=探索停滞 対象: 桒澤美幸 2->2(下限0); モニカ 2->2(下限0); 福澤俊陽 1->1(下限0); 吉江雄貴 1->1(下限0); 金沢勇輝 1->1(下限0) [頭打ち=正式目的を改善する個人違反減少束なし] | ComponentRepair:違反連結成分修復: 候補0件()+起点生成344件 起点54件(探索24件・最大40候補) 推定5948回(ピン枝刈り173・相方なし除外98) 正式評価0回 採用0件 / total 264->264 HARD 1->1 score 11275->11275 | CovORelief:人員過剰の退避: covO 0->0 / total 264->264 HARD 1->1 採用0回,nice19=0
60,sample,4,-828871758,2,off,29528,8000,true,3295,14,17,1,666,1504,1092,1,false,1,11275.0,false,false,0,1,11275.0,264,-992336816,3295,期間要件(c1)共同LNS: c1 4->4 (構造下限≥0; 改善可能幅進捗0%; 50%目標=未達) / total 264->264 HARD 1->1 採用0束 手数0 restart2 展開143 候補48938 debt除外17706(必須1292 合計8626 c1 7788 必須の主因 covU:1292) 重複除外4554 停止=期限 [頭打ち=正式目的を改善するC1減少束なし],ComponentRepair:違反連結成分修復: 候補105件(手B×13 tryRelocate×83 FairChain×9)+起点生成0件 起点42件(探索24件・最大27候補) 推定738回(ピン枝刈り646・相方なし除外80) 正式評価0回 採用0件 / total 264->264 HARD 1->1 score 11275->11275 | PersonalJointLNS:個人回数/apt共同LNS: personal 7->7 / low 4->4 high 3->3 apt 0->0 / total 264->264 HARD 1->1 採用0束 手数0 restart3 展開133 候補11152 debt除外1428 重複除外600 停止=探索停滞 対象: 桒澤美幸 2->2(下限0); モニカ 2->2(下限0); 福澤俊陽 1->1(下限0); 吉江雄貴 1->1(下限0); 金沢勇輝 1->1(下限0) [頭打ち=正式目的を改善する個人違反減少束なし] | ComponentRepair:違反連結成分修復: 候補0件()+起点生成344件 起点54件(探索24件・最大40候補) 推定5948回(ピン枝刈り173・相方なし除外98) 正式評価0回 採用0件 / total 264->264 HARD 1->1 score 11275->11275 | CovORelief:人員過剰の退避: covO 0->0 / total 264->264 HARD 1->1 採用0回,nice19=0
60,sample,4,-828871758,2,on,29528,8000,true,2795,14,16,1,561,1505,697,1,false,1,11275.0,false,false,0,1,11275.0,264,-992336816,2795,期間要件(c1)共同LNS: c1 4->4 (構造下限≥0; 改善可能幅進捗0%; 50%目標=未達) / total 264->264 HARD 1->1 採用0束 手数0 restart4 展開305 候補103030 debt除外36793(必須2691 合計17551 c1 16551 必須の主因 covU:2691) 重複除外8789 停止=期限 [頭打ち=正式目的を改善するC1減少束なし],ComponentRepair:違反連結成分修復: 候補107件(手B×15 tryRelocate×83 FairChain×9)+起点生成0件 起点43件(探索24件・最大26候補) 推定832回(ピン枝刈り710・相方なし除外75) 正式評価0回 採用0件 / total 264->264 HARD 1->1 score 11275->11275 | PersonalJointLNS:個人回数/apt共同LNS: personal 7->7 / low 4->4 high 3->3 apt 0->0 / total 264->264 HARD 1->1 採用0束 手数0 restart3 展開133 候補11152 debt除外1428 重複除外600 停止=探索停滞 対象: 桒澤美幸 2->2(下限0); モニカ 2->2(下限0); 福澤俊陽 1->1(下限0); 吉江雄貴 1->1(下限0); 金沢勇輝 1->1(下限0) [頭打ち=正式目的を改善する個人違反減少束なし] | ComponentRepair:違反連結成分修復: 候補0件()+起点生成344件 起点54件(探索24件・最大40候補) 推定5948回(ピン枝刈り173・相方なし除外98) 正式評価0回 採用0件 / total 264->264 HARD 1->1 score 11275->11275 | CovORelief:人員過剰の退避: covO 0->0 / total 264->264 HARD 1->1 採用0回,nice19=0
60,sample,4,-828871758,3,off,29528,8000,true,2765,15,16,1,599,1503,630,1,false,1,11275.0,false,false,0,1,11275.0,264,-992336816,2765,期間要件(c1)共同LNS: c1 4->4 (構造下限≥0; 改善可能幅進捗0%; 50%目標=未達) / total 264->264 HARD 1->1 採用0束 手数0 restart2 展開99 候補33607 debt除外11623(必須916 合計4903 c1 5804 必須の主因 covU:916) 重複除外3160 停止=期限 [頭打ち=正式目的を改善するC1減少束なし],ComponentRepair:違反連結成分修復: 候補108件(手B×16 tryRelocate×83 FairChain×9)+起点生成0件 起点44件(探索24件・最大25候補) 推定433回(ピン枝刈り354・相方なし除外80) 正式評価0回 採用0件 / total 264->264 HARD 1->1 score 11275->11275 | PersonalJointLNS:個人回数/apt共同LNS: personal 7->7 / low 4->4 high 3->3 apt 0->0 / total 264->264 HARD 1->1 採用0束 手数0 restart3 展開133 候補11152 debt除外1428 重複除外600 停止=探索停滞 対象: 桒澤美幸 2->2(下限0); モニカ 2->2(下限0); 福澤俊陽 1->1(下限0); 吉江雄貴 1->1(下限0); 金沢勇輝 1->1(下限0) [頭打ち=正式目的を改善する個人違反減少束なし] | ComponentRepair:違反連結成分修復: 候補0件()+起点生成344件 起点54件(探索24件・最大40候補) 推定5948回(ピン枝刈り173・相方なし除外98) 正式評価0回 採用0件 / total 264->264 HARD 1->1 score 11275->11275 | CovORelief:人員過剰の退避: covO 0->0 / total 264->264 HARD 1->1 採用0回,nice19=0
60,sample,4,-828871758,3,on,29528,8000,true,2443,14,15,1,667,1052,693,1,false,1,11275.0,false,false,0,1,11275.0,264,-992336816,2443,期間要件(c1)共同LNS: c1 4->4 (構造下限≥0; 改善可能幅進捗0%; 50%目標=未達) / total 264->264 HARD 1->1 採用0束 手数0 restart4 展開366 候補122380 debt除外43083(必須3333 合計20638 c1 19112 必須の主因 covU:3333) 重複除外10214 停止=探索停滞 [頭打ち=正式目的を改善するC1減少束なし],ComponentRepair:違反連結成分修復: 候補106件(手B×14 tryRelocate×83 FairChain×9)+起点生成0件 起点41件(探索24件・最大27候補) 推定753回(ピン枝刈り644・相方なし除外81) 正式評価0回 採用0件 / total 264->264 HARD 1->1 score 11275->11275 | PersonalJointLNS:個人回数/apt共同LNS: personal 7->7 / low 4->4 high 3->3 apt 0->0 / total 264->264 HARD 1->1 採用0束 手数0 restart3 展開133 候補11152 debt除外1428 重複除外600 停止=探索停滞 対象: 桒澤美幸 2->2(下限0); モニカ 2->2(下限0); 福澤俊陽 1->1(下限0); 吉江雄貴 1->1(下限0); 金沢勇輝 1->1(下限0) [頭打ち=正式目的を改善する個人違反減少束なし] | ComponentRepair:違反連結成分修復: 候補0件()+起点生成344件 起点54件(探索24件・最大40候補) 推定5948回(ピン枝刈り173・相方なし除外98) 正式評価0回 採用0件 / total 264->264 HARD 1->1 score 11275->11275 | CovORelief:人員過剰の退避: covO 0->0 / total 264->264 HARD 1->1 採用0回,nice19=0
60,sample,4,-828871758,4,on,29528,8000,true,2760,15,16,1,621,1477,629,1,false,1,11275.0,false,false,0,1,11275.0,264,-992336816,2760,期間要件(c1)共同LNS: c1 4->4 (構造下限≥0; 改善可能幅進捗0%; 50%目標=未達) / total 264->264 HARD 1->1 採用0束 手数0 restart4 展開366 候補122380 debt除外43083(必須3333 合計20638 c1 19112 必須の主因 covU:3333) 重複除外10214 停止=探索停滞 [頭打ち=正式目的を改善するC1減少束なし],ComponentRepair:違反連結成分修復: 候補106件(手B×17 tryRelocate×80 FairChain×9)+起点生成0件 起点41件(探索24件・最大26候補) 推定528回(ピン枝刈り430・相方なし除外73) 正式評価0回 採用0件 / total 264->264 HARD 1->1 score 11275->11275 | PersonalJointLNS:個人回数/apt共同LNS: personal 7->7 / low 4->4 high 3->3 apt 0->0 / total 264->264 HARD 1->1 採用0束 手数0 restart3 展開133 候補11152 debt除外1428 重複除外600 停止=探索停滞 対象: 桒澤美幸 2->2(下限0); モニカ 2->2(下限0); 福澤俊陽 1->1(下限0); 吉江雄貴 1->1(下限0); 金沢勇輝 1->1(下限0) [頭打ち=正式目的を改善する個人違反減少束なし] | ComponentRepair:違反連結成分修復: 候補0件()+起点生成344件 起点54件(探索24件・最大40候補) 推定5948回(ピン枝刈り173・相方なし除外98) 正式評価0回 採用0件 / total 264->264 HARD 1->1 score 11275->11275 | CovORelief:人員過剰の退避: covO 0->0 / total 264->264 HARD 1->1 採用0回,nice19=0
60,sample,4,-828871758,4,off,29528,8000,true,2602,14,16,1,540,1507,523,1,false,1,11275.0,false,false,0,1,11275.0,264,-992336816,2602,期間要件(c1)共同LNS: c1 4->4 (構造下限≥0; 改善可能幅進捗0%; 50%目標=未達) / total 264->264 HARD 1->1 採用0束 手数0 restart1 展開66 候補22730 debt除外8125(必須538 合計3393 c1 4194 必須の主因 covU:538) 重複除外2236 停止=期限 [頭打ち=正式目的を改善するC1減少束なし],ComponentRepair:違反連結成分修復: 候補104件(手B×12 tryRelocate×83 FairChain×9)+起点生成0件 起点40件(探索24件・最大26候補) 推定420回(ピン枝刈り346・相方なし除外81) 正式評価0回 採用0件 / total 264->264 HARD 1->1 score 11275->11275 | PersonalJointLNS:個人回数/apt共同LNS: personal 7->7 / low 4->4 high 3->3 apt 0->0 / total 264->264 HARD 1->1 採用0束 手数0 restart3 展開133 候補11152 debt除外1428 重複除外600 停止=探索停滞 対象: 桒澤美幸 2->2(下限0); モニカ 2->2(下限0); 福澤俊陽 1->1(下限0); 吉江雄貴 1->1(下限0); 金沢勇輝 1->1(下限0) [頭打ち=正式目的を改善する個人違反減少束なし] | ComponentRepair:違反連結成分修復: 候補0件()+起点生成344件 起点54件(探索24件・最大40候補) 推定5948回(ピン枝刈り173・相方なし除外98) 正式評価0回 採用0件 / total 264->264 HARD 1->1 score 11275->11275 | CovORelief:人員過剰の退避: covO 0->0 / total 264->264 HARD 1->1 採用0回,nice19=0
