120,golden,8,-2032897485,0,on,61124,10000,true,4469,14,15,3,2078,1142,1216,1,false,0,6004.0,false,false,0,0,6004.0,323,-1404901936,4470,期間要件(c1)共同LNS: c1 76->76 (構造下限≥0; 改善可能幅進捗0%; 50%目標=未達) / total 328->328 HARD 0->0 採用0束 手数0 restart4 展開323 候補109421 debt除外60383(必須9879 合計41673 c1 8831 必須の主因 covU:9879) 重複除外10142 停止=探索停滞 [頭打ち=正式目的を改善するC1減少束なし],ComponentRepair:違反連結成分修復: 候補327件(手B×139 C3mnAlt×4 tryRelocate×163 FairChain×21)+起点生成0件 起点76件(探索24件・最大37候補) 推定4702回(ピン枝刈り3062・相方なし除外160) 正式評価0回 採用0件 / total 330->330 HARD 0->0 score 6053->6053 | PersonalJointLNS:個人回数/apt共同LNS: personal 10->10 / low 6->6 high 4->4 apt 0->0 / total 328->323 HARD 0->0 採用1束 手数3 restart3 展開144 候補10742 debt除外548 重複除外849 停止=探索停滞 対象: 桒澤美幸 3->3(下限0); アリフ 3->3(下限0); 古泉 健一 1->1(下限0); 山本昌幸 1->1(下限0); 福澤俊陽 1->1(下限0); 佐藤直美 1->1(下限0) 経路: 個人1改善:自己日交換+個人1改善:自己日交換+個人1改善:自己日交換 | PersonalJointLNS:個人回数/apt共同LNS: personal 10->10 / low 6->6 high 4->4 apt 0->0 / total 323->323 HARD 0->0 採用0束 手数0 restart3 展開146 候補10970 debt除外850 重複除外815 停止=探索停滞 対象: 桒澤美幸 3->3(下限0); アリフ 3->3(下限0); 古泉 健一 1->1(下限0); 山本昌幸 1->1(下限0); 福澤俊陽 1->1(下限0); 佐藤直美 1->1(下限0) [頭打ち=正式目的を改善する個人違反減少束なし] | ComponentRepair:違反連結成分修復: 候補0件()+起点生成362件 起点64件(探索24件・最大40候補) 推定4370回(ピン枝刈り495・相方なし除外108) 正式評価0回 採用0件 / total 323->323 HARD 0->0 score 6004->6004 | CovORelief:人員過剰の退避: covO 2->2 / total 323->323 HARD 0->0 採用0回 不採用4件(主因 c1:9 low:1) 残存: Dﾃ@11(重み悪化); Dﾃ@21(重み悪化),nice19=0
120,golden,8,-2032897485,0,off,61124,10000,true,5836,12,14,2,3284,1501,1023,0,false,0,6004.0,false,false,0,0,6004.0,323,-1404901936,5838,期間要件(c1)共同LNS: c1 76->76 (構造下限≥0; 改善可能幅進捗0%; 50%目標=未達) / total 328->328 HARD 0->0 採用0束 手数0 restart2 展開117 候補38785 debt除外22153(必須3784 合計15221 c1 3148 必須の主因 covU:3784) 重複除外3464 停止=期限 [頭打ち=正式目的を改善するC1減少束なし],ComponentRepair:違反連結成分修復: 候補331件(手B×140 C3mnAlt×12 tryRelocate×157 FairChain×22)+起点生成0件 起点79件(探索24件・最大35候補) 推定5765回(ピン枝刈り4207・相方なし除外149) 正式評価0回 採用0件 / total 328->328 HARD 0->0 score 6134->6134 | PersonalJointLNS:個人回数/apt共同LNS: personal 10->10 / low 6->6 high 4->4 apt 0->0 / total 328->323 HARD 0->0 採用1束 手数3 restart3 展開144 候補10742 debt除外548 重複除外849 停止=探索停滞 対象: 桒澤美幸 3->3(下限0); アリフ 3->3(下限0); 古泉 健一 1->1(下限0); 山本昌幸 1->1(下限0); 福澤俊陽 1->1(下限0); 佐藤直美 1->1(下限0) 経路: 個人1改善:自己日交換+個人1改善:自己日交換+個人1改善:自己日交換 | PersonalJointLNS:個人回数/apt共同LNS: personal 10->10 / low 6->6 high 4->4 apt 0->0 / total 323->323 HARD 0->0 採用0束 手数0 restart3 展開146 候補10970 debt除外850 重複除外815 停止=探索停滞 対象: 桒澤美幸 3->3(下限0); アリフ 3->3(下限0); 古泉 健一 1->1(下限0); 山本昌幸 1->1(下限0); 福澤俊陽 1->1(下限0); 佐藤直美 1->1(下限0) [頭打ち=正式目的を改善する個人違反減少束なし] | ComponentRepair:違反連結成分修復: 候補0件()+起点生成362件 起点64件(探索24件・最大40候補) 推定4370回(ピン枝刈り495・相方なし除外108) 正式評価0回 採用0件 / total 323->323 HARD 0->0 score 6004->6004 | CovORelief:人員過剰の退避: covO 2->2 / total 323->323 HARD 0->0 採用0回 不採用4件(主因 c1:9 low:1) 残存: Dﾃ@11(重み悪化); Dﾃ@21(重み悪化),nice19=0
120,golden,8,-2032897485,1,on,61124,10000,true,4068,11,14,2,2237,961,843,0,false,0,6008.0,false,false,0,0,6008.0,325,74152020,4069,期間要件(c1)共同LNS: c1 76->76 (構造下限≥0; 改善可能幅進捗0%; 50%目標=未達) / total 330->330 HARD 0->0 採用0束 手数0 restart4 展開299 候補102821 debt除外51136(必須10007 合計32643 c1 8486 必須の主因 covU:10007) 重複除外10632 停止=探索停滞 [頭打ち=正式目的を改善するC1減少束なし],ComponentRepair:違反連結成分修復: 候補324件(手B×139 C3mnAlt×4 tryRelocate×159 FairChain×22)+起点生成0件 起点74件(探索24件・最大32候補) 推定5948回(ピン枝刈り4177・相方なし除外160) 正式評価0回 採用0件 / total 332->332 HARD 0->0 score 6057->6057 | PersonalJointLNS:個人回数/apt共同LNS: personal 10->10 / low 6->6 high 4->4 apt 0->0 / total 330->327 HARD 0->0 採用1束 手数2 restart3 展開141 候補10463 debt除外683 重複除外743 停止=探索停滞 対象: 桒澤美幸 3->3(下限0); アリフ 3->3(下限0); 古泉 健一 1->1(下限0); 山本昌幸 1->1(下限0); 福澤俊陽 1->1(下限0); 佐藤直美 1->1(下限0) 経路: 個人1改善:自己日交換+個人1改善:自己日交換 | PersonalJointLNS:個人回数/apt共同LNS: personal 10->10 / low 6->6 high 4->4 apt 0->0 / total 327->325 HARD 0->0 採用1束 手数2 restart3 展開143 候補10705 debt除外887 重複除外815 停止=探索停滞 対象: 桒澤美幸 3->3(下限0); アリフ 3->3(下限0); 古泉 健一 1->1(下限0); 山本昌幸 1->1(下限0); 福澤俊陽 1->1(下限0); 佐藤直美 1->1(下限0) 経路: 個人1改善:自己日交換+個人1改善:自己日交換 | ComponentRepair:違反連結成分修復: 候補0件()+起点生成362件 起点64件(探索24件・最大40候補) 推定4370回(ピン枝刈り495・相方なし除外108) 正式評価0回 採用0件 / total 325->325 HARD 0->0 score 6008->6008 | CovORelief:人員過剰の退避: covO 2->2 / total 325->325 HARD 0->0 採用0回 不採用4件(主因 c1:9 low:1) 残存: Dﾃ@11(重み悪化); Dﾃ@21(重み悪化),nice19=0
120,golden,8,-2032897485,1,off,61124,10000,true,4499,10,12,1,2177,1501,798,0,false,0,5893.0,false,false,0,0,5893.0,333,-60233202,4499,期間要件(c1)共同LNS: c1 73->73 (構造下限≥0; 改善可能幅進捗0%; 50%目標=未達) / total 338->338 HARD 0->0 採用0束 手数0 restart2 展開126 候補42877 debt除外26174(必須5704 合計18116 c1 2354 必須の主因 covU:5704) 重複除外3489 停止=期限 [頭打ち=正式目的を改善するC1減少束なし],ComponentRepair:違反連結成分修復: 候補339件(手B×135 C3mnAlt×4 tryRelocate×178 FairChain×22)+起点生成0件 起点76件(探索24件・最大37候補) 推定5772回(ピン枝刈り4389・相方なし除外165) 正式評価0回 採用0件 / total 338->338 HARD 0->0 score 5916->5916 | PersonalJointLNS:個人回数/apt共同LNS: personal 10->10 / low 6->6 high 4->4 apt 0->0 / total 338->333 HARD 0->0 採用1束 手数3 restart3 展開147 候補11234 debt除外839 重複除外1081 停止=探索停滞 対象: 桒澤美幸 3->3(下限0); アリフ 3->3(下限0); 古泉 健一 1->1(下限0); 山本昌幸 1->1(下限0); 福澤俊陽 1->1(下限0); 佐藤直美 1->1(下限0) 経路: 個人1改善:自己日交換+個人1改善:自己日交換+個人1改善:自己日交換 | PersonalJointLNS:個人回数/apt共同LNS: personal 10->10 / low 6->6 high 4->4 apt 0->0 / total 333->333 HARD 0->0 採用0束 手数0 restart3 展開146 候補11302 debt除外1428 重複除外954 停止=探索停滞 対象: 桒澤美幸 3->3(下限0); アリフ 3->3(下限0); 古泉 健一 1->1(下限0); 山本昌幸 1->1(下限0); 福澤俊陽 1->1(下限0); 佐藤直美 1->1(下限0) [頭打ち=正式目的を改善する個人違反減少束なし] | ComponentRepair:違反連結成分修復: 候補0件()+起点生成361件 起点63件(探索24件・最大40候補) 推定4157回(ピン枝刈り380・相方なし除外110) 正式評価0回 採用0件 / total 333->333 HARD 0->0 score 5893->5893 | CovORelief:人員過剰の退避: covO 2->2 / total 333->333 HARD 0->0 採用0回 不採用4件(主因 c1:10) 残存: Dﾃ@11(重み悪化); Dﾃ@21(重み悪化),nice19=0
120,golden,8,-2032897485,2,off,61124,10000,true,5852,10,14,2,3058,1504,1264,0,false,0,5807.0,false,false,0,0,5807.0,339,567044792,5852,期間要件(c1)共同LNS: c1 73->73 (構造下限≥0; 改善可能幅進捗0%; 50%目標=未達) / total 344->344 HARD 0->0 採用0束 手数0 restart2 展開117 候補40199 debt除外24640(必須3912 合計18759 c1 1969 必須の主因 covU:3912) 重複除外3117 停止=期限 [頭打ち=正式目的を改善するC1減少束なし],ComponentRepair:違反連結成分修復: 候補327件(手B×139 C3mnAlt×4 tryRelocate×164 FairChain×20)+起点生成0件 起点76件(探索24件・最大33候補) 推定4904回(ピン枝刈り3296・相方なし除外157) 正式評価0回 採用0件 / total 330->330 HARD 0->0 score 6053->6053 | PersonalJointLNS:個人回数/apt共同LNS: personal 10->10 / low 6->6 high 5->5 apt 0->0 / total 344->339 HARD 0->0 採用1束 手数3 restart3 展開143 候補10725 debt除外676 重複除外844 停止=探索停滞 対象: 桒澤美幸 3->3(下限0); アリフ 3->3(下限0); 古泉 健一 1->1(下限0); 山本昌幸 1->1(下限0); 福澤俊陽 1->1(下限0); 佐藤直美 1->1(下限0) 経路: 個人1改善:自己日交換+個人1改善:自己日交換+個人1改善:自己日交換 | PersonalJointLNS:個人回数/apt共同LNS: personal 10->10 / low 6->6 high 5->5 apt 0->0 / total 339->339 HARD 0->0 採用0束 手数0 restart3 展開142 候補10797 debt除外1064 重複除外997 停止=探索停滞 対象: 桒澤美幸 3->3(下限0); アリフ 3->3(下限0); 古泉 健一 1->1(下限0); 山本昌幸 1->1(下限0); 福澤俊陽 1->1(下限0); 佐藤直美 1->1(下限0) [頭打ち=正式目的を改善する個人違反減少束なし] | ComponentRepair:違反連結成分修復: 候補0件()+起点生成380件 起点65件(探索24件・最大40候補) 推定4476回(ピン枝刈り420・相方なし除外108) 正式評価0回 採用0件 / total 339->339 HARD 0->0 score 5807->5807 | CovORelief:人員過剰の退避: covO 2->2 / total 339->339 HARD 0->0 採用0回 不採用4件(主因 c1:10) 残存: Dﾃ@11(重み悪化); Dﾃ@21(重み悪化),nice19=0
120,golden,8,-2032897485,2,on,61124,10000,true,4202,12,14,2,2661,855,658,0,false,0,5906.0,false,false,0,0,5906.0,332,-438787314,4203,期間要件(c1)共同LNS: c1 74->74 (構造下限≥0; 改善可能幅進捗0%; 50%目標=未達) / total 337->337 HARD 0->0 採用0束 手数0 restart4 展開324 候補108864 debt除外65236(必須11482 合計47556 c1 6198 必須の主因 covU:11482) 重複除外8860 停止=探索停滞 [頭打ち=正式目的を改善するC1減少束なし],ComponentRepair:違反連結成分修復: 候補323件(手B×138 C3mnAlt×4 tryRelocate×161 FairChain×20)+起点生成0件 起点74件(探索24件・最大33候補) 推定6000回(ピン枝刈り3891・相方なし除外163) 正式評価0回 採用0件 / total 330->330 HARD 0->0 score 6053->6053 | PersonalJointLNS:個人回数/apt共同LNS: personal 10->10 / low 6->6 high 4->4 apt 0->0 / total 337->332 HARD 0->0 採用1束 手数3 restart3 展開145 候補10958 debt除外821 重複除外771 停止=探索停滞 対象: 桒澤美幸 3->3(下限0); アリフ 3->3(下限0); 古泉 健一 1->1(下限0); 山本昌幸 1->1(下限0); 福澤俊陽 1->1(下限0); 佐藤直美 1->1(下限0) 経路: 個人1改善:自己日交換+個人1改善:自己日交換+個人1改善:自己日交換 | PersonalJointLNS:個人回数/apt共同LNS: personal 10->10 / low 6->6 high 4->4 apt 0->0 / total 332->332 HARD 0->0 採用0束 手数0 restart3 展開147 候補11267 debt除外1280 重複除外770 停止=探索停滞 対象: 桒澤美幸 3->3(下限0); アリフ 3->3(下限0); 古泉 健一 1->1(下限0); 山本昌幸 1->1(下限0); 福澤俊陽 1->1(下限0); 佐藤直美 1->1(下限0) [頭打ち=正式目的を改善する個人違反減少束なし] | ComponentRepair:違反連結成分修復: 候補0件()+起点生成362件 起点62件(探索24件・最大40候補) 推定4353回(ピン枝刈り476・相方なし除外108) 正式評価0回 採用0件 / total 332->332 HARD 0->0 score 5906->5906 | CovORelief:人員過剰の退避: covO 2->2 / total 332->332 HARD 0->0 採用0回 不採用4件(主因 c1:10) 残存: Dﾃ@11(重み悪化); Dﾃ@21(重み悪化),nice19=0
120,golden,8,-2032897485,3,off,61124,10000,true,4453,13,15,2,1953,1502,967,1,false,0,5998.0,false,false,0,0,5998.0,339,-1897940506,4453,期間要件(c1)共同LNS: c1 74->74 (構造下限≥0; 改善可能幅進捗0%; 50%目標=未達) / total 344->344 HARD 0->0 採用0束 手数0 restart2 展開116 候補38491 debt除外21446(必須4032 合計14362 c1 3052 必須の主因 covU:4032) 重複除外3344 停止=期限 [頭打ち=正式目的を改善するC1減少束なし],ComponentRepair:違反連結成分修復: 候補332件(手B×133 C3mnAlt×4 tryRelocate×174 FairChain×21)+起点生成0件 起点82件(探索24件・最大34候補) 推定6000回(ピン枝刈り4244・相方なし除外143) 正式評価0回 採用0件 / total 344->344 HARD 0->0 score 6021->6021 | PersonalJointLNS:個人回数/apt共同LNS: personal 10->10 / low 6->6 high 4->4 apt 0->0 / total 344->339 HARD 0->0 採用1束 手数2 restart3 展開144 候補10912 debt除外859 重複除外762 停止=探索停滞 対象: 桒澤美幸 3->3(下限0); アリフ 3->3(下限0); 古泉 健一 1->1(下限0); 山本昌幸 1->1(下限0); 福澤俊陽 1->1(下限0); 佐藤直美 1->1(下限0) 経路: 個人1改善:自己日交換+個人1改善:自己日交換 | PersonalJointLNS:個人回数/apt共同LNS: personal 10->10 / low 6->6 high 4->4 apt 0->0 / total 339->339 HARD 0->0 採用0束 手数0 restart3 展開144 候補11089 debt除外1344 重複除外845 停止=探索停滞 対象: 桒澤美幸 3->3(下限0); アリフ 3->3(下限0); 古泉 健一 1->1(下限0); 山本昌幸 1->1(下限0); 福澤俊陽 1->1(下限0); 佐藤直美 1->1(下限0) [頭打ち=正式目的を改善する個人違反減少束なし] | ComponentRepair:違反連結成分修復: 候補0件()+起点生成364件 起点67件(探索24件・最大40候補) 推定4208回(ピン枝刈り412・相方なし除外110) 正式評価0回 採用0件 / total 339->339 HARD 0->0 score 5998->5998 | CovORelief:人員過剰の退避: covO 2->2 / total 339->339 HARD 0->0 採用0回 不採用4件(主因 c1:10) 残存: Dﾃ@11(重み悪化); Dﾃ@21(重み悪化),nice19=0
120,golden,8,-2032897485,3,on,61124,10000,true,3775,12,14,3,2107,901,738,0,false,0,6004.0,false,false,0,0,6004.0,323,-1404901936,3775,期間要件(c1)共同LNS: c1 76->76 (構造下限≥0; 改善可能幅進捗0%; 50%目標=未達) / total 328->328 HARD 0->0 採用0束 手数0 restart4 展開323 候補109421 debt除外60383(必須9879 合計41673 c1 8831 必須の主因 covU:9879) 重複除外10142 停止=探索停滞 [頭打ち=正式目的を改善するC1減少束なし],ComponentRepair:違反連結成分修復: 候補325件(手B×139 C3mnAlt×4 tryRelocate×161 FairChain×21)+起点生成0件 起点74件(探索24件・最大34候補) 推定5419回(ピン枝刈り3814・相方なし除外159) 正式評価0回 採用0件 / total 330->330 HARD 0->0 score 6053->6053 | PersonalJointLNS:個人回数/apt共同LNS: personal 10->10 / low 6->6 high 4->4 apt 0->0 / total 328->323 HARD 0->0 採用1束 手数3 restart3 展開144 候補10742 debt除外548 重複除外849 停止=探索停滞 対象: 桒澤美幸 3->3(下限0); アリフ 3->3(下限0); 古泉 健一 1->1(下限0); 山本昌幸 1->1(下限0); 福澤俊陽 1->1(下限0); 佐藤直美 1->1(下限0) 経路: 個人1改善:自己日交換+個人1改善:自己日交換+個人1改善:自己日交換 | PersonalJointLNS:個人回数/apt共同LNS: personal 10->10 / low 6->6 high 4->4 apt 0->0 / total 323->323 HARD 0->0 採用0束 手数0 restart3 展開146 候補10970 debt除外850 重複除外815 停止=探索停滞 対象: 桒澤美幸 3->3(下限0); アリフ 3->3(下限0); 古泉 健一 1->1(下限0); 山本昌幸 1->1(下限0); 福澤俊陽 1->1(下限0); 佐藤直美 1->1(下限0) [頭打ち=正式目的を改善する個人違反減少束なし] | ComponentRepair:違反連結成分修復: 候補0件()+起点生成362件 起点64件(探索24件・最大40候補) 推定4370回(ピン枝刈り495・相方なし除外108) 正式評価0回 採用0件 / total 323->323 HARD 0->0 score 6004->6004 | CovORelief:人員過剰の退避: covO 2->2 / total 323->323 HARD 0->0 採用0回 不採用4件(主因 c1:9 low:1) 残存: Dﾃ@11(重み悪化); Dﾃ@21(重み悪化),nice19=0
120,golden,8,-2032897485,4,on,61124,10000,true,3094,10,11,2,1484,862,725,0,false,0,6004.0,false,false,0,0,6004.0,323,-1404901936,3094,期間要件(c1)共同LNS: c1 76->76 (構造下限≥0; 改善可能幅進捗0%; 50%目標=未達) / total 328->328 HARD 0->0 採用0束 手数0 restart4 展開323 候補109421 debt除外60383(必須9879 合計41673 c1 8831 必須の主因 covU:9879) 重複除外10142 停止=探索停滞 [頭打ち=正式目的を改善するC1減少束なし],ComponentRepair:違反連結成分修復: 候補325件(手B×139 C3mnAlt×4 tryRelocate×162 FairChain×20)+起点生成0件 起点76件(探索24件・最大33候補) 推定5391回(ピン枝刈り3565・相方なし除外159) 正式評価0回 採用0件 / total 330->330 HARD 0->0 score 6053->6053 | PersonalJointLNS:個人回数/apt共同LNS: personal 10->10 / low 6->6 high 4->4 apt 0->0 / total 328->323 HARD 0->0 採用1束 手数3 restart3 展開144 候補10742 debt除外548 重複除外849 停止=探索停滞 対象: 桒澤美幸 3->3(下限0); アリフ 3->3(下限0); 古泉 健一 1->1(下限0); 山本昌幸 1->1(下限0); 福澤俊陽 1->1(下限0); 佐藤直美 1->1(下限0) 経路: 個人1改善:自己日交換+個人1改善:自己日交換+個人1改善:自己日交換 | PersonalJointLNS:個人回数/apt共同LNS: personal 10->10 / low 6->6 high 4->4 apt 0->0 / total 323->323 HARD 0->0 採用0束 手数0 restart3 展開146 候補10970 debt除外850 重複除外815 停止=探索停滞 対象: 桒澤美幸 3->3(下限0); アリフ 3->3(下限0); 古泉 健一 1->1(下限0); 山本昌幸 1->1(下限0); 福澤俊陽 1->1(下限0); 佐藤直美 1->1(下限0) [頭打ち=正式目的を改善する個人違反減少束なし] | ComponentRepair:違反連結成分修復: 候補0件()+起点生成362件 起点64件(探索24件・最大40候補) 推定4370回(ピン枝刈り495・相方なし除外108) 正式評価0回 採用0件 / total 323->323 HARD 0->0 score 6004->6004 | CovORelief:人員過剰の退避: covO 2->2 / total 323->323 HARD 0->0 採用0回 不採用4件(主因 c1:9 low:1) 残存: Dﾃ@11(重み悪化); Dﾃ@21(重み悪化),nice19=0
120,golden,8,-2032897485,4,off,61124,10000,true,4291,12,15,2,2005,1504,753,0,false,0,5906.0,false,false,0,0,5906.0,332,-438787314,4293,期間要件(c1)共同LNS: c1 74->74 (構造下限≥0; 改善可能幅進捗0%; 50%目標=未達) / total 337->337 HARD 0->0 採用0束 手数0 restart2 展開135 候補46134 debt除外29179(必須6516 合計19912 c1 2751 必須の主因 covU:6516) 重複除外3520 停止=期限 [頭打ち=正式目的を改善するC1減少束なし],ComponentRepair:違反連結成分修復: 候補324件(手B×136 C3mnAlt×4 tryRelocate×164 FairChain×20)+起点生成0件 起点75件(探索24件・最大33候補) 推定5700回(ピン枝刈り4012・相方なし除外143) 正式評価0回 採用0件 / total 337->337 HARD 0->0 score 5929->5929 | PersonalJointLNS:個人回数/apt共同LNS: personal 10->10 / low 6->6 high 4->4 apt 0->0 / total 337->332 HARD 0->0 採用1束 手数3 restart3 展開145 候補10958 debt除外821 重複除外771 停止=探索停滞 対象: 桒澤美幸 3->3(下限0); アリフ 3->3(下限0); 古泉 健一 1->1(下限0); 山本昌幸 1->1(下限0); 福澤俊陽 1->1(下限0); 佐藤直美 1->1(下限0) 経路: 個人1改善:自己日交換+個人1改善:自己日交換+個人1改善:自己日交換 | PersonalJointLNS:個人回数/apt共同LNS: personal 10->10 / low 6->6 high 4->4 apt 0->0 / total 332->332 HARD 0->0 採用0束 手数0 restart3 展開147 候補11267 debt除外1280 重複除外770 停止=探索停滞 対象: 桒澤美幸 3->3(下限0); アリフ 3->3(下限0); 古泉 健一 1->1(下限0); 山本昌幸 1->1(下限0); 福澤俊陽 1->1(下限0); 佐藤直美 1->1(下限0) [頭打ち=正式目的を改善する個人違反減少束なし] | ComponentRepair:違反連結成分修復: 候補0件()+起点生成362件 起点62件(探索24件・最大40候補) 推定4353回(ピン枝刈り476・相方なし除外108) 正式評価0回 採用0件 / total 332->332 HARD 0->0 score 5906->5906 | CovORelief:人員過剰の退避: covO 2->2 / total 332->332 HARD 0->0 採用0回 不採用4件(主因 c1:10) 残存: Dﾃ@11(重み悪化); Dﾃ@21(重み悪化),nice19=0
120,golden,9,-968672459,1,off,82278,10000,true,4486,12,14,2,1901,1639,918,0,false,0,6007.0,false,false,0,0,6007.0,321,-976474105,4487,期間要件(c1)共同LNS: c1 84->84 (構造下限≥0; 改善可能幅進捗0%; 50%目標=未達) / total 329->329 HARD 0->0 採用0束 手数0 restart2 展開120 候補48712 debt除外28491(必須3662 合計22004 c1 2825 必須の主因 covU:3662) 重複除外4705 停止=期限 [頭打ち=正式目的を改善するC1減少束なし],ComponentRepair:違反連結成分修復: 候補235件(手B×122 C3mnAlt×4 tryRelocate×100 FairChain×9)+起点生成0件 起点64件(探索24件・最大36候補) 推定4321回(ピン枝刈り3168・相方なし除外118) 正式評価0回 採用0件 / total 329->329 HARD 0->0 score 6049->6049 | PersonalJointLNS:個人回数/apt共同LNS: personal 7->7 / low 4->4 high 3->3 apt 0->0 / total 329->321 HARD 0->0 採用1束 手数4 restart3 展開148 候補13389 debt除外1660 重複除外1081 停止=探索停滞 対象: 桒澤美幸 3->3(下限0); 福澤俊陽 1->1(下限0); 金沢勇輝 1->1(下限0); モニカ 1->1(下限0); アリフ 1->1(下限0) 経路: 個人1改善:自己日交換+個人1改善:自己日交換+個人1改善:自己日交換+個人1改善:自己日交換 | PersonalJointLNS:個人回数/apt共同LNS: personal 7->7 / low 4->4 high 3->3 apt 0->0 / total 321->321 HARD 0->0 採用0束 手数0 restart3 展開143 候補13153 debt除外2013 重複除外1073 停止=探索停滞 対象: 桒澤美幸 3->3(下限0); 福澤俊陽 1->1(下限0); 金沢勇輝 1->1(下限0); モニカ 1->1(下限0); アリフ 1->1(下限0) [頭打ち=正式目的を改善する個人違反減少束なし] | ComponentRepair:違反連結成分修復: 候補0件()+起点生成344件 起点53件(探索24件・最大40候補) 推定5372回(ピン枝刈り395・相方なし除外115) 正式評価0回 採用0件 / total 321->321 HARD 0->0 score 6007->6007 | CovORelief:人員過剰の退避: covO 0->0 / total 321->321 HARD 0->0 採用0回,nice19=0
120,golden,9,-968672459,1,on,82278,10000,true,5256,17,23,2,3327,1006,880,1,false,0,5980.0,false,false,0,0,5980.0,324,1299574119,5257,期間要件(c1)共同LNS: c1 81->81 (構造下限≥0; 改善可能幅進捗0%; 50%目標=未達) / total 332->332 HARD 0->0 採用0束 手数0 restart4 展開343 候補139380 debt除外92172(必須14259 合計71342 c1 6571 必須の主因 covU:14259) 重複除外10593 停止=探索停滞 [頭打ち=正式目的を改善するC1減少束なし],ComponentRepair:違反連結成分修復: 候補259件(手B×119 C3mnAlt×4 tryRelocate×111 FairChain×25)+起点生成0件 起点62件(探索24件・最大38候補) 推定5015回(ピン枝刈り3991・相方なし除外127) 正式評価0回 採用0件 / total 335->335 HARD 0->0 score 6058->6058 | PersonalJointLNS:個人回数/apt共同LNS: personal 8->8 / low 5->5 high 3->3 apt 0->0 / total 332->324 HARD 0->0 採用1束 手数3 restart3 展開148 候補11312 debt除外1535 重複除外1095 停止=探索停滞 対象: 桒澤美幸 3->3(下限0); 山本昌幸 1->1(下限0); 福澤俊陽 1->1(下限0); 金沢勇輝 1->1(下限0); モニカ 1->1(下限0); アリフ 1->1(下限0) 経路: 個人1改善:自己日交換+個人1改善:自己日交換+個人1改善:自己日交換 | PersonalJointLNS:個人回数/apt共同LNS: personal 8->8 / low 5->5 high 3->3 apt 0->0 / total 324->324 HARD 0->0 採用0束 手数0 restart3 展開147 候補11291 debt除外1913 重複除外1131 停止=探索停滞 対象: 桒澤美幸 3->3(下限0); 山本昌幸 1->1(下限0); 福澤俊陽 1->1(下限0); 金沢勇輝 1->1(下限0); モニカ 1->1(下限0); アリフ 1->1(下限0) [頭打ち=正式目的を改善する個人違反減少束なし] | ComponentRepair:違反連結成分修復: 候補0件()+起点生成369件 起点54件(探索24件・最大40候補) 推定6166回(ピン枝刈り651・相方なし除外121) 正式評価0回 採用0件 / total 324->324 HARD 0->0 score 5980->5980 | CovORelief:人員過剰の退避: covO 1->1 / total 324->324 HARD 0->0 採用0回 不採用2件(主因 c1:5) 残存: Dﾃ@17(重み悪化),nice19=0
120,golden,9,-968672459,2,on,82278,10000,true,3403,22,28,4,1828,828,693,0,false,0,5996.0,false,false,0,0,5996.0,319,-1015814399,3403,期間要件(c1)共同LNS: c1 82->82 (構造下限≥0; 改善可能幅進捗0%; 50%目標=未達) / total 327->327 HARD 0->0 採用0束 手数0 restart4 展開344 候補150631 debt除外100616(必須10476 合計76690 c1 13450 必須の主因 covU:10476) 重複除外11396 停止=探索停滞 [頭打ち=正式目的を改善するC1減少束なし],ComponentRepair:違反連結成分修復: 候補237件(手B×122 C3mnAlt×4 tryRelocate×91 FairChain×20)+起点生成0件 起点61件(探索24件・最大36候補) 推定5503回(ピン枝刈り4170・相方なし除外116) 正式評価0回 採用0件 / total 330->330 HARD 0->0 score 6040->6040 | PersonalJointLNS:個人回数/apt共同LNS: personal 8->8 / low 5->5 high 3->3 apt 0->0 / total 327->319 HARD 0->0 採用1束 手数3 restart3 展開146 候補11296 debt除外1581 重複除外1133 停止=探索停滞 対象: 桒澤美幸 3->3(下限0); 山本昌幸 1->1(下限0); 福澤俊陽 1->1(下限0); 金沢勇輝 1->1(下限0); モニカ 1->1(下限0); アリフ 1->1(下限0) 経路: 個人1改善:自己日交換+個人1改善:自己日交換+個人1改善:自己日交換 | PersonalJointLNS:個人回数/apt共同LNS: personal 8->8 / low 5->5 high 3->3 apt 0->0 / total 319->319 HARD 0->0 採用0束 手数0 restart3 展開147 候補11015 debt除外1632 重複除外1223 停止=探索停滞 対象: 桒澤美幸 3->3(下限0); 山本昌幸 1->1(下限0); 福澤俊陽 1->1(下限0); 金沢勇輝 1->1(下限0); モニカ 1->1(下限0); アリフ 1->1(下限0) [頭打ち=正式目的を改善する個人違反減少束なし] | ComponentRepair:違反連結成分修復: 候補0件()+起点生成369件 起点55件(探索24件・最大40候補) 推定6175回(ピン枝刈り539・相方なし除外103) 正式評価0回 採用0件 / total 319->319 HARD 0->0 score 5996->5996 | CovORelief:人員過剰の退避: covO 1->1 / total 319->319 HARD 0->0 採用0回 不採用2件(主因 c1:5) 残存: Dﾃ@17(重み悪化),nice19=0
120,golden,9,-968672459,2,off,82278,10000,true,4909,11,15,3,1789,1505,1585,1,false,0,6007.0,false,false,0,0,6007.0,321,-976474105,4909,期間要件(c1)共同LNS: c1 84->84 (構造下限≥0; 改善可能幅進捗0%; 50%目標=未達) / total 329->329 HARD 0->0 採用0束 手数0 restart2 展開103 候補41800 debt除外24643(必須3091 合計19127 c1 2425 必須の主因 covU:3091) 重複除外4034 停止=期限 [頭打ち=正式目的を改善するC1減少束なし],ComponentRepair:違反連結成分修復: 候補238件(手B×122 C3mnAlt×4 tryRelocate×103 FairChain×9)+起点生成0件 起点64件(探索24件・最大38候補) 推定4150回(ピン枝刈り3034・相方なし除外127) 正式評価0回 採用0件 / total 329->329 HARD 0->0 score 6049->6049 | PersonalJointLNS:個人回数/apt共同LNS: personal 7->7 / low 4->4 high 3->3 apt 0->0 / total 329->321 HARD 0->0 採用1束 手数4 restart3 展開148 候補13389 debt除外1660 重複除外1081 停止=探索停滞 対象: 桒澤美幸 3->3(下限0); 福澤俊陽 1->1(下限0); 金沢勇輝 1->1(下限0); モニカ 1->1(下限0); アリフ 1->1(下限0) 経路: 個人1改善:自己日交換+個人1改善:自己日交換+個人1改善:自己日交換+個人1改善:自己日交換 | PersonalJointLNS:個人回数/apt共同LNS: personal 7->7 / low 4->4 high 3->3 apt 0->0 / total 321->321 HARD 0->0 採用0束 手数0 restart3 展開143 候補13153 debt除外2013 重複除外1073 停止=探索停滞 対象: 桒澤美幸 3->3(下限0); 福澤俊陽 1->1(下限0); 金沢勇輝 1->1(下限0); モニカ 1->1(下限0); アリフ 1->1(下限0) [頭打ち=正式目的を改善する個人違反減少束なし] | ComponentRepair:違反連結成分修復: 候補0件()+起点生成344件 起点53件(探索24件・最大40候補) 推定5372回(ピン枝刈り395・相方なし除外115) 正式評価0回 採用0件 / total 321->321 HARD 0->0 score 6007->6007 | CovORelief:人員過剰の退避: covO 0->0 / total 321->321 HARD 0->0 採用0回,nice19=0
120,golden,9,-968672459,3,on,82278,10000,true,4147,13,15,1,2232,976,909,1,false,0,6007.0,false,false,0,0,6007.0,321,-976474105,4148,期間要件(c1)共同LNS: c1 84->84 (構造下限≥0; 改善可能幅進捗0%; 50%目標=未達) / total 329->329 HARD 0->0 採用0束 手数0 restart4 展開343 候補140061 debt除外88770(必須12999 合計69221 c1 6550 必須の主因 covU:12999) 重複除外11732 停止=探索停滞 [頭打ち=正式目的を改善するC1減少束なし],ComponentRepair:違反連結成分修復: 候補238件(手B×122 C3mnAlt×4 tryRelocate×103 FairChain×9)+起点生成0件 起点63件(探索24件・最大36候補) 推定5475回(ピン枝刈り4266・相方なし除外115) 正式評価0回 採用0件 / total 329->329 HARD 0->0 score 6049->6049 | PersonalJointLNS:個人回数/apt共同LNS: personal 7->7 / low 4->4 high 3->3 apt 0->0 / total 329->321 HARD 0->0 採用1束 手数4 restart3 展開148 候補13389 debt除外1660 重複除外1081 停止=探索停滞 対象: 桒澤美幸 3->3(下限0); 福澤俊陽 1->1(下限0); 金沢勇輝 1->1(下限0); モニカ 1->1(下限0); アリフ 1->1(下限0) 経路: 個人1改善:自己日交換+個人1改善:自己日交換+個人1改善:自己日交換+個人1改善:自己日交換 | PersonalJointLNS:個人回数/apt共同LNS: personal 7->7 / low 4->4 high 3->3 apt 0->0 / total 321->321 HARD 0->0 採用0束 手数0 restart3 展開143 候補13153 debt除外2013 重複除外1073 停止=探索停滞 対象: 桒澤美幸 3->3(下限0); 福澤俊陽 1->1(下限0); 金沢勇輝 1->1(下限0); モニカ 1->1(下限0); アリフ 1->1(下限0) [頭打ち=正式目的を改善する個人違反減少束なし] | ComponentRepair:違反連結成分修復: 候補0件()+起点生成344件 起点53件(探索24件・最大40候補) 推定5372回(ピン枝刈り395・相方なし除外115) 正式評価0回 採用0件 / total 321->321 HARD 0->0 score 6007->6007 | CovORelief:人員過剰の退避: covO 0->0 / total 321->321 HARD 0->0 採用0回,nice19=0
120,golden,9,-968672459,3,off,82278,10000,true,4399,12,15,1,1956,1521,894,0,false,0,6007.0,false,false,0,0,6007.0,321,-976474105,4400,期間要件(c1)共同LNS: c1 84->84 (構造下限≥0; 改善可能幅進捗0%; 50%目標=未達) / total 329->329 HARD 0->0 採用0束 手数0 restart2 展開125 候補50970 debt除外30075(必須3922 合計23293 c1 2860 必須の主因 covU:3922) 重複除外4856 停止=期限 [頭打ち=正式目的を改善するC1減少束なし],ComponentRepair:違反連結成分修復: 候補233件(手B×122 C3mnAlt×4 tryRelocate×98 FairChain×9)+起点生成0件 起点64件(探索24件・最大38候補) 推定5220回(ピン枝刈り3858・相方なし除外116) 正式評価0回 採用0件 / total 329->329 HARD 0->0 score 6049->6049 | PersonalJointLNS:個人回数/apt共同LNS: personal 7->7 / low 4->4 high 3->3 apt 0->0 / total 329->321 HARD 0->0 採用1束 手数4 restart3 展開148 候補13389 debt除外1660 重複除外1081 停止=探索停滞 対象: 桒澤美幸 3->3(下限0); 福澤俊陽 1->1(下限0); 金沢勇輝 1->1(下限0); モニカ 1->1(下限0); アリフ 1->1(下限0) 経路: 個人1改善:自己日交換+個人1改善:自己日交換+個人1改善:自己日交換+個人1改善:自己日交換 | PersonalJointLNS:個人回数/apt共同LNS: personal 7->7 / low 4->4 high 3->3 apt 0->0 / total 321->321 HARD 0->0 採用0束 手数0 restart3 展開143 候補13153 debt除外2013 重複除外1073 停止=探索停滞 対象: 桒澤美幸 3->3(下限0); 福澤俊陽 1->1(下限0); 金沢勇輝 1->1(下限0); モニカ 1->1(下限0); アリフ 1->1(下限0) [頭打ち=正式目的を改善する個人違反減少束なし] | ComponentRepair:違反連結成分修復: 候補0件()+起点生成344件 起点53件(探索24件・最大40候補) 推定5372回(ピン枝刈り395・相方なし除外115) 正式評価0回 採用0件 / total 321->321 HARD 0->0 score 6007->6007 | CovORelief:人員過剰の退避: covO 0->0 / total 321->321 HARD 0->0 採用0回,nice19=0
120,golden,9,-968672459,4,off,82278,10000,true,5526,12,14,2,2625,1502,1369,2,false,0,6007.0,false,false,0,0,6007.0,321,-976474105,5527,期間要件(c1)共同LNS: c1 84->84 (構造下限≥0; 改善可能幅進捗0%; 50%目標=未達) / total 329->329 HARD 0->0 採用0束 手数0 restart2 展開112 候補45760 debt除外26882(必須3396 合計20709 c1 2777 必須の主因 covU:3396) 重複除外4416 停止=期限 [頭打ち=正式目的を改善するC1減少束なし],ComponentRepair:違反連結成分修復: 候補234件(手B×122 C3mnAlt×4 tryRelocate×99 FairChain×9)+起点生成0件 起点64件(探索24件・最大35候補) 推定4566回(ピン枝刈り3453・相方なし除外116) 正式評価0回 採用0件 / total 329->329 HARD 0->0 score 6049->6049 | PersonalJointLNS:個人回数/apt共同LNS: personal 7->7 / low 4->4 high 3->3 apt 0->0 / total 329->321 HARD 0->0 採用1束 手数4 restart3 展開148 候補13389 debt除外1660 重複除外1081 停止=探索停滞 対象: 桒澤美幸 3->3(下限0); 福澤俊陽 1->1(下限0); 金沢勇輝 1->1(下限0); モニカ 1->1(下限0); アリフ 1->1(下限0) 経路: 個人1改善:自己日交換+個人1改善:自己日交換+個人1改善:自己日交換+個人1改善:自己日交換 | PersonalJointLNS:個人回数/apt共同LNS: personal 7->7 / low 4->4 high 3->3 apt 0->0 / total 321->321 HARD 0->0 採用0束 手数0 restart3 展開143 候補13153 debt除外2013 重複除外1073 停止=探索停滞 対象: 桒澤美幸 3->3(下限0); 福澤俊陽 1->1(下限0); 金沢勇輝 1->1(下限0); モニカ 1->1(下限0); アリフ 1->1(下限0) [頭打ち=正式目的を改善する個人違反減少束なし] | ComponentRepair:違反連結成分修復: 候補0件()+起点生成344件 起点53件(探索24件・最大40候補) 推定5372回(ピン枝刈り395・相方なし除外115) 正式評価0回 採用0件 / total 321->321 HARD 0->0 score 6007->6007 | CovORelief:人員過剰の退避: covO 0->0 / total 321->321 HARD 0->0 採用0回,nice19=0
120,golden,9,-968672459,4,on,82278,10000,true,6023,34,54,7,4289,886,752,1,false,0,6007.0,false,false,0,0,6007.0,321,-976474105,6023,期間要件(c1)共同LNS: c1 84->84 (構造下限≥0; 改善可能幅進捗0%; 50%目標=未達) / total 329->329 HARD 0->0 採用0束 手数0 restart4 展開343 候補140061 debt除外88770(必須12999 合計69221 c1 6550 必須の主因 covU:12999) 重複除外11732 停止=探索停滞 [頭打ち=正式目的を改善するC1減少束なし],ComponentRepair:違反連結成分修復: 候補235件(手B×122 C3mnAlt×4 tryRelocate×100 FairChain×9)+起点生成0件 起点64件(探索24件・最大38候補) 推定5065回(ピン枝刈り3865・相方なし除外106) 正式評価0回 採用0件 / total 329->329 HARD 0->0 score 6049->6049 | PersonalJointLNS:個人回数/apt共同LNS: personal 7->7 / low 4->4 high 3->3 apt 0->0 / total 329->321 HARD 0->0 採用1束 手数4 restart3 展開148 候補13389 debt除外1660 重複除外1081 停止=探索停滞 対象: 桒澤美幸 3->3(下限0); 福澤俊陽 1->1(下限0); 金沢勇輝 1->1(下限0); モニカ 1->1(下限0); アリフ 1->1(下限0) 経路: 個人1改善:自己日交換+個人1改善:自己日交換+個人1改善:自己日交換+個人1改善:自己日交換 | PersonalJointLNS:個人回数/apt共同LNS: personal 7->7 / low 4->4 high 3->3 apt 0->0 / total 321->321 HARD 0->0 採用0束 手数0 restart3 展開143 候補13153 debt除外2013 重複除外1073 停止=探索停滞 対象: 桒澤美幸 3->3(下限0); 福澤俊陽 1->1(下限0); 金沢勇輝 1->1(下限0); モニカ 1->1(下限0); アリフ 1->1(下限0) [頭打ち=正式目的を改善する個人違反減少束なし] | ComponentRepair:違反連結成分修復: 候補0件()+起点生成344件 起点53件(探索24件・最大40候補) 推定5372回(ピン枝刈り395・相方なし除外115) 正式評価0回 採用0件 / total 321->321 HARD 0->0 score 6007->6007 | CovORelief:人員過剰の退避: covO 0->0 / total 321->321 HARD 0->0 採用0回,nice19=0
120,golden,10,296998039,0,on,63624,10000,true,5434,85,30,1,2775,1330,1213,0,false,0,6078.0,false,false,0,0,6078.0,324,-502801757,5436,期間要件(c1)共同LNS: c1 82->82 (構造下限≥0; 改善可能幅進捗0%; 50%目標=未達) / total 321->321 HARD 0->0 採用0束 手数0 restart4 展開347 候補136105 debt除外75951(必須9207 合計59225 c1 7519 必須の主因 covU:9207) 重複除外11518 停止=探索停滞 [頭打ち=正式目的を改善するC1減少束なし],ComponentRepair:違反連結成分修復: 候補242件(手B×140 C3mnAlt×2 tryRelocate×91 FairChain×9)+起点生成0件 起点66件(探索24件・最大38候補) 推定4883回(ピン枝刈り3160・相方なし除外135) 正式評価0回 採用0件 / total 321->321 HARD 0->0 score 6098->6098 | PersonalJointLNS:個人回数/apt共同LNS: personal 8->7 / low 5->4 high 3->3 apt 0->0 / total 321->324 HARD 0->0 採用1束 手数4 restart3 展開147 候補10372 debt除外2455 重複除外1066 停止=探索停滞 対象: 桒澤美幸 3->3(下限0); 福澤俊陽 1->1(下限0); 吉江雄貴 1->0(下限0=下限); 金沢勇輝 1->1(下限0); モニカ 1->1(下限0); アリフ 1->1(下限0) 経路: 個人1改善:自己日交換+個人1改善:自己日交換+個人1改善:直接+coverage連鎖+個人2改善:同日交換 | PersonalJointLNS:個人回数/apt共同LNS: personal 7->7 / low 4->4 high 3->3 apt 0->0 / total 324->324 HARD 0->0 採用0束 手数0 restart3 展開146 候補12716 debt除外1615 重複除外1216 停止=探索停滞 対象: 桒澤美幸 3->3(下限0); 福澤俊陽 1->1(下限0); 金沢勇輝 1->1(下限0); モニカ 1->1(下限0); アリフ 1->1(下限0) [頭打ち=正式目的を改善する個人違反減少束なし] | ComponentRepair:違反連結成分修復: 候補0件()+起点生成399件 起点58件(探索24件・最大40候補) 推定2894回(ピン枝刈り268・相方なし除外151) 正式評価0回 採用0件 / total 324->324 HARD 0->0 score 6078->6078 | CovORelief:人員過剰の退避: covO 0->0 / total 324->324 HARD 0->0 採用0回,nice19=0
120,golden,10,296998039,0,off,63624,10000,true,5608,87,13,1,1701,1504,2302,0,false,0,6078.0,false,false,0,0,6078.0,324,-502801757,5608,期間要件(c1)共同LNS: c1 82->82 (構造下限≥0; 改善可能幅進捗0%; 50%目標=未達) / total 321->321 HARD 0->0 採用0束 手数0 restart2 展開93 候補36616 debt除外19661(必須2474 合計14385 c1 2802 必須の主因 covU:2474) 重複除外3207 停止=期限 [頭打ち=正式目的を改善するC1減少束なし],ComponentRepair:違反連結成分修復: 候補247件(手B×147 C3mnAlt×2 tryRelocate×89 FairChain×9)+起点生成0件 起点67件(探索24件・最大38候補) 推定5441回(ピン枝刈り3448・相方なし除外143) 正式評価0回 採用0件 / total 321->321 HARD 0->0 score 6098->6098 | PersonalJointLNS:個人回数/apt共同LNS: personal 8->7 / low 5->4 high 3->3 apt 0->0 / total 321->324 HARD 0->0 採用1束 手数4 restart3 展開140 候補9849 debt除外2079 重複除外1063 停止=期限 対象: 桒澤美幸 3->3(下限0); 福澤俊陽 1->1(下限0); 吉江雄貴 1->0(下限0=下限); 金沢勇輝 1->1(下限0); モニカ 1->1(下限0); アリフ 1->1(下限0) 経路: 個人1改善:自己日交換+個人1改善:自己日交換+個人1改善:直接+coverage連鎖+個人2改善:同日交換 | PersonalJointLNS:個人回数/apt共同LNS: personal 7->7 / low 4->4 high 3->3 apt 0->0 / total 324->324 HARD 0->0 採用0束 手数0 restart3 展開146 候補12716 debt除外1615 重複除外1216 停止=探索停滞 対象: 桒澤美幸 3->3(下限0); 福澤俊陽 1->1(下限0); 金沢勇輝 1->1(下限0); モニカ 1->1(下限0); アリフ 1->1(下限0) [頭打ち=正式目的を改善する個人違反減少束なし] | ComponentRepair:違反連結成分修復: 候補0件()+起点生成399件 起点58件(探索24件・最大40候補) 推定2894回(ピン枝刈り268・相方なし除外151) 正式評価0回 採用0件 / total 324->324 HARD 0->0 score 6078->6078 | CovORelief:人員過剰の退避: covO 0->0 / total 324->324 HARD 0->0 採用0回,nice19=0
120,golden,10,296998039,1,on,63624,10000,true,3479,13,12,1,1818,949,686,0,false,0,6078.0,false,false,0,0,6078.0,324,-502801757,3479,期間要件(c1)共同LNS: c1 82->82 (構造下限≥0; 改善可能幅進捗0%; 50%目標=未達) / total 321->321 HARD 0->0 採用0束 手数0 restart4 展開347 候補136105 debt除外75951(必須9207 合計59225 c1 7519 必須の主因 covU:9207) 重複除外11518 停止=探索停滞 [頭打ち=正式目的を改善するC1減少束なし],ComponentRepair:違反連結成分修復: 候補240件(手B×141 C3mnAlt×2 tryRelocate×88 FairChain×9)+起点生成0件 起点66件(探索24件・最大37候補) 推定4865回(ピン枝刈り3105・相方なし除外143) 正式評価0回 採用0件 / total 321->321 HARD 0->0 score 6098->6098 | PersonalJointLNS:個人回数/apt共同LNS: personal 8->7 / low 5->4 high 3->3 apt 0->0 / total 321->324 HARD 0->0 採用1束 手数4 restart3 展開147 候補10372 debt除外2455 重複除外1066 停止=探索停滞 対象: 桒澤美幸 3->3(下限0); 福澤俊陽 1->1(下限0); 吉江雄貴 1->0(下限0=下限); 金沢勇輝 1->1(下限0); モニカ 1->1(下限0); アリフ 1->1(下限0) 経路: 個人1改善:自己日交換+個人1改善:自己日交換+個人1改善:直接+coverage連鎖+個人2改善:同日交換 | PersonalJointLNS:個人回数/apt共同LNS: personal 7->7 / low 4->4 high 3->3 apt 0->0 / total 324->324 HARD 0->0 採用0束 手数0 restart3 展開146 候補12716 debt除外1615 重複除外1216 停止=探索停滞 対象: 桒澤美幸 3->3(下限0); 福澤俊陽 1->1(下限0); 金沢勇輝 1->1(下限0); モニカ 1->1(下限0); アリフ 1->1(下限0) [頭打ち=正式目的を改善する個人違反減少束なし] | ComponentRepair:違反連結成分修復: 候補0件()+起点生成399件 起点58件(探索24件・最大40候補) 推定2894回(ピン枝刈り268・相方なし除外151) 正式評価0回 採用0件 / total 324->324 HARD 0->0 score 6078->6078 | CovORelief:人員過剰の退避: covO 0->0 / total 324->324 HARD 0->0 採用0回,nice19=0
120,golden,10,296998039,1,off,63624,10000,true,4035,10,9,1,1640,1505,870,0,false,0,6078.0,false,false,0,0,6078.0,324,-502801757,4037,期間要件(c1)共同LNS: c1 82->82 (構造下限≥0; 改善可能幅進捗0%; 50%目標=未達) / total 321->321 HARD 0->0 採用0束 手数0 restart2 展開122 候補48119 debt除外25063(必須3339 合計18081 c1 3643 必須の主因 covU:3339) 重複除外4342 停止=期限 [頭打ち=正式目的を改善するC1減少束なし],ComponentRepair:違反連結成分修復: 候補244件(手B×143 C3mnAlt×2 tryRelocate×90 FairChain×9)+起点生成0件 起点67件(探索24件・最大39候補) 推定4851回(ピン枝刈り2772・相方なし除外153) 正式評価0回 採用0件 / total 321->321 HARD 0->0 score 6098->6098 | PersonalJointLNS:個人回数/apt共同LNS: personal 8->7 / low 5->4 high 3->3 apt 0->0 / total 321->324 HARD 0->0 採用1束 手数4 restart3 展開147 候補10372 debt除外2455 重複除外1066 停止=探索停滞 対象: 桒澤美幸 3->3(下限0); 福澤俊陽 1->1(下限0); 吉江雄貴 1->0(下限0=下限); 金沢勇輝 1->1(下限0); モニカ 1->1(下限0); アリフ 1->1(下限0) 経路: 個人1改善:自己日交換+個人1改善:自己日交換+個人1改善:直接+coverage連鎖+個人2改善:同日交換 | PersonalJointLNS:個人回数/apt共同LNS: personal 7->7 / low 4->4 high 3->3 apt 0->0 / total 324->324 HARD 0->0 採用0束 手数0 restart3 展開146 候補12716 debt除外1615 重複除外1216 停止=探索停滞 対象: 桒澤美幸 3->3(下限0); 福澤俊陽 1->1(下限0); 金沢勇輝 1->1(下限0); モニカ 1->1(下限0); アリフ 1->1(下限0) [頭打ち=正式目的を改善する個人違反減少束なし] | ComponentRepair:違反連結成分修復: 候補0件()+起点生成399件 起点58件(探索24件・最大40候補) 推定2894回(ピン枝刈り268・相方なし除外151) 正式評価0回 採用0件 / total 324->324 HARD 0->0 score 6078->6078 | CovORelief:人員過剰の退避: covO 0->0 / total 324->324 HARD 0->0 採用0回,nice19=0
120,golden,10,296998039,2,off,63624,10000,true,4268,12,12,1,1591,1506,1145,1,false,0,6078.0,false,false,0,0,6078.0,324,-502801757,4268,期間要件(c1)共同LNS: c1 82->82 (構造下限≥0; 改善可能幅進捗0%; 50%目標=未達) / total 321->321 HARD 0->0 採用0束 手数0 restart2 展開93 候補36981 debt除外19821(必須2506 合計14483 c1 2832 必須の主因 covU:2506) 重複除外3242 停止=期限 [頭打ち=正式目的を改善するC1減少束なし],ComponentRepair:違反連結成分修復: 候補249件(手B×148 C3mnAlt×2 tryRelocate×90 FairChain×9)+起点生成0件 起点67件(探索24件・最大37候補) 推定4629回(ピン枝刈り3095・相方なし除外145) 正式評価0回 採用0件 / total 321->321 HARD 0->0 score 6098->6098 | PersonalJointLNS:個人回数/apt共同LNS: personal 8->7 / low 5->4 high 3->3 apt 0->0 / total 321->324 HARD 0->0 採用1束 手数4 restart3 展開147 候補10372 debt除外2455 重複除外1066 停止=探索停滞 対象: 桒澤美幸 3->3(下限0); 福澤俊陽 1->1(下限0); 吉江雄貴 1->0(下限0=下限); 金沢勇輝 1->1(下限0); モニカ 1->1(下限0); アリフ 1->1(下限0) 経路: 個人1改善:自己日交換+個人1改善:自己日交換+個人1改善:直接+coverage連鎖+個人2改善:同日交換 | PersonalJointLNS:個人回数/apt共同LNS: personal 7->7 / low 4->4 high 3->3 apt 0->0 / total 324->324 HARD 0->0 採用0束 手数0 restart3 展開146 候補12716 debt除外1615 重複除外1216 停止=探索停滞 対象: 桒澤美幸 3->3(下限0); 福澤俊陽 1->1(下限0); 金沢勇輝 1->1(下限0); モニカ 1->1(下限0); アリフ 1->1(下限0) [頭打ち=正式目的を改善する個人違反減少束なし] | ComponentRepair:違反連結成分修復: 候補0件()+起点生成399件 起点58件(探索24件・最大40候補) 推定2894回(ピン枝刈り268・相方なし除外151) 正式評価0回 採用0件 / total 324->324 HARD 0->0 score 6078->6078 | CovORelief:人員過剰の退避: covO 0->0 / total 324->324 HARD 0->0 採用0回,nice19=0
120,golden,10,296998039,2,on,63624,10000,true,3814,12,13,1,1723,1125,939,1,false,0,6078.0,false,false,0,0,6078.0,324,-502801757,3814,期間要件(c1)共同LNS: c1 82->82 (構造下限≥0; 改善可能幅進捗0%; 50%目標=未達) / total 321->321 HARD 0->0 採用0束 手数0 restart4 展開347 候補136105 debt除外75951(必須9207 合計59225 c1 7519 必須の主因 covU:9207) 重複除外11518 停止=探索停滞 [頭打ち=正式目的を改善するC1減少束なし],ComponentRepair:違反連結成分修復: 候補268件(手B×169 C3mnAlt×2 tryRelocate×88 FairChain×9)+起点生成0件 起点67件(探索24件・最大39候補) 推定5145回(ピン枝刈り3689・相方なし除外152) 正式評価0回 採用0件 / total 321->321 HARD 0->0 score 6098->6098 | PersonalJointLNS:個人回数/apt共同LNS: personal 8->7 / low 5->4 high 3->3 apt 0->0 / total 321->324 HARD 0->0 採用1束 手数4 restart3 展開147 候補10372 debt除外2455 重複除外1066 停止=探索停滞 対象: 桒澤美幸 3->3(下限0); 福澤俊陽 1->1(下限0); 吉江雄貴 1->0(下限0=下限); 金沢勇輝 1->1(下限0); モニカ 1->1(下限0); アリフ 1->1(下限0) 経路: 個人1改善:自己日交換+個人1改善:自己日交換+個人1改善:直接+coverage連鎖+個人2改善:同日交換 | PersonalJointLNS:個人回数/apt共同LNS: personal 7->7 / low 4->4 high 3->3 apt 0->0 / total 324->324 HARD 0->0 採用0束 手数0 restart3 展開146 候補12716 debt除外1615 重複除外1216 停止=探索停滞 対象: 桒澤美幸 3->3(下限0); 福澤俊陽 1->1(下限0); 金沢勇輝 1->1(下限0); モニカ 1->1(下限0); アリフ 1->1(下限0) [頭打ち=正式目的を改善する個人違反減少束なし] | ComponentRepair:違反連結成分修復: 候補0件()+起点生成399件 起点58件(探索24件・最大40候補) 推定2894回(ピン枝刈り268・相方なし除外151) 正式評価0回 採用0件 / total 324->324 HARD 0->0 score 6078->6078 | CovORelief:人員過剰の退避: covO 0->0 / total 324->324 HARD 0->0 採用0回,nice19=0
120,golden,10,296998039,3,off,63624,10000,true,5001,14,18,1,2145,1534,1289,0,false,0,6078.0,false,false,0,0,6078.0,324,-502801757,5001,期間要件(c1)共同LNS: c1 82->82 (構造下限≥0; 改善可能幅進捗0%; 50%目標=未達) / total 321->321 HARD 0->0 採用0束 手数0 restart1 展開70 候補27744 debt除外14657(必須1841 合計10317 c1 2499 必須の主因 covU:1841) 重複除外2471 停止=期限 [頭打ち=正式目的を改善するC1減少束なし],ComponentRepair:違反連結成分修復: 候補268件(手B×167 C3mnAlt×2 tryRelocate×90 FairChain×9)+起点生成0件 起点67件(探索24件・最大39候補) 推定5414回(ピン枝刈り3999・相方なし除外164) 正式評価0回 採用0件 / total 321->321 HARD 0->0 score 6098->6098 | PersonalJointLNS:個人回数/apt共同LNS: personal 8->7 / low 5->4 high 3->3 apt 0->0 / total 321->324 HARD 0->0 採用1束 手数4 restart3 展開147 候補10372 debt除外2455 重複除外1066 停止=探索停滞 対象: 桒澤美幸 3->3(下限0); 福澤俊陽 1->1(下限0); 吉江雄貴 1->0(下限0=下限); 金沢勇輝 1->1(下限0); モニカ 1->1(下限0); アリフ 1->1(下限0) 経路: 個人1改善:自己日交換+個人1改善:自己日交換+個人1改善:直接+coverage連鎖+個人2改善:同日交換 | PersonalJointLNS:個人回数/apt共同LNS: personal 7->7 / low 4->4 high 3->3 apt 0->0 / total 324->324 HARD 0->0 採用0束 手数0 restart3 展開146 候補12716 debt除外1615 重複除外1216 停止=探索停滞 対象: 桒澤美幸 3->3(下限0); 福澤俊陽 1->1(下限0); 金沢勇輝 1->1(下限0); モニカ 1->1(下限0); アリフ 1->1(下限0) [頭打ち=正式目的を改善する個人違反減少束なし] | ComponentRepair:違反連結成分修復: 候補0件()+起点生成399件 起点58件(探索24件・最大40候補) 推定2894回(ピン枝刈り268・相方なし除外151) 正式評価0回 採用0件 / total 324->324 HARD 0->0 score 6078->6078 | CovORelief:人員過剰の退避: covO 0->0 / total 324->324 HARD 0->0 採用0回,nice19=0
120,golden,10,296998039,3,on,63624,10000,true,4342,12,12,1,2051,1319,947,0,false,0,6078.0,false,false,0,0,6078.0,324,-502801757,4343,期間要件(c1)共同LNS: c1 82->82 (構造下限≥0; 改善可能幅進捗0%; 50%目標=未達) / total 321->321 HARD 0->0 採用0束 手数0 restart4 展開347 候補136105 debt除外75951(必須9207 合計59225 c1 7519 必須の主因 covU:9207) 重複除外11518 停止=探索停滞 [頭打ち=正式目的を改善するC1減少束なし],ComponentRepair:違反連結成分修復: 候補242件(手B×139 C3mnAlt×2 tryRelocate×92 FairChain×9)+起点生成0件 起点67件(探索24件・最大37候補) 推定3969回(ピン枝刈り2415・相方なし除外152) 正式評価0回 採用0件 / total 321->321 HARD 0->0 score 6098->6098 | PersonalJointLNS:個人回数/apt共同LNS: personal 8->7 / low 5->4 high 3->3 apt 0->0 / total 321->324 HARD 0->0 採用1束 手数4 restart3 展開147 候補10372 debt除外2455 重複除外1066 停止=探索停滞 対象: 桒澤美幸 3->3(下限0); 福澤俊陽 1->1(下限0); 吉江雄貴 1->0(下限0=下限); 金沢勇輝 1->1(下限0); モニカ 1->1(下限0); アリフ 1->1(下限0) 経路: 個人1改善:自己日交換+個人1改善:自己日交換+個人1改善:直接+coverage連鎖+個人2改善:同日交換 | PersonalJointLNS:個人回数/apt共同LNS: personal 7->7 / low 4->4 high 3->3 apt 0->0 / total 324->324 HARD 0->0 採用0束 手数0 restart3 展開146 候補12716 debt除外1615 重複除外1216 停止=探索停滞 対象: 桒澤美幸 3->3(下限0); 福澤俊陽 1->1(下限0); 金沢勇輝 1->1(下限0); モニカ 1->1(下限0); アリフ 1->1(下限0) [頭打ち=正式目的を改善する個人違反減少束なし] | ComponentRepair:違反連結成分修復: 候補0件()+起点生成399件 起点58件(探索24件・最大40候補) 推定2894回(ピン枝刈り268・相方なし除外151) 正式評価0回 採用0件 / total 324->324 HARD 0->0 score 6078->6078 | CovORelief:人員過剰の退避: covO 0->0 / total 324->324 HARD 0->0 採用0回,nice19=0
120,golden,10,296998039,4,on,63624,10000,true,3481,13,12,1,1791,1062,602,0,false,0,6078.0,false,false,0,0,6078.0,324,-502801757,3481,期間要件(c1)共同LNS: c1 82->82 (構造下限≥0; 改善可能幅進捗0%; 50%目標=未達) / total 321->321 HARD 0->0 採用0束 手数0 restart4 展開347 候補136105 debt除外75951(必須9207 合計59225 c1 7519 必須の主因 covU:9207) 重複除外11518 停止=探索停滞 [頭打ち=正式目的を改善するC1減少束なし],ComponentRepair:違反連結成分修復: 候補254件(手B×151 C3mnAlt×2 tryRelocate×92 FairChain×9)+起点生成0件 起点66件(探索24件・最大38候補) 推定4358回(ピン枝刈り2676・相方なし除外147) 正式評価0回 採用0件 / total 321->321 HARD 0->0 score 6098->6098 | PersonalJointLNS:個人回数/apt共同LNS: personal 8->7 / low 5->4 high 3->3 apt 0->0 / total 321->324 HARD 0->0 採用1束 手数4 restart3 展開147 候補10372 debt除外2455 重複除外1066 停止=探索停滞 対象: 桒澤美幸 3->3(下限0); 福澤俊陽 1->1(下限0); 吉江雄貴 1->0(下限0=下限); 金沢勇輝 1->1(下限0); モニカ 1->1(下限0); アリフ 1->1(下限0) 経路: 個人1改善:自己日交換+個人1改善:自己日交換+個人1改善:直接+coverage連鎖+個人2改善:同日交換 | PersonalJointLNS:個人回数/apt共同LNS: personal 7->7 / low 4->4 high 3->3 apt 0->0 / total 324->324 HARD 0->0 採用0束 手数0 restart3 展開146 候補12716 debt除外1615 重複除外1216 停止=探索停滞 対象: 桒澤美幸 3->3(下限0); 福澤俊陽 1->1(下限0); 金沢勇輝 1->1(下限0); モニカ 1->1(下限0); アリフ 1->1(下限0) [頭打ち=正式目的を改善する個人違反減少束なし] | ComponentRepair:違反連結成分修復: 候補0件()+起点生成399件 起点58件(探索24件・最大40候補) 推定2894回(ピン枝刈り268・相方なし除外151) 正式評価0回 採用0件 / total 324->324 HARD 0->0 score 6078->6078 | CovORelief:人員過剰の退避: covO 0->0 / total 324->324 HARD 0->0 採用0回,nice19=0
120,golden,10,296998039,4,off,63624,10000,true,4261,14,12,1,1606,1506,1122,0,false,0,6078.0,false,false,0,0,6078.0,324,-502801757,4262,期間要件(c1)共同LNS: c1 82->82 (構造下限≥0; 改善可能幅進捗0%; 50%目標=未達) / total 321->321 HARD 0->0 採用0束 手数0 restart2 展開91 候補35977 debt除外19325(必須2434 合計14142 c1 2749 必須の主因 covU:2434) 重複除外3152 停止=期限 [頭打ち=正式目的を改善するC1減少束なし],ComponentRepair:違反連結成分修復: 候補252件(手B×149 C3mnAlt×2 tryRelocate×92 FairChain×9)+起点生成0件 起点66件(探索24件・最大39候補) 推定5228回(ピン枝刈り3394・相方なし除外149) 正式評価0回 採用0件 / total 321->321 HARD 0->0 score 6098->6098 | PersonalJointLNS:個人回数/apt共同LNS: personal 8->7 / low 5->4 high 3->3 apt 0->0 / total 321->324 HARD 0->0 採用1束 手数4 restart3 展開147 候補10372 debt除外2455 重複除外1066 停止=探索停滞 対象: 桒澤美幸 3->3(下限0); 福澤俊陽 1->1(下限0); 吉江雄貴 1->0(下限0=下限); 金沢勇輝 1->1(下限0); モニカ 1->1(下限0); アリフ 1->1(下限0) 経路: 個人1改善:自己日交換+個人1改善:自己日交換+個人1改善:直接+coverage連鎖+個人2改善:同日交換 | PersonalJointLNS:個人回数/apt共同LNS: personal 7->7 / low 4->4 high 3->3 apt 0->0 / total 324->324 HARD 0->0 採用0束 手数0 restart3 展開146 候補12716 debt除外1615 重複除外1216 停止=探索停滞 対象: 桒澤美幸 3->3(下限0); 福澤俊陽 1->1(下限0); 金沢勇輝 1->1(下限0); モニカ 1->1(下限0); アリフ 1->1(下限0) [頭打ち=正式目的を改善する個人違反減少束なし] | ComponentRepair:違反連結成分修復: 候補0件()+起点生成399件 起点58件(探索24件・最大40候補) 推定2894回(ピン枝刈り268・相方なし除外151) 正式評価0回 採用0件 / total 324->324 HARD 0->0 score 6078->6078 | CovORelief:人員過剰の退避: covO 0->0 / total 324->324 HARD 0->0 採用0回,nice19=0
