fixture,start,arm,hard0,w0,hard,weighted,total,applied,skipped,ms,hash
golden,fixture,legacy,0,8999.0,0,8999.0,409,0,41,196,1582786346
golden,fixture,hard,0,8999.0,0,8999.0,409,0,41,111,1582786346
golden,v5s1,legacy,0,8999.0,0,8999.0,409,0,41,62,1582786346
golden,v5s1,hard,0,8999.0,0,8999.0,409,0,41,87,1582786346
golden,v5s2,legacy,0,8999.0,0,8999.0,409,0,41,87,1582786346
golden,v5s2,hard,0,8999.0,0,8999.0,409,0,41,75,1582786346
golden,v5s3,legacy,0,8999.0,0,8999.0,409,0,41,76,1582786346
golden,v5s3,hard,0,8999.0,0,8999.0,409,0,41,111,1582786346
golden,v5s4,legacy,0,8999.0,0,8999.0,409,0,41,81,1582786346
golden,v5s4,hard,0,8999.0,0,8999.0,409,0,41,57,1582786346
golden,v5s5,legacy,0,8933.0,0,8933.0,398,0,266,64,2005644823
golden,v5s5,hard,0,8933.0,0,8933.0,398,0,266,145,2005644823
golden,v5s6,legacy,0,8761.0,0,8761.0,389,0,193,108,-528272420
golden,v5s6,hard,0,8761.0,0,8761.0,389,0,193,104,-528272420
sample,fixture,legacy,15,146539.0,15,146539.0,330,0,182,168,-498843735
sample,fixture,hard,15,146539.0,15,146539.0,330,0,182,63,-498843735
sample,v5s1,legacy,9,85894.0,8,76678.0,339,2,236,127,-1252762762
sample,v5s1,hard,9,85894.0,8,76678.0,339,2,236,92,-1252762762
sample,v5s2,legacy,2,22609.0,2,22609.0,335,0,319,34,660574602
sample,v5s2,hard,2,22609.0,2,22609.0,335,0,319,42,660574602
sample,v5s3,legacy,7,67441.0,7,67377.0,336,1,168,90,535725394
sample,v5s3,hard,7,67441.0,7,67377.0,336,1,168,77,535725394
sample,v5s4,legacy,2,22471.0,2,22471.0,320,0,108,30,1420712666
sample,v5s4,hard,2,22471.0,2,22471.0,320,0,108,42,1420712666
sample,v5s5,legacy,3,31595.0,3,31375.0,325,2,501,99,321844556
sample,v5s5,hard,3,31595.0,3,31375.0,325,2,501,73,321844556
sample,v5s6,legacy,2,21950.0,2,21950.0,320,0,105,22,-2123559480
sample,v5s6,hard,2,21950.0,2,21950.0,320,0,105,23,-2123559480
blocked_covu,fixture,legacy,4,44758.0,4,44758.0,321,0,167,84,-2030893238
blocked_covu,fixture,hard,4,44758.0,4,44758.0,321,0,167,51,-2030893238
blocked_covu,v5s1,legacy,4,44758.0,4,44758.0,321,0,167,106,-2030893238
blocked_covu,v5s1,hard,4,44758.0,4,44758.0,321,0,167,98,-2030893238
blocked_covu,v5s2,legacy,4,44758.0,4,44758.0,321,0,167,42,-2030893238
blocked_covu,v5s2,hard,4,44758.0,4,44758.0,321,0,167,58,-2030893238
blocked_covu,v5s3,legacy,4,44758.0,4,44758.0,321,0,167,51,-2030893238
blocked_covu,v5s3,hard,4,44758.0,4,44758.0,321,0,167,23,-2030893238
blocked_covu,v5s4,legacy,4,44758.0,4,44758.0,321,0,167,26,-2030893238
blocked_covu,v5s4,hard,4,44758.0,4,44758.0,321,0,167,54,-2030893238
blocked_covu,v5s5,legacy,4,44758.0,4,44758.0,321,0,167,53,-2030893238
blocked_covu,v5s5,hard,4,44758.0,4,44758.0,321,0,167,34,-2030893238
blocked_covu,v5s6,legacy,4,44758.0,4,44758.0,321,0,167,38,-2030893238
blocked_covu,v5s6,hard,4,44758.0,4,44758.0,321,0,167,45,-2030893238
sept2026,fixture,legacy,0,5296.0,0,5296.0,399,0,193,34,1613472482
sept2026,fixture,hard,0,5296.0,0,5296.0,399,0,193,24,1613472482
sept2026,v5s1,legacy,0,5296.0,0,5296.0,399,0,193,25,1613472482
sept2026,v5s1,hard,0,5296.0,0,5296.0,399,0,193,27,1613472482
sept2026,v5s2,legacy,0,5296.0,0,5296.0,399,0,193,30,1613472482
sept2026,v5s2,hard,0,5296.0,0,5296.0,399,0,193,26,1613472482
sept2026,v5s3,legacy,0,5296.0,0,5296.0,399,0,193,65,1613472482
sept2026,v5s3,hard,0,5296.0,0,5296.0,399,0,193,50,1613472482
sept2026,v5s4,legacy,0,5296.0,0,5296.0,399,0,193,61,1613472482
sept2026,v5s4,hard,0,5296.0,0,5296.0,399,0,193,46,1613472482
sept2026,v5s5,legacy,0,5296.0,0,5296.0,399,0,193,44,1613472482
sept2026,v5s5,hard,0,5296.0,0,5296.0,399,0,193,50,1613472482
sept2026,v5s6,legacy,0,5296.0,0,5296.0,399,0,193,46,1613472482
sept2026,v5s6,hard,0,5296.0,0,5296.0,399,0,193,68,1613472482
oct2026_grid,fixture,legacy,5,48095.0,5,48095.0,376,0,300,109,537221157
oct2026_grid,fixture,hard,5,48095.0,5,48095.0,376,0,306,191,537221157
oct2026_grid,v5s1,legacy,11,105866.0,11,105866.0,377,0,271,38,292657775
oct2026_grid,v5s1,hard,11,105866.0,11,105866.0,377,0,274,35,292657775
oct2026_grid,v5s2,legacy,11,105886.0,11,105886.0,380,0,245,40,-2144061712
oct2026_grid,v5s2,hard,11,105886.0,11,105886.0,380,0,248,55,-2144061712
oct2026_grid,v5s3,legacy,11,105966.0,11,105966.0,379,0,296,48,771434265
oct2026_grid,v5s3,hard,11,105966.0,11,105966.0,379,0,299,61,771434265
oct2026_grid,v5s4,legacy,11,105866.0,11,105866.0,378,0,279,55,1254271792
oct2026_grid,v5s4,hard,11,105866.0,11,105866.0,378,0,282,65,1254271792
oct2026_grid,v5s5,legacy,11,105966.0,11,105966.0,379,0,297,49,707556283
oct2026_grid,v5s5,hard,11,105966.0,11,105966.0,379,0,300,93,707556283
oct2026_grid,v5s6,legacy,11,105966.0,11,105966.0,379,0,276,59,896607293
oct2026_grid,v5s6,hard,11,105966.0,11,105966.0,379,0,279,80,896607293
