case,size,cat,seed,arm,ms,timeout,exception,oob,mismatch,hard,hardW,softW,wishRate,changed,total,weighted,peakMB,hash,repro
c01-small-normal0,small,normal,0,old,111,0,0,0,0,0,0.0,128.0,1.0000,0,60,128.0,100,1984375030,
c01-small-normal0,small,normal,0,new,99,0,0,0,0,0,0.0,128.0,1.0000,0,60,128.0,25,1984375030,same
c01-small-normal0,small,normal,1,old,87,0,0,0,0,0,0.0,128.0,1.0000,0,60,128.0,23,1984375030,
c01-small-normal0,small,normal,1,new,87,0,0,0,0,0,0.0,128.0,1.0000,0,60,128.0,23,1984375030,
c01-small-normal0,small,normal,2,old,69,0,0,0,0,0,0.0,128.0,1.0000,0,60,128.0,23,1984375030,
c01-small-normal0,small,normal,2,new,66,0,0,0,0,0,0.0,128.0,1.0000,0,60,128.0,23,1984375030,
c02-small-normal1,small,normal,0,old,69,0,0,0,0,1,10000.0,130.0,1.0000,2,58,10130.0,61,-364101158,
c02-small-normal1,small,normal,0,new,58,0,0,0,0,1,10000.0,130.0,1.0000,2,58,10130.0,21,-364101158,same
c02-small-normal1,small,normal,1,old,49,0,0,0,0,1,10000.0,130.0,1.0000,2,58,10130.0,21,-364101158,
c02-small-normal1,small,normal,1,new,49,0,0,0,0,1,10000.0,130.0,1.0000,2,58,10130.0,21,-364101158,
c02-small-normal1,small,normal,2,old,52,0,0,0,0,1,10000.0,130.0,1.0000,2,58,10130.0,21,-364101158,
c02-small-normal1,small,normal,2,new,54,0,0,0,0,1,10000.0,130.0,1.0000,2,58,10130.0,21,-364101158,
c03-small-dense0,small,dense,0,old,5019,0,0,0,0,9,90000.0,3805.0,1.0000,27,132,93805.0,410,-1358060574,
c03-small-dense0,small,dense,0,new,4231,0,0,0,0,9,90000.0,3801.0,1.0000,30,130,93801.0,479,1070672768,same
c03-small-dense0,small,dense,1,old,2521,0,0,0,0,9,90000.0,3706.0,1.0000,28,142,93706.0,441,-1620559066,
c03-small-dense0,small,dense,1,new,3233,0,0,0,0,9,90000.0,3678.0,1.0000,36,128,93678.0,546,-481029718,
c03-small-dense0,small,dense,2,old,3603,0,0,0,0,9,90000.0,3678.0,1.0000,31,128,93678.0,375,-123801284,
c03-small-dense0,small,dense,2,new,4106,0,0,0,0,9,90000.0,3670.0,1.0000,33,124,93670.0,396,1213555708,
c04-small-dense1,small,dense,0,old,2504,0,0,0,0,6,60000.0,4548.0,1.0000,34,143,64548.0,344,77200157,
c04-small-dense1,small,dense,0,new,2514,0,0,0,0,6,60000.0,4548.0,1.0000,34,143,64548.0,346,77200157,same
c04-small-dense1,small,dense,1,old,4919,0,0,0,0,6,60000.0,4556.0,1.0000,26,146,64556.0,578,-262135626,
c04-small-dense1,small,dense,1,new,4887,0,0,0,0,6,59000.0,4830.0,1.0000,29,152,63830.0,577,-1707167307,
c04-small-dense1,small,dense,2,old,2944,0,0,0,0,7,70000.0,4178.0,1.0000,33,137,74178.0,453,1351763770,
c04-small-dense1,small,dense,2,new,3492,0,0,0,0,7,70000.0,4178.0,1.0000,31,137,74178.0,317,611751324,
c05-small-infeasible0,small,infeasible,0,old,361,0,0,0,0,20,200000.0,150.0,1.0000,39,98,200150.0,35,178491932,
c05-small-infeasible0,small,infeasible,0,new,374,0,0,0,0,20,200000.0,150.0,1.0000,39,98,200150.0,27,178491932,same
c05-small-infeasible0,small,infeasible,1,old,198,0,0,0,0,19,190000.0,144.0,1.0000,33,93,190144.0,49,-690721369,
c05-small-infeasible0,small,infeasible,1,new,283,0,0,0,0,19,190000.0,153.0,1.0000,28,98,190153.0,49,1078930151,
c05-small-infeasible0,small,infeasible,2,old,85,0,0,0,0,20,200000.0,146.0,1.0000,25,96,200146.0,23,1850664484,
c05-small-infeasible0,small,infeasible,2,new,89,0,0,0,0,20,200000.0,146.0,1.0000,25,96,200146.0,23,1850664484,
c06-small-infeasible1,small,infeasible,0,old,232,0,0,0,0,21,210000.0,136.0,1.0000,49,93,210136.0,79,1316256679,
c06-small-infeasible1,small,infeasible,0,new,247,0,0,0,0,19,190000.0,157.0,1.0000,37,101,190157.0,77,899221875,same
c06-small-infeasible1,small,infeasible,1,old,298,0,0,0,0,19,190000.0,148.0,1.0000,55,97,190148.0,71,-1764138469,
c06-small-infeasible1,small,infeasible,1,new,338,0,0,0,0,19,190000.0,158.0,1.0000,44,103,190158.0,79,-1842935853,
c06-small-infeasible1,small,infeasible,2,old,262,0,0,0,0,20,200000.0,135.0,1.0000,25,92,200135.0,29,243325974,
c06-small-infeasible1,small,infeasible,2,new,390,0,0,0,0,20,200000.0,139.0,1.0000,29,90,200139.0,79,2019256796,
c07-small-wishheavy0,small,wishheavy,0,old,76,0,0,0,0,9,90000.0,367.0,0.9615,3,106,90367.0,19,296977776,
c07-small-wishheavy0,small,wishheavy,0,new,352,0,0,0,0,9,90000.0,371.0,0.9615,5,108,90371.0,53,519518388,same
c07-small-wishheavy0,small,wishheavy,1,old,60,0,0,0,0,9,90000.0,367.0,0.9615,3,106,90367.0,24,296977776,
c07-small-wishheavy0,small,wishheavy,1,new,329,0,0,0,0,9,90000.0,371.0,0.9615,5,108,90371.0,27,519518388,
c07-small-wishheavy0,small,wishheavy,2,old,48,0,0,0,0,9,90000.0,367.0,0.9615,2,107,90367.0,23,2042798706,
c07-small-wishheavy0,small,wishheavy,2,new,269,0,0,0,0,9,90000.0,371.0,0.9615,5,108,90371.0,26,519518388,
c08-small-wishheavy1,small,wishheavy,0,old,131,0,0,0,0,11,109000.0,456.0,0.9273,10,127,109456.0,63,-1445691043,
c08-small-wishheavy1,small,wishheavy,0,new,234,0,0,0,0,11,109000.0,467.0,0.9273,18,125,109467.0,25,750154168,same
c08-small-wishheavy1,small,wishheavy,1,old,78,0,0,0,0,11,109000.0,454.0,0.9273,7,126,109454.0,25,-1408618498,
c08-small-wishheavy1,small,wishheavy,1,new,316,0,0,0,0,11,109000.0,458.0,0.9273,13,121,109458.0,57,11865917,
c08-small-wishheavy1,small,wishheavy,2,old,70,0,0,0,0,11,109000.0,454.0,0.9273,7,126,109454.0,57,-1408618498,
c08-small-wishheavy1,small,wishheavy,2,new,430,0,0,0,0,11,109000.0,457.0,0.9273,15,120,109457.0,79,-1695048390,
c09-small-forbidden0,small,forbidden,0,old,41,0,0,0,0,1,10000.0,157.0,0.9474,3,73,10157.0,37,-1587131548,
c09-small-forbidden0,small,forbidden,0,new,35,0,0,0,0,1,10000.0,157.0,0.9474,3,73,10157.0,19,-1587131548,same
c09-small-forbidden0,small,forbidden,1,old,66,0,0,0,0,1,10000.0,153.0,0.9474,2,71,10153.0,23,-1479123931,
c09-small-forbidden0,small,forbidden,1,new,51,0,0,0,0,1,10000.0,153.0,0.9474,2,71,10153.0,23,-1479123931,
c09-small-forbidden0,small,forbidden,2,old,68,0,0,0,0,1,10000.0,153.0,0.9474,2,71,10153.0,23,-1479123931,
c09-small-forbidden0,small,forbidden,2,new,56,0,0,0,0,1,10000.0,155.0,0.9474,3,72,10155.0,23,-1690474844,
c10-small-forbidden1,small,forbidden,0,old,115,0,0,0,0,0,0.0,124.0,0.8750,4,58,124.0,39,-588888134,
c10-small-forbidden1,small,forbidden,0,new,123,0,0,0,0,0,0.0,124.0,0.8750,4,58,124.0,25,-588888134,same
c10-small-forbidden1,small,forbidden,1,old,105,0,0,0,0,0,0.0,124.0,0.8750,4,58,124.0,27,-588888134,
c10-small-forbidden1,small,forbidden,1,new,131,0,0,0,0,0,0.0,124.0,0.8750,4,58,124.0,23,-588888134,
c10-small-forbidden1,small,forbidden,2,old,100,0,0,0,0,0,0.0,124.0,0.8750,4,58,124.0,27,-588888134,
c10-small-forbidden1,small,forbidden,2,new,122,0,0,0,0,0,0.0,124.0,0.8750,4,58,124.0,23,-588888134,
c11-small-c2deficit0,small,c2deficit,0,old,85,0,0,0,0,0,0.0,152.0,1.0000,2,64,152.0,35,1202612312,
c11-small-c2deficit0,small,c2deficit,0,new,81,0,0,0,0,0,0.0,152.0,1.0000,2,64,152.0,23,1202612312,same
c11-small-c2deficit0,small,c2deficit,1,old,82,0,0,0,0,0,0.0,152.0,1.0000,2,64,152.0,23,1202612312,
c11-small-c2deficit0,small,c2deficit,1,new,68,0,0,0,0,0,0.0,152.0,1.0000,2,64,152.0,23,1202612312,
c11-small-c2deficit0,small,c2deficit,2,old,59,0,0,0,0,0,0.0,152.0,1.0000,2,64,152.0,23,1202612312,
c11-small-c2deficit0,small,c2deficit,2,new,64,0,0,0,0,0,0.0,152.0,1.0000,2,64,152.0,23,1202612312,
c12-small-c2deficit1,small,c2deficit,0,old,80,0,0,0,0,0,0.0,156.0,1.0000,0,66,156.0,45,1008295298,
c12-small-c2deficit1,small,c2deficit,0,new,65,0,0,0,0,0,0.0,156.0,1.0000,0,66,156.0,23,1008295298,same
c12-small-c2deficit1,small,c2deficit,1,old,73,0,0,0,0,0,0.0,156.0,1.0000,0,66,156.0,27,1008295298,
c12-small-c2deficit1,small,c2deficit,1,new,70,0,0,0,0,0,0.0,156.0,1.0000,0,66,156.0,23,1008295298,
c12-small-c2deficit1,small,c2deficit,2,old,59,0,0,0,0,0,0.0,156.0,1.0000,0,66,156.0,23,1008295298,
c12-small-c2deficit1,small,c2deficit,2,new,62,0,0,0,0,0,0.0,156.0,1.0000,0,66,156.0,23,1008295298,
c13-small-c42pair0,small,c42pair,0,old,158,0,0,0,0,0,0.0,133.0,0.9167,0,67,133.0,27,1333633078,
c13-small-c42pair0,small,c42pair,0,new,157,0,0,0,0,0,0.0,133.0,0.9167,0,67,133.0,23,1333633078,same
c13-small-c42pair0,small,c42pair,1,old,136,0,0,0,0,0,0.0,133.0,0.9167,0,67,133.0,24,1333633078,
c13-small-c42pair0,small,c42pair,1,new,137,0,0,0,0,0,0.0,133.0,0.9167,0,67,133.0,24,1333633078,
c13-small-c42pair0,small,c42pair,2,old,126,0,0,0,0,0,0.0,133.0,0.9167,0,67,133.0,24,1333633078,
c13-small-c42pair0,small,c42pair,2,new,143,0,0,0,0,0,0.0,133.0,0.9167,0,67,133.0,24,1333633078,
c14-small-c42pair1,small,c42pair,0,old,160,0,0,0,0,0,0.0,132.0,1.0000,4,63,132.0,51,-961362529,
c14-small-c42pair1,small,c42pair,0,new,151,0,0,0,0,0,0.0,132.0,1.0000,4,63,132.0,29,-961362529,same
c14-small-c42pair1,small,c42pair,1,old,132,0,0,0,0,0,0.0,132.0,1.0000,4,63,132.0,23,-961362529,
c14-small-c42pair1,small,c42pair,1,new,155,0,0,0,0,0,0.0,132.0,1.0000,4,63,132.0,29,-961362529,
c14-small-c42pair1,small,c42pair,2,old,161,0,0,0,0,0,0.0,132.0,1.0000,4,63,132.0,29,-961362529,
c14-small-c42pair1,small,c42pair,2,new,133,0,0,0,0,0,0.0,132.0,1.0000,4,63,132.0,23,-961362529,
c15-medium-normal0,medium,normal,0,old,764,0,0,0,0,0,0.0,339.0,1.0000,16,146,339.0,79,1649926971,
c15-medium-normal0,medium,normal,0,new,2263,0,0,0,0,0,0.0,344.0,1.0000,21,148,344.0,127,2125738131,same
c15-medium-normal0,medium,normal,1,old,2493,0,0,0,0,0,0.0,333.0,1.0000,26,143,333.0,91,-1187685687,
c15-medium-normal0,medium,normal,1,new,3657,0,0,0,0,0,0.0,337.0,1.0000,37,145,337.0,79,403022773,
c15-medium-normal0,medium,normal,2,old,706,0,0,0,0,0,0.0,339.0,1.0000,16,146,339.0,77,1649926971,
c15-medium-normal0,medium,normal,2,new,3680,0,0,0,0,0,0.0,341.0,1.0000,23,147,341.0,123,751871947,
c16-medium-normal1,medium,normal,0,old,2725,0,0,0,0,0,0.0,331.0,0.9762,26,142,331.0,95,-2065673819,
c16-medium-normal1,medium,normal,0,new,3551,0,0,0,0,0,0.0,331.0,0.9762,32,142,331.0,79,432183213,same
c16-medium-normal1,medium,normal,1,old,2024,0,0,0,0,0,0.0,331.0,0.9762,25,142,331.0,97,-1524368731,
c16-medium-normal1,medium,normal,1,new,2905,0,0,0,0,0,0.0,329.0,0.9762,33,141,329.0,95,2131707677,
c16-medium-normal1,medium,normal,2,old,1483,0,0,0,0,0,0.0,331.0,0.9762,25,142,331.0,81,-1524368731,
c16-medium-normal1,medium,normal,2,new,2814,0,0,0,0,0,0.0,334.0,0.9762,31,143,334.0,103,-1565746721,
c17-medium-dense0,medium,dense,0,old,25894,1,0,0,0,2,20000.0,6817.0,0.9268,207,325,26817.0,1169,1300093366,
c17-medium-dense0,medium,dense,0,new,24211,1,0,0,0,2,20000.0,6914.0,0.9268,214,325,26914.0,1245,1841339619,same
c17-medium-dense0,medium,dense,1,old,28147,1,0,0,0,2,20000.0,6665.0,0.9268,171,344,26665.0,1501,1492394301,
c17-medium-dense0,medium,dense,1,new,25269,1,0,0,0,2,20000.0,7000.0,0.9268,202,294,27000.0,1755,903316955,
c17-medium-dense0,medium,dense,2,old,19620,0,0,0,0,2,20000.0,6701.0,0.9268,205,336,26701.0,1131,-1777097768,
c17-medium-dense0,medium,dense,2,new,22867,1,0,0,0,2,20000.0,6822.0,0.9268,214,331,26822.0,1166,-1037558934,
c18-medium-dense1,medium,dense,0,old,24221,1,0,0,0,3,30000.0,7881.0,0.9388,159,338,37881.0,1232,33406571,
c18-medium-dense1,medium,dense,0,new,25536,1,0,0,0,3,30000.0,8218.0,0.9388,172,342,38218.0,1360,-1655697987,same
c18-medium-dense1,medium,dense,1,old,17975,0,0,0,0,3,30000.0,8022.0,0.9388,178,336,38022.0,1396,-188909000,
c18-medium-dense1,medium,dense,1,new,20409,1,0,0,0,3,30000.0,8222.0,0.9388,192,352,38222.0,1280,-574195791,
c18-medium-dense1,medium,dense,2,old,17489,0,0,0,0,3,30000.0,8035.0,0.9388,173,344,38035.0,1376,-1444422309,
c18-medium-dense1,medium,dense,2,new,22355,1,0,0,0,3,30000.0,8003.0,0.9388,194,327,38003.0,1277,390253787,
c19-medium-infeasible0,medium,infeasible,0,old,5304,0,0,0,0,71,710000.0,306.0,0.9444,168,230,710306.0,1239,111444711,
c19-medium-infeasible0,medium,infeasible,0,new,5784,0,0,0,0,71,710000.0,320.0,0.9444,168,238,710320.0,119,-1875567483,same
c19-medium-infeasible0,medium,infeasible,1,old,4337,0,0,0,0,73,730000.0,293.0,0.9444,194,225,730293.0,113,-989056238,
c19-medium-infeasible0,medium,infeasible,1,new,6207,0,0,0,0,71,710000.0,297.0,0.9444,193,226,710297.0,119,-114592361,
c19-medium-infeasible0,medium,infeasible,2,old,4696,0,0,0,0,72,719000.0,363.0,0.9444,166,261,719363.0,149,-1379820580,
c19-medium-infeasible0,medium,infeasible,2,new,4827,0,0,0,0,72,719000.0,361.0,0.9444,172,260,719361.0,113,-1654832681,
c20-medium-infeasible1,medium,infeasible,0,old,3795,0,0,0,0,73,729000.0,324.0,0.9286,165,242,729324.0,97,-1320194401,
c20-medium-infeasible1,medium,infeasible,0,new,4693,0,0,0,0,71,710000.0,314.0,0.9286,158,234,710314.0,106,-294943850,same
c20-medium-infeasible1,medium,infeasible,1,old,3513,0,0,0,0,71,710000.0,288.0,0.9286,163,221,710288.0,118,418135106,
c20-medium-infeasible1,medium,infeasible,1,new,4966,0,0,0,0,71,709000.0,289.0,0.9286,177,221,709289.0,113,278328593,
c20-medium-infeasible1,medium,infeasible,2,old,3587,0,0,0,0,71,709000.0,312.0,0.9286,150,232,709312.0,97,2120143561,
c20-medium-infeasible1,medium,infeasible,2,new,5560,0,0,0,0,71,709000.0,296.0,0.9286,158,224,709296.0,95,422345757,
c21-medium-wishheavy0,medium,wishheavy,0,old,1533,0,0,0,0,20,198000.0,991.0,0.9650,31,289,198991.0,172,1230449220,
c21-medium-wishheavy0,medium,wishheavy,0,new,2554,0,0,0,0,20,198000.0,1008.0,0.9650,55,299,199008.0,211,1345313315,same
c21-medium-wishheavy0,medium,wishheavy,1,old,1647,0,0,0,0,20,198000.0,991.0,0.9650,31,289,198991.0,207,1230449220,
c21-medium-wishheavy0,medium,wishheavy,1,new,2433,0,0,0,0,20,198000.0,1007.0,0.9650,62,298,199007.0,204,425239621,
c21-medium-wishheavy0,medium,wishheavy,2,old,1446,0,0,0,0,20,198000.0,991.0,0.9650,31,289,198991.0,200,1230449220,
c21-medium-wishheavy0,medium,wishheavy,2,new,2490,0,0,0,0,20,198000.0,1004.0,0.9650,53,296,199004.0,150,-1278776254,
c22-medium-wishheavy1,medium,wishheavy,0,old,861,0,0,0,0,28,278000.0,1108.0,0.9502,25,310,279108.0,81,1874619224,
c22-medium-wishheavy1,medium,wishheavy,0,new,2851,0,0,0,0,28,278000.0,1104.0,0.9502,63,309,279104.0,221,2114078276,same
c22-medium-wishheavy1,medium,wishheavy,1,old,832,0,0,0,0,28,278000.0,1104.0,0.9502,33,309,279104.0,99,-1767982238,
c22-medium-wishheavy1,medium,wishheavy,1,new,2740,0,0,0,0,28,278000.0,1104.0,0.9502,49,309,279104.0,178,1402932989,
c22-medium-wishheavy1,medium,wishheavy,2,old,792,0,0,0,0,28,278000.0,1104.0,0.9502,26,308,279104.0,94,2049953282,
c22-medium-wishheavy1,medium,wishheavy,2,new,3513,0,0,0,0,28,278000.0,1101.0,0.9502,54,309,279101.0,151,1208011895,
c23-medium-forbidden0,medium,forbidden,0,old,881,0,0,0,0,0,0.0,350.0,1.0000,16,153,350.0,88,722989661,
c23-medium-forbidden0,medium,forbidden,0,new,3788,0,0,0,0,0,0.0,347.0,1.0000,20,152,347.0,81,917721736,same
c23-medium-forbidden0,medium,forbidden,1,old,830,0,0,0,0,0,0.0,350.0,1.0000,16,153,350.0,81,722989661,
c23-medium-forbidden0,medium,forbidden,1,new,4333,0,0,0,0,0,0.0,341.0,1.0000,25,149,341.0,102,432935662,
c23-medium-forbidden0,medium,forbidden,2,old,832,0,0,0,0,0,0.0,350.0,1.0000,16,153,350.0,94,722989661,
c23-medium-forbidden0,medium,forbidden,2,new,4591,0,0,0,0,0,0.0,349.0,1.0000,39,152,349.0,81,-1892160188,
c24-medium-forbidden1,medium,forbidden,0,old,1472,0,0,0,0,1,9000.0,328.0,0.9722,13,144,9328.0,81,1995976886,
c24-medium-forbidden1,medium,forbidden,0,new,4123,0,0,0,0,1,9000.0,326.0,0.9722,14,143,9326.0,81,-87342333,same
c24-medium-forbidden1,medium,forbidden,1,old,1477,0,0,0,0,1,9000.0,328.0,0.9722,13,144,9328.0,81,1995976886,
c24-medium-forbidden1,medium,forbidden,1,new,3260,0,0,0,0,1,9000.0,336.0,0.9722,21,147,9336.0,81,-514578562,
c24-medium-forbidden1,medium,forbidden,2,old,1575,0,0,0,0,1,9000.0,328.0,0.9722,13,144,9328.0,81,1995976886,
c24-medium-forbidden1,medium,forbidden,2,new,4198,0,0,0,0,1,9000.0,326.0,0.9722,12,143,9326.0,81,151665467,
c25-medium-c2deficit0,medium,c2deficit,0,old,1442,0,0,0,0,0,0.0,407.0,0.9762,11,168,407.0,81,256631583,
c25-medium-c2deficit0,medium,c2deficit,0,new,3342,0,0,0,0,0,0.0,407.0,0.9762,20,169,407.0,81,483169629,same
c25-medium-c2deficit0,medium,c2deficit,1,old,1297,0,0,0,0,0,0.0,403.0,0.9762,11,167,403.0,97,762110173,
c25-medium-c2deficit0,medium,c2deficit,1,new,3470,0,0,0,0,0,0.0,409.0,0.9762,22,169,409.0,97,1593839301,
c25-medium-c2deficit0,medium,c2deficit,2,old,1365,0,0,0,0,0,0.0,403.0,0.9762,11,167,403.0,83,762110173,
c25-medium-c2deficit0,medium,c2deficit,2,new,3258,0,0,0,0,0,0.0,407.0,0.9762,20,169,407.0,97,483169629,
c26-medium-c2deficit1,medium,c2deficit,0,old,760,0,0,0,0,0,0.0,371.0,0.9048,14,156,371.0,81,1834744975,
c26-medium-c2deficit1,medium,c2deficit,0,new,2342,0,0,0,0,0,0.0,366.0,0.9048,16,153,366.0,81,-386500531,same
c26-medium-c2deficit1,medium,c2deficit,1,old,774,0,0,0,0,0,0.0,371.0,0.9048,14,156,371.0,81,1834744975,
c26-medium-c2deficit1,medium,c2deficit,1,new,2325,0,0,0,0,0,0.0,372.0,0.9048,18,157,372.0,97,-414351821,
c26-medium-c2deficit1,medium,c2deficit,2,old,768,0,0,0,0,0,0.0,371.0,0.9048,14,156,371.0,81,1834744975,
c26-medium-c2deficit1,medium,c2deficit,2,new,2339,0,0,0,0,0,0.0,366.0,0.9048,16,153,366.0,81,-386500531,
c27-medium-c42pair0,medium,c42pair,0,old,1204,0,0,0,0,0,0.0,434.0,0.9767,10,242,434.0,97,1055395703,
c27-medium-c42pair0,medium,c42pair,0,new,6040,0,0,0,0,0,0.0,451.0,0.9767,39,251,451.0,141,640740059,same
c27-medium-c42pair0,medium,c42pair,1,old,1206,0,0,0,0,0,0.0,434.0,0.9767,10,242,434.0,97,1055395703,
c27-medium-c42pair0,medium,c42pair,1,new,6079,0,0,0,0,0,0.0,437.0,0.9767,35,244,437.0,115,1332123995,
c27-medium-c42pair0,medium,c42pair,2,old,1109,0,0,0,0,0,0.0,434.0,0.9767,10,242,434.0,97,1055395703,
c27-medium-c42pair0,medium,c42pair,2,new,5547,0,0,0,0,0,0.0,437.0,0.9767,34,243,437.0,154,-2078830543,
c28-medium-c42pair1,medium,c42pair,0,old,2162,0,0,0,0,0,0.0,437.0,0.9556,57,242,437.0,116,-212363393,
c28-medium-c42pair1,medium,c42pair,0,new,5635,0,0,0,0,0,0.0,438.0,0.9556,71,245,438.0,101,580993949,same
c28-medium-c42pair1,medium,c42pair,1,old,3108,0,0,0,0,0,0.0,435.0,0.9556,64,242,435.0,97,-1613070945,
c28-medium-c42pair1,medium,c42pair,1,new,6066,0,0,0,0,0,0.0,450.0,0.9556,66,247,450.0,97,790795216,
c28-medium-c42pair1,medium,c42pair,2,old,2214,0,0,0,0,0,0.0,437.0,0.9556,57,242,437.0,97,-212363393,
c28-medium-c42pair1,medium,c42pair,2,new,5542,0,0,0,0,0,0.0,440.0,0.9556,64,244,440.0,97,-1872601187,
c29-large-normal0,large,normal,0,old,17854,0,0,0,0,0,0.0,1186.0,0.9802,38,308,1186.0,81,1914432948,
c29-large-normal0,large,normal,0,new,45909,1,0,0,0,0,0.0,1219.0,0.9802,71,323,1219.0,81,-2139721505,same
c29-large-normal0,large,normal,1,old,18050,0,0,0,0,0,0.0,1186.0,0.9802,38,308,1186.0,81,1914432948,
c29-large-normal0,large,normal,1,new,45903,1,0,0,0,0,0.0,1219.0,0.9802,71,323,1219.0,81,-2139721505,
c29-large-normal0,large,normal,2,old,17660,0,0,0,0,0,0.0,1186.0,0.9802,38,308,1186.0,81,1914432948,
c29-large-normal0,large,normal,2,new,46627,1,0,0,0,0,0.0,1219.0,0.9802,71,323,1219.0,81,-2139721505,
c30-large-normal1,large,normal,0,old,11795,0,0,0,0,0,0.0,1212.0,0.9831,27,317,1212.0,81,1064161166,
c30-large-normal1,large,normal,0,new,39845,0,0,0,0,0,0.0,1203.0,0.9831,92,313,1203.0,241,-1316321937,same
c30-large-normal1,large,normal,1,old,11593,0,0,0,0,0,0.0,1216.0,0.9831,25,319,1216.0,152,-994094038,
c30-large-normal1,large,normal,1,new,38727,0,0,0,0,0,0.0,1238.0,0.9831,52,330,1238.0,81,-896959650,
c30-large-normal1,large,normal,2,old,11238,0,0,0,0,0,0.0,1216.0,0.9831,25,319,1216.0,80,-994094038,
c30-large-normal1,large,normal,2,new,37529,0,0,0,0,0,0.0,1220.0,0.9831,65,320,1220.0,82,-1318732640,
c31-large-dense0,large,dense,0,old,22853,0,0,0,0,1,10000.0,670.0,0.9569,182,343,10670.0,80,620076892,
c31-large-dense0,large,dense,0,new,56044,1,0,0,0,1,10000.0,591.0,0.9569,232,302,10591.0,267,-1337813878,same
c31-large-dense0,large,dense,1,old,33583,0,0,0,0,1,10000.0,663.0,0.9569,193,339,10663.0,174,-313984510,
c31-large-dense0,large,dense,1,new,52344,1,0,0,0,1,10000.0,593.0,0.9569,246,303,10593.0,254,1253270916,
c31-large-dense0,large,dense,2,old,24134,0,0,0,0,1,10000.0,670.0,0.9569,182,343,10670.0,198,620076892,
c31-large-dense0,large,dense,2,new,50479,1,0,0,0,1,10000.0,591.0,0.9569,238,302,10591.0,82,-419424702,
c32-large-dense1,large,dense,0,old,56314,1,0,0,0,0,0.0,620.0,0.9286,188,317,620.0,84,1854807239,
c32-large-dense1,large,dense,0,new,59531,1,0,0,0,0,0.0,614.0,0.9286,205,313,614.0,124,-2058377107,same
c32-large-dense1,large,dense,1,old,44155,1,0,0,0,0,0.0,624.0,0.9286,180,319,624.0,80,1249037895,
c32-large-dense1,large,dense,1,new,54482,1,0,0,0,0,0.0,647.0,0.9286,204,330,647.0,80,-1619282505,
c32-large-dense1,large,dense,2,old,43461,1,0,0,0,0,0.0,616.0,0.9286,184,315,616.0,80,722085323,
c32-large-dense1,large,dense,2,new,65391,1,0,0,0,0,0.0,584.0,0.9286,209,298,584.0,250,-119646291,
c33-large-infeasible0,large,infeasible,0,old,69263,1,0,0,0,127,1270000.0,1050.0,0.9712,304,496,1271050.0,208,-116506660,
c33-large-infeasible0,large,infeasible,0,new,85355,1,0,0,0,129,1289000.0,879.0,0.9712,315,511,1289879.0,226,1102113578,same
c33-large-infeasible0,large,infeasible,1,old,61482,1,0,0,0,126,1260000.0,806.0,0.9712,281,520,1260806.0,165,71076691,
c33-large-infeasible0,large,infeasible,1,new,85299,1,0,0,0,126,1260000.0,759.0,0.9712,308,496,1260759.0,334,-1932000906,
c33-large-infeasible0,large,infeasible,2,old,81420,1,0,0,0,128,1279000.0,783.0,0.9712,315,507,1279783.0,246,518454366,
c33-large-infeasible0,large,infeasible,2,new,88313,1,0,0,0,129,1288000.0,908.0,0.9712,315,515,1288908.0,233,-460294140,
c34-large-infeasible1,large,infeasible,0,old,49615,1,0,0,0,130,1295000.0,868.0,0.9494,274,550,1295868.0,100,1124502149,
c34-large-infeasible1,large,infeasible,0,new,88261,1,0,0,0,126,1257000.0,764.0,0.9494,293,509,1257764.0,262,1910966377,same
c34-large-infeasible1,large,infeasible,1,old,80659,1,0,0,0,123,1230000.0,669.0,0.9494,339,444,1230669.0,216,1701263976,
c34-large-infeasible1,large,infeasible,1,new,80092,1,0,0,0,124,1239000.0,710.0,0.9494,341,473,1239710.0,81,1306534007,
c34-large-infeasible1,large,infeasible,2,old,57014,1,0,0,0,124,1240000.0,803.0,0.9494,338,529,1240803.0,94,-1494215516,
c34-large-infeasible1,large,infeasible,2,new,91122,1,0,0,0,124,1240000.0,749.0,0.9494,356,498,1240749.0,100,-652538010,
c35-large-wishheavy0,large,wishheavy,0,old,13188,0,0,0,0,33,330000.0,2338.0,0.9570,55,586,332338.0,80,-319368717,
c35-large-wishheavy0,large,wishheavy,0,new,26265,0,0,0,0,33,330000.0,2360.0,0.9570,113,566,332360.0,509,-693713575,same
c35-large-wishheavy0,large,wishheavy,1,old,13172,0,0,0,0,33,330000.0,2342.0,0.9570,56,588,332342.0,278,1167492721,
c35-large-wishheavy0,large,wishheavy,1,new,21522,0,0,0,0,33,330000.0,2331.0,0.9570,112,568,332331.0,631,617515960,
c35-large-wishheavy0,large,wishheavy,2,old,12862,0,0,0,0,33,330000.0,2330.0,0.9570,62,589,332330.0,255,1257741556,
c35-large-wishheavy0,large,wishheavy,2,new,25841,0,0,0,0,33,330000.0,2345.0,0.9570,110,574,332345.0,516,348395042,
c36-large-wishheavy1,large,wishheavy,0,old,11472,0,0,0,0,39,390000.0,2394.0,0.9677,68,629,392394.0,611,1902036690,
c36-large-wishheavy1,large,wishheavy,0,new,24958,0,0,0,0,39,390000.0,2442.0,0.9677,85,630,392442.0,642,1761504392,same
c36-large-wishheavy1,large,wishheavy,1,old,17653,0,0,0,0,39,390000.0,2405.0,0.9677,66,628,392405.0,651,-2071871806,
c36-large-wishheavy1,large,wishheavy,1,new,41891,1,0,0,0,39,390000.0,2395.0,0.9677,89,623,392395.0,2198,-583870046,
c36-large-wishheavy1,large,wishheavy,2,old,9964,0,0,0,0,39,390000.0,2408.0,0.9677,41,630,392408.0,2184,856570595,
c36-large-wishheavy1,large,wishheavy,2,new,32562,0,0,0,0,39,390000.0,2410.0,0.9677,81,615,392410.0,2039,-1539174465,
c37-large-forbidden0,large,forbidden,0,old,17561,0,0,0,0,0,0.0,1301.0,0.9540,21,322,1301.0,318,288425677,
c37-large-forbidden0,large,forbidden,0,new,68606,1,0,0,0,0,0.0,1320.0,0.9540,55,331,1320.0,84,1174626801,same
c37-large-forbidden0,large,forbidden,1,old,18227,0,0,0,0,0,0.0,1305.0,0.9540,19,324,1305.0,80,1636918545,
c37-large-forbidden0,large,forbidden,1,new,65276,1,0,0,0,0,0.0,1316.0,0.9540,67,329,1316.0,82,-433390297,
c37-large-forbidden0,large,forbidden,2,old,18419,0,0,0,0,0,0.0,1301.0,0.9540,22,322,1301.0,79,810275981,
c37-large-forbidden0,large,forbidden,2,new,67809,1,0,0,0,0,0.0,1320.0,0.9540,55,331,1320.0,82,1174626801,
c38-large-forbidden1,large,forbidden,0,old,16108,0,0,0,0,0,0.0,1176.0,0.9429,55,302,1176.0,80,-593422766,
c38-large-forbidden1,large,forbidden,0,new,72725,1,0,0,0,0,0.0,1199.0,0.9429,120,314,1199.0,82,1614524781,same
c38-large-forbidden1,large,forbidden,1,old,14874,0,0,0,0,0,0.0,1174.0,0.9429,53,301,1174.0,79,-1178102512,
c38-large-forbidden1,large,forbidden,1,new,53027,1,0,0,0,0,0.0,1200.0,0.9429,122,314,1200.0,82,1666027971,
c38-large-forbidden1,large,forbidden,2,old,14372,0,0,0,0,0,0.0,1174.0,0.9429,53,301,1174.0,79,-1178102512,
c38-large-forbidden1,large,forbidden,2,new,53613,1,0,0,0,0,0.0,1175.0,0.9429,105,302,1175.0,235,-381577679,
c39-large-c2deficit0,large,c2deficit,0,old,13155,0,0,0,0,0,0.0,1276.0,0.9326,40,338,1276.0,215,1874369826,
c39-large-c2deficit0,large,c2deficit,0,new,44709,1,0,0,0,0,0.0,1272.0,0.9326,72,336,1272.0,182,-1323510821,same
c39-large-c2deficit0,large,c2deficit,1,old,13511,0,0,0,0,0,0.0,1276.0,0.9326,40,338,1276.0,158,1874369826,
c39-large-c2deficit0,large,c2deficit,1,new,50417,1,0,0,0,0,0.0,1283.0,0.9326,87,341,1283.0,98,-2112181115,
c39-large-c2deficit0,large,c2deficit,2,old,13764,0,0,0,0,0,0.0,1275.0,0.9326,42,337,1275.0,94,-313819357,
c39-large-c2deficit0,large,c2deficit,2,new,44239,1,0,0,0,0,0.0,1287.0,0.9326,70,343,1287.0,162,617296585,
c40-large-c2deficit1,large,c2deficit,0,old,23318,0,0,0,0,0,0.0,1277.0,0.9623,46,339,1277.0,140,1328308411,
c40-large-c2deficit1,large,c2deficit,0,new,50376,1,1,0,0,-1,-1.0,-1.0,-1.0,-1,-1,-1.0,118,0,same
c40-large-c2deficit1,large,c2deficit,1,old,32385,0,0,0,0,0,0.0,1273.0,0.9623,43,337,1273.0,91,-799359681,
c40-large-c2deficit1,large,c2deficit,1,new,31206,0,1,0,0,-1,-1.0,-1.0,-1.0,-1,-1,-1.0,82,0,
c40-large-c2deficit1,large,c2deficit,2,old,32114,0,0,0,0,0,0.0,1273.0,0.9623,43,337,1273.0,82,-799359681,
c40-large-c2deficit1,large,c2deficit,2,new,30855,0,1,0,0,-1,-1.0,-1.0,-1.0,-1,-1,-1.0,115,0,
c41-large-c42pair0,large,c42pair,0,old,14142,0,1,0,0,-1,-1.0,-1.0,-1.0,-1,-1,-1.0,124,0,
c41-large-c42pair0,large,c42pair,0,new,13909,0,1,0,0,-1,-1.0,-1.0,-1.0,-1,-1,-1.0,128,0,same
c41-large-c42pair0,large,c42pair,1,old,13994,0,1,0,0,-1,-1.0,-1.0,-1.0,-1,-1,-1.0,103,0,
c41-large-c42pair0,large,c42pair,1,new,13405,0,1,0,0,-1,-1.0,-1.0,-1.0,-1,-1,-1.0,86,0,
c41-large-c42pair0,large,c42pair,2,old,13555,0,1,0,0,-1,-1.0,-1.0,-1.0,-1,-1,-1.0,102,0,
c41-large-c42pair0,large,c42pair,2,new,13710,0,1,0,0,-1,-1.0,-1.0,-1.0,-1,-1,-1.0,103,0,
c42-large-c42pair1,large,c42pair,0,old,35185,0,0,0,0,0,0.0,1501.0,0.9346,43,610,1501.0,88,340503434,
c42-large-c42pair1,large,c42pair,0,new,34801,0,0,0,0,0,0.0,1515.0,0.9346,42,617,1515.0,98,2083829830,same
