case,mode,seed,hard,weighted,nbhd,evaluated,improving,anchored,bestHard,bestWeighted,sec,example
r01-golden,ho,0,0,6010.0,N1,1007,8,0,0,5974.0,0.3,"モニカ 11日 有→休 [c1 82→78, c2 1→2, c3 30→31, low 4→5, high 5→6]"
r01-golden,ho,0,0,6010.0,N2,272,1,0,0,6003.0,0.1,"大島愛↔モニカ 11日 [c1 82→78, c2 1→2, c3 30→31, low 4→5, high 5→7, weekly 149→151]"
r01-golden,ho,0,0,6010.0,N3,616,2,2,0,5943.0,0.1,"金沢勇輝↔モニカ 24・29日 [c1 82→81, c3 30→31, c3mn 3→2, high 5→7, weekly 149→153]"
r02-sample,ho,0,1,11292.0,N1,1007,1,0,1,11285.0,0.1,"桒澤美幸 12日 B4→休 [c3 65→63, high 2→3, weekly 150→149]"
r02-sample,ho,0,1,11292.0,N2,272,0,0,,,0.1,""
r02-sample,ho,0,1,11292.0,N3,634,0,0,,,0.1,""
r03-blocked_covu,ho,0,4,43400.0,N1,1516,0,0,,,0.3,""
r03-blocked_covu,ho,0,4,43400.0,N2,467,0,0,,,0.2,""
r03-blocked_covu,ho,0,4,43400.0,N3,1394,1,1,4,43391.0,0.1,"職員F↔職員I 15・18日 [fair 13→12, weekly 184→182]"
r04-sept2026,ho,0,0,5288.0,N1,1184,0,0,,,0.3,""
r04-sept2026,ho,0,0,5288.0,N2,323,0,0,,,0.1,""
r04-sept2026,ho,0,0,5288.0,N3,684,0,0,,,0.1,""
r05-oct2026_grid,ho,0,9,88070.0,N1,1459,0,0,,,0.3,""
r05-oct2026_grid,ho,0,9,88070.0,N2,464,1,0,9,88070.0,0.2,"職員06↔職員07 22日 [c42s 20→21, apt 37→38, fair 38→36, weekly 222→220]"
r05-oct2026_grid,ho,0,9,88070.0,N3,1226,2,2,9,88049.0,0.1,"職員03↔職員07 15・16・17日 [c42 2→3, high 16→15, apt 37→36, fair 38→39, weekly 222→219]"
