case,seed,hard,weighted,nbhd,evaluated,improving,anchored,bestHard,bestWeighted,sec,example
r01-golden,0,0,7394.0,N1,1007,22,1,0,7271.0,0.4,"桒澤美幸 15日 B4→休 [c1 95→92, high 1→2, weekly 170→171]"
r01-golden,0,0,7394.0,N2,270,1,0,0,7352.0,0.3,"古泉 健一↔山本昌幸 23日 [c1 95→91, low 8→9, high 1→2, fair 3→4, weekly 170→174]"
r01-golden,0,0,7394.0,N3,607,1,1,0,7387.0,0.2,"吉江雄貴↔金沢勇輝 9・11日 [c42 8→7, weekly 170→171]"
r02-sample,0,1,11496.0,N1,1007,4,0,1,11411.0,0.5,"福澤俊陽 3日 B4→休 [c1 8→6, c3 58→59]"
r02-sample,0,1,11496.0,N2,277,0,0,,,0.2,""
r02-sample,0,1,11496.0,N3,623,1,0,1,11488.0,0.1,"モニカ↔アリフ 28・29日 [weekly 156→152]"
r03-blocked_covu,0,4,43962.0,N1,1516,1,0,4,43439.0,1.5,"職員E 5日 休→Dﾃ [c1 57→64, c3n 0→1, covU 4→3, low 1→2, fair 9→10, weekly 209→210]"
r03-blocked_covu,0,4,43962.0,N2,472,0,0,,,0.9,""
r03-blocked_covu,0,4,43962.0,N3,1401,0,0,,,0.6,""
r04-sept2026,0,0,5044.0,N1,1184,1,0,0,5042.0,0.3,"職員A 13日 有→休 [weekly 210→209]"
r04-sept2026,0,0,5044.0,N2,324,0,0,,,0.1,""
r04-sept2026,0,0,5044.0,N3,676,0,0,,,0.1,""
r05-oct2026_grid,0,9,87585.0,N1,1459,0,0,,,0.6,""
r05-oct2026_grid,0,9,87585.0,N2,462,0,0,,,0.3,""
r05-oct2026_grid,0,9,87585.0,N3,1233,0,0,,,0.2,""
