case,size,cat,seed,arm,ms,timeout,exception,oob,mismatch,hard,hardW,softW,wishRate,changed,total,weighted,peakMB,hash,repro,ejMs,ejApplied
c01-small-normal0,small,normal,0,old,477,0,0,0,0,0,0.0,202.0,1.0000,0,62,202.0,189,1121065376,,223,0
c01-small-normal0,small,normal,0,new,441,0,0,0,0,0,0.0,202.0,1.0000,0,62,202.0,27,1121065376,same,251,0
c01-small-normal0,small,normal,1,old,493,0,0,0,0,0,0.0,202.0,1.0000,0,62,202.0,27,1121065376,,195,0
c01-small-normal0,small,normal,1,new,475,0,0,0,0,0,0.0,202.0,1.0000,0,62,202.0,43,1121065376,,303,0
c01-small-normal0,small,normal,2,old,259,0,0,0,0,0,0.0,202.0,1.0000,0,62,202.0,43,1121065376,,134,0
c01-small-normal0,small,normal,2,new,279,0,0,0,0,0,0.0,202.0,1.0000,0,62,202.0,69,1121065376,,168,0
c02-small-normal1,small,normal,0,old,2359,0,0,0,0,1,10000.0,186.0,1.0000,11,58,10186.0,101,1652048526,,2029,11
c02-small-normal1,small,normal,0,new,3657,0,0,0,0,1,10000.0,179.0,1.0000,25,59,10179.0,142,-1984612876,same,3366,31
c02-small-normal1,small,normal,1,old,485,0,0,0,0,1,10000.0,177.0,1.0000,11,54,10177.0,79,-1475544182,,364,7
c02-small-normal1,small,normal,1,new,680,0,0,0,0,1,10000.0,177.0,1.0000,11,54,10177.0,81,-1475544182,,564,7
c02-small-normal1,small,normal,2,old,345,0,0,0,0,1,10000.0,181.0,1.0000,2,56,10181.0,43,-1382558191,,245,0
c02-small-normal1,small,normal,2,new,175,0,0,0,0,1,10000.0,181.0,1.0000,2,56,10181.0,43,-1382558191,,98,0
c03-small-dense0,small,dense,0,old,6403,0,0,0,0,9,90000.0,3967.0,1.0000,30,138,93967.0,133,1973399872,,662,3
c03-small-dense0,small,dense,0,new,8556,0,0,0,0,9,89000.0,4263.0,1.0000,36,126,93263.0,296,1231912220,same,5365,20
c03-small-dense0,small,dense,1,old,4473,0,0,0,0,9,90000.0,3899.0,1.0000,42,126,93899.0,161,-837905180,,174,0
c03-small-dense0,small,dense,1,new,4809,0,0,0,0,9,90000.0,3899.0,1.0000,42,126,93899.0,177,-837905180,,220,0
c03-small-dense0,small,dense,2,old,4739,0,0,0,0,10,100000.0,3573.0,1.0000,35,125,103573.0,213,-1794894270,,106,0
c03-small-dense0,small,dense,2,new,5140,0,0,0,0,10,100000.0,3573.0,1.0000,35,125,103573.0,212,-1794894270,,404,0
c04-small-dense1,small,dense,0,old,6433,0,0,0,0,5,49000.0,5371.0,1.0000,35,155,54371.0,245,-221945716,,1402,1
c04-small-dense1,small,dense,0,new,4792,0,0,0,0,5,49000.0,5371.0,1.0000,35,155,54371.0,295,-221945716,same,2042,1
c04-small-dense1,small,dense,1,old,4539,0,0,0,0,6,60000.0,4748.0,1.0000,41,135,64748.0,240,-312807075,,102,0
c04-small-dense1,small,dense,1,new,3010,0,0,0,0,6,60000.0,4748.0,1.0000,41,135,64748.0,210,-312807075,,218,0
c04-small-dense1,small,dense,2,old,5434,0,0,0,0,5,49000.0,5371.0,1.0000,35,155,54371.0,283,1811480968,,1614,1
c04-small-dense1,small,dense,2,new,4328,0,0,0,0,5,49000.0,5371.0,1.0000,35,155,54371.0,272,1811480968,,1112,1
c05-small-infeasible0,small,infeasible,0,old,1294,0,0,0,0,19,190000.0,235.0,1.0000,41,104,190235.0,246,-975768695,,840,13
c05-small-infeasible0,small,infeasible,0,new,934,0,0,0,0,19,190000.0,235.0,1.0000,41,104,190235.0,82,-975768695,same,592,13
c05-small-infeasible0,small,infeasible,1,old,868,0,0,0,0,19,190000.0,235.0,1.0000,40,94,190235.0,91,-1076553541,,81,0
c05-small-infeasible0,small,infeasible,1,new,1098,0,0,0,0,19,190000.0,235.0,1.0000,40,94,190235.0,84,-1076553541,,174,0
c05-small-infeasible0,small,infeasible,2,old,1164,0,0,0,0,19,190000.0,218.0,1.0000,18,94,190218.0,161,1762885287,,964,2
c05-small-infeasible0,small,infeasible,2,new,1356,0,0,0,0,19,190000.0,218.0,1.0000,18,94,190218.0,181,1762885287,,1148,2
c06-small-infeasible1,small,infeasible,0,old,1382,0,0,0,0,19,190000.0,238.0,1.0000,55,102,190238.0,148,-1771009757,,1114,10
c06-small-infeasible1,small,infeasible,0,new,1216,0,0,0,0,19,190000.0,230.0,1.0000,53,101,190230.0,158,-1297573269,same,902,5
c06-small-infeasible1,small,infeasible,1,old,971,0,0,0,0,19,190000.0,233.0,1.0000,39,96,190233.0,130,1342964619,,599,8
c06-small-infeasible1,small,infeasible,1,new,1020,0,0,0,0,19,190000.0,222.0,1.0000,45,94,190222.0,120,418747051,,816,21
c06-small-infeasible1,small,infeasible,2,old,524,0,0,0,0,19,190000.0,240.0,1.0000,48,99,190240.0,84,-901242119,,248,2
c06-small-infeasible1,small,infeasible,2,new,1276,0,0,0,0,19,190000.0,240.0,1.0000,48,99,190240.0,120,-901242119,,825,2
c07-small-wishheavy0,small,wishheavy,0,old,1471,0,0,0,0,9,90000.0,425.0,0.9615,4,101,90425.0,130,1377690832,,1335,5
c07-small-wishheavy0,small,wishheavy,0,new,1281,0,0,0,0,9,90000.0,425.0,0.9615,4,101,90425.0,122,1377690832,same,1124,5
c07-small-wishheavy0,small,wishheavy,1,old,243,0,0,0,0,9,90000.0,425.0,0.9615,4,101,90425.0,42,1377690832,,98,0
c07-small-wishheavy0,small,wishheavy,1,new,462,0,0,0,0,9,90000.0,425.0,0.9615,4,101,90425.0,54,1377690832,,349,0
c07-small-wishheavy0,small,wishheavy,2,old,192,0,0,0,0,9,90000.0,425.0,0.9615,4,101,90425.0,54,1377690832,,111,0
c07-small-wishheavy0,small,wishheavy,2,new,221,0,0,0,0,9,90000.0,425.0,0.9615,4,101,90425.0,82,1377690832,,163,0
c08-small-wishheavy1,small,wishheavy,0,old,975,0,0,0,0,11,109000.0,499.0,0.9273,13,110,109499.0,118,-554844035,,818,12
c08-small-wishheavy1,small,wishheavy,0,new,1655,0,0,0,0,11,109000.0,499.0,0.9273,7,110,109499.0,138,198775199,same,1559,8
c08-small-wishheavy1,small,wishheavy,1,old,208,0,0,0,0,11,109000.0,504.0,0.9273,11,111,109504.0,78,1890860571,,97,0
c08-small-wishheavy1,small,wishheavy,1,new,385,0,0,0,0,11,109000.0,499.0,0.9273,13,110,109499.0,82,1477106501,,326,6
c08-small-wishheavy1,small,wishheavy,2,old,82,0,0,0,0,11,109000.0,504.0,0.9273,7,111,109504.0,32,-353567205,,51,0
c08-small-wishheavy1,small,wishheavy,2,new,365,0,0,0,0,11,109000.0,499.0,0.9273,7,110,109499.0,84,198775199,,334,4
c09-small-forbidden0,small,forbidden,0,old,122,0,0,0,0,1,10000.0,222.0,0.9474,4,72,10222.0,102,1869615496,,106,0
c09-small-forbidden0,small,forbidden,0,new,200,0,0,0,0,1,10000.0,222.0,0.9474,4,72,10222.0,48,1869615496,same,156,0
c09-small-forbidden0,small,forbidden,1,old,80,0,0,0,0,1,10000.0,222.0,0.9474,4,72,10222.0,32,1869615496,,58,0
c09-small-forbidden0,small,forbidden,1,new,85,0,0,0,0,1,10000.0,222.0,0.9474,4,72,10222.0,36,1869615496,,59,0
c09-small-forbidden0,small,forbidden,2,old,68,0,0,0,0,1,10000.0,222.0,0.9474,4,72,10222.0,32,1869615496,,51,0
c09-small-forbidden0,small,forbidden,2,new,151,0,0,0,0,1,10000.0,222.0,0.9474,4,72,10222.0,36,1869615496,,119,0
c10-small-forbidden1,small,forbidden,0,old,89,0,0,0,0,0,0.0,206.0,0.8750,4,64,206.0,116,-839458744,,55,0
c10-small-forbidden1,small,forbidden,0,new,131,0,0,0,0,0,0.0,206.0,0.8750,4,64,206.0,56,-839458744,same,88,0
c10-small-forbidden1,small,forbidden,1,old,123,0,0,0,0,0,0.0,206.0,0.8750,4,64,206.0,60,-839458744,,63,0
c10-small-forbidden1,small,forbidden,1,new,136,0,0,0,0,0,0.0,206.0,0.8750,4,64,206.0,64,-839458744,,84,0
c10-small-forbidden1,small,forbidden,2,old,131,0,0,0,0,0,0.0,206.0,0.8750,4,64,206.0,64,-839458744,,55,0
c10-small-forbidden1,small,forbidden,2,new,143,0,0,0,0,0,0.0,206.0,0.8750,4,64,206.0,62,-839458744,,97,0
c11-small-c2deficit0,small,c2deficit,0,old,278,0,0,0,0,0,0.0,188.0,1.0000,0,59,188.0,84,-874867679,,93,0
c11-small-c2deficit0,small,c2deficit,0,new,266,0,0,0,0,0,0.0,188.0,1.0000,0,59,188.0,36,-874867679,same,80,0
c11-small-c2deficit0,small,c2deficit,1,old,182,0,0,0,0,0,0.0,188.0,1.0000,0,59,188.0,36,-874867679,,83,0
c11-small-c2deficit0,small,c2deficit,1,new,301,0,0,0,0,0,0.0,188.0,1.0000,0,59,188.0,36,-874867679,,192,0
c11-small-c2deficit0,small,c2deficit,2,old,206,0,0,0,0,0,0.0,188.0,1.0000,0,59,188.0,36,-874867679,,82,0
c11-small-c2deficit0,small,c2deficit,2,new,175,0,0,0,0,0,0.0,188.0,1.0000,0,59,188.0,82,-874867679,,85,0
c12-small-c2deficit1,small,c2deficit,0,old,134,0,0,0,0,0,0.0,230.0,1.0000,0,68,230.0,104,-418916590,,86,0
c12-small-c2deficit1,small,c2deficit,0,new,162,0,0,0,0,0,0.0,230.0,1.0000,0,68,230.0,32,-418916590,same,86,0
c12-small-c2deficit1,small,c2deficit,1,old,305,0,0,0,0,0,0.0,230.0,1.0000,0,68,230.0,32,-418916590,,151,0
c12-small-c2deficit1,small,c2deficit,1,new,239,0,0,0,0,0,0.0,230.0,1.0000,0,68,230.0,32,-418916590,,141,0
c12-small-c2deficit1,small,c2deficit,2,old,179,0,0,0,0,0,0.0,230.0,1.0000,0,68,230.0,32,-418916590,,66,0
c12-small-c2deficit1,small,c2deficit,2,new,214,0,0,0,0,0,0.0,230.0,1.0000,0,68,230.0,36,-418916590,,128,0
c13-small-c42pair0,small,c42pair,0,old,1908,0,0,0,0,0,0.0,220.0,0.9167,17,61,220.0,130,534427362,,1638,12
c13-small-c42pair0,small,c42pair,0,new,1530,0,0,0,0,0,0.0,220.0,0.9167,17,61,220.0,102,534427362,same,1240,12
c13-small-c42pair0,small,c42pair,1,old,1119,0,0,0,0,0,0.0,220.0,0.9167,17,61,220.0,104,534427362,,1022,12
c13-small-c42pair0,small,c42pair,1,new,2676,0,0,0,0,0,0.0,220.0,0.9167,17,61,220.0,98,534427362,,2477,12
c13-small-c42pair0,small,c42pair,2,old,2183,0,0,0,0,0,0.0,220.0,0.9167,17,61,220.0,82,534427362,,1933,12
c13-small-c42pair0,small,c42pair,2,new,1054,0,0,0,0,0,0.0,220.0,0.9167,17,61,220.0,116,534427362,,888,12
c14-small-c42pair1,small,c42pair,0,old,250,0,0,0,0,0,0.0,216.0,1.0000,6,59,216.0,108,1932613207,,60,0
c14-small-c42pair1,small,c42pair,0,new,281,0,0,0,0,0,0.0,216.0,1.0000,6,59,216.0,78,1932613207,same,100,0
c14-small-c42pair1,small,c42pair,1,old,184,0,0,0,0,0,0.0,216.0,1.0000,6,59,216.0,58,1932613207,,75,0
c14-small-c42pair1,small,c42pair,1,new,215,0,0,0,0,0,0.0,216.0,1.0000,6,59,216.0,58,1932613207,,71,0
c14-small-c42pair1,small,c42pair,2,old,514,0,0,0,0,0,0.0,216.0,1.0000,6,59,216.0,58,1932613207,,283,0
c14-small-c42pair1,small,c42pair,2,new,335,0,0,0,0,0,0.0,216.0,1.0000,6,59,216.0,56,1932613207,,74,0
c15-medium-normal0,medium,normal,0,old,2487,0,0,0,0,0,0.0,474.0,1.0000,36,151,474.0,128,-1511374281,,50,0
c15-medium-normal0,medium,normal,0,new,1987,0,0,0,0,0,0.0,474.0,1.0000,36,151,474.0,116,-1511374281,same,67,0
c15-medium-normal0,medium,normal,1,old,1260,0,0,0,0,0,0.0,474.0,1.0000,32,151,474.0,110,988371525,,211,2
c15-medium-normal0,medium,normal,1,new,1632,0,0,0,0,0,0.0,474.0,1.0000,32,151,474.0,116,988371525,,344,2
c15-medium-normal0,medium,normal,2,old,2398,0,0,0,0,0,0.0,472.0,1.0000,39,150,472.0,110,557833297,,45,0
c15-medium-normal0,medium,normal,2,new,2136,0,0,0,0,0,0.0,472.0,1.0000,39,150,472.0,98,557833297,,95,0
c16-medium-normal1,medium,normal,0,old,2146,0,0,0,0,0,0.0,412.0,0.9762,23,154,412.0,84,1243727199,,184,0
c16-medium-normal1,medium,normal,0,new,2614,0,0,0,0,0,0.0,412.0,0.9762,23,154,412.0,82,1243727199,same,189,0
c16-medium-normal1,medium,normal,1,old,1389,0,0,0,0,0,0.0,425.0,0.9762,16,157,425.0,84,-1741520393,,83,0
c16-medium-normal1,medium,normal,1,new,2030,0,0,0,0,0,0.0,425.0,0.9762,16,157,425.0,84,-1741520393,,103,0
c16-medium-normal1,medium,normal,2,old,2487,0,0,0,0,0,0.0,425.0,0.9762,16,157,425.0,84,-1741520393,,97,0
c16-medium-normal1,medium,normal,2,new,2112,0,0,0,0,0,0.0,425.0,0.9762,16,157,425.0,84,-1741520393,,154,0
c17-medium-dense0,medium,dense,0,old,17551,0,0,0,0,2,20000.0,7283.0,0.9268,188,327,27283.0,686,-976581808,,343,0
c17-medium-dense0,medium,dense,0,new,15594,0,0,0,0,2,20000.0,7283.0,0.9268,188,327,27283.0,648,-976581808,same,450,0
c17-medium-dense0,medium,dense,1,old,12503,0,0,0,0,2,20000.0,7050.0,0.9268,198,310,27050.0,788,-301881260,,165,0
c17-medium-dense0,medium,dense,1,new,11933,0,0,0,0,2,20000.0,7050.0,0.9268,198,310,27050.0,837,-301881260,,255,0
c17-medium-dense0,medium,dense,2,old,13393,0,0,0,0,2,20000.0,7035.0,0.9268,192,317,27035.0,669,-2140364760,,126,0
c17-medium-dense0,medium,dense,2,new,10972,0,0,0,0,2,20000.0,7035.0,0.9268,192,317,27035.0,597,-2140364760,,181,0
c18-medium-dense1,medium,dense,0,old,10358,0,0,0,0,3,30000.0,8031.0,0.9388,166,327,38031.0,803,840914084,,85,0
c18-medium-dense1,medium,dense,0,new,10775,0,0,0,0,3,30000.0,8031.0,0.9388,166,327,38031.0,757,840914084,same,191,0
c18-medium-dense1,medium,dense,1,old,9059,0,0,0,0,3,30000.0,8047.0,0.9388,168,340,38047.0,719,-601838937,,166,0
c18-medium-dense1,medium,dense,1,new,10123,0,0,0,0,3,30000.0,8037.0,0.9388,166,335,38037.0,637,747875716,,509,5
c18-medium-dense1,medium,dense,2,old,8556,0,0,0,0,3,30000.0,7879.0,0.9388,186,318,37879.0,597,-803099156,,238,0
c18-medium-dense1,medium,dense,2,new,8731,0,0,0,0,3,30000.0,7879.0,0.9388,186,318,37879.0,509,-803099156,,191,0
c19-medium-infeasible0,medium,infeasible,0,old,2287,0,0,0,0,73,729000.0,491.0,0.9444,175,257,729491.0,493,1167413046,,43,0
c19-medium-infeasible0,medium,infeasible,0,new,2167,0,0,0,0,73,729000.0,491.0,0.9444,175,257,729491.0,122,1167413046,same,87,0
c19-medium-infeasible0,medium,infeasible,1,old,3856,0,0,0,0,72,719000.0,421.0,0.9444,166,232,719421.0,217,2104554259,,1346,15
c19-medium-infeasible0,medium,infeasible,1,new,4747,0,0,0,0,72,719000.0,371.0,0.9444,167,215,719371.0,170,640418144,,2241,38
c19-medium-infeasible0,medium,infeasible,2,old,2786,0,0,0,0,71,710000.0,485.0,0.9444,166,248,710485.0,153,1128080130,,971,11
c19-medium-infeasible0,medium,infeasible,2,new,4763,0,0,0,0,71,710000.0,446.0,0.9444,164,238,710446.0,187,-1005304619,,2546,29
c20-medium-infeasible1,medium,infeasible,0,old,3044,0,0,0,0,70,700000.0,415.0,0.9286,160,226,700415.0,176,75420512,,624,11
c20-medium-infeasible1,medium,infeasible,0,new,4136,0,0,0,0,70,700000.0,370.0,0.9286,166,220,700370.0,169,-2038307657,same,1688,47
c20-medium-infeasible1,medium,infeasible,1,old,2524,0,0,0,0,70,700000.0,433.0,0.9286,182,240,700433.0,132,-722910303,,446,14
c20-medium-infeasible1,medium,infeasible,1,new,2546,0,0,0,0,70,700000.0,405.0,0.9286,182,235,700405.0,147,-1424429713,,679,24
c20-medium-infeasible1,medium,infeasible,2,old,2427,0,0,0,0,71,710000.0,445.0,0.9286,184,229,710445.0,141,477293857,,194,10
c20-medium-infeasible1,medium,infeasible,2,new,3935,0,0,0,0,70,700000.0,415.0,0.9286,190,229,700415.0,161,-1852180915,,1442,34
c21-medium-wishheavy0,medium,wishheavy,0,old,2775,0,0,0,0,20,198000.0,1077.0,0.9650,51,277,199077.0,282,-878930252,,927,11
c21-medium-wishheavy0,medium,wishheavy,0,new,3279,0,0,0,0,20,198000.0,1065.0,0.9650,52,274,199065.0,364,-661370476,same,1477,17
c21-medium-wishheavy0,medium,wishheavy,1,old,2481,0,0,0,0,20,198000.0,1074.0,0.9650,45,275,199074.0,265,-1179970891,,993,13
c21-medium-wishheavy0,medium,wishheavy,1,new,2941,0,0,0,0,20,198000.0,1076.0,0.9650,46,276,199076.0,374,-2111361455,,1128,15
c21-medium-wishheavy0,medium,wishheavy,2,old,2089,0,0,0,0,20,198000.0,1057.0,0.9650,44,270,199057.0,283,-566448975,,88,0
c21-medium-wishheavy0,medium,wishheavy,2,new,2318,0,0,0,0,20,198000.0,1057.0,0.9650,44,270,199057.0,188,-566448975,,100,0
c22-medium-wishheavy1,medium,wishheavy,0,old,2700,0,0,0,0,28,278000.0,1241.0,0.9502,42,299,279241.0,154,145714573,,1067,13
c22-medium-wishheavy1,medium,wishheavy,0,new,1662,0,0,0,0,28,278000.0,1231.0,0.9502,40,294,279231.0,136,-1905269100,same,550,13
c22-medium-wishheavy1,medium,wishheavy,1,old,2366,0,0,0,0,28,278000.0,1218.0,0.9502,42,295,279218.0,198,-535101997,,1500,17
c22-medium-wishheavy1,medium,wishheavy,1,new,2958,0,0,0,0,28,278000.0,1192.0,0.9502,52,285,279192.0,201,-1164173122,,2037,40
c22-medium-wishheavy1,medium,wishheavy,2,old,2402,0,0,0,0,28,278000.0,1235.0,0.9502,41,296,279235.0,192,1207418638,,797,14
c22-medium-wishheavy1,medium,wishheavy,2,new,2216,0,0,0,0,28,278000.0,1221.0,0.9502,46,289,279221.0,157,236194708,,961,25
c23-medium-forbidden0,medium,forbidden,0,old,1124,0,0,0,0,0,0.0,496.0,1.0000,21,148,496.0,132,1078831545,,348,13
c23-medium-forbidden0,medium,forbidden,0,new,1304,0,0,0,0,0,0.0,496.0,1.0000,21,148,496.0,124,1078831545,same,371,13
c23-medium-forbidden0,medium,forbidden,1,old,1079,0,0,0,0,0,0.0,496.0,1.0000,21,148,496.0,98,1078831545,,353,13
c23-medium-forbidden0,medium,forbidden,1,new,1109,0,0,0,0,0,0.0,496.0,1.0000,21,148,496.0,98,1078831545,,368,13
c23-medium-forbidden0,medium,forbidden,2,old,1447,0,0,0,0,0,0.0,496.0,1.0000,21,148,496.0,72,1078831545,,425,13
c23-medium-forbidden0,medium,forbidden,2,new,1286,0,0,0,0,0,0.0,496.0,1.0000,21,148,496.0,106,1078831545,,440,13
c24-medium-forbidden1,medium,forbidden,0,old,1801,0,0,0,0,1,9000.0,488.0,0.9722,35,159,9488.0,134,2010356313,,63,0
c24-medium-forbidden1,medium,forbidden,0,new,1726,0,0,0,0,1,9000.0,488.0,0.9722,35,159,9488.0,84,2010356313,same,47,0
c24-medium-forbidden1,medium,forbidden,1,old,1862,0,0,0,0,1,9000.0,470.0,0.9722,48,150,9470.0,110,2035402055,,165,4
c24-medium-forbidden1,medium,forbidden,1,new,1944,0,0,0,0,1,9000.0,470.0,0.9722,48,150,9470.0,102,2035402055,,250,4
c24-medium-forbidden1,medium,forbidden,2,old,853,0,0,0,0,1,9000.0,484.0,0.9722,29,157,9484.0,92,-238892455,,47,0
c24-medium-forbidden1,medium,forbidden,2,new,850,0,0,0,0,1,9000.0,484.0,0.9722,29,157,9484.0,62,-238892455,,78,0
c25-medium-c2deficit0,medium,c2deficit,0,old,495,0,0,0,0,0,0.0,485.0,0.9762,16,171,485.0,156,1434775385,,47,0
c25-medium-c2deficit0,medium,c2deficit,0,new,457,0,0,0,0,0,0.0,485.0,0.9762,16,171,485.0,82,1434775385,same,54,0
c25-medium-c2deficit0,medium,c2deficit,1,old,457,0,0,0,0,0,0.0,485.0,0.9762,16,171,485.0,84,1434775385,,46,0
c25-medium-c2deficit0,medium,c2deficit,1,new,497,0,0,0,0,0,0.0,485.0,0.9762,16,171,485.0,80,1434775385,,61,0
c25-medium-c2deficit0,medium,c2deficit,2,old,514,0,0,0,0,0,0.0,485.0,0.9762,16,171,485.0,82,1434775385,,44,0
c25-medium-c2deficit0,medium,c2deficit,2,new,571,0,0,0,0,0,0.0,485.0,0.9762,16,171,485.0,82,1434775385,,49,0
c26-medium-c2deficit1,medium,c2deficit,0,old,564,0,0,0,0,0,0.0,490.0,0.9048,34,170,490.0,82,2048090263,,75,0
c26-medium-c2deficit1,medium,c2deficit,0,new,557,0,0,0,0,0,0.0,490.0,0.9048,34,170,490.0,84,2048090263,same,74,0
c26-medium-c2deficit1,medium,c2deficit,1,old,1254,0,0,0,0,0,0.0,490.0,0.9048,32,170,490.0,102,-1672677485,,48,0
c26-medium-c2deficit1,medium,c2deficit,1,new,1169,0,0,0,0,0,0.0,490.0,0.9048,32,170,490.0,98,-1672677485,,46,0
c26-medium-c2deficit1,medium,c2deficit,2,old,1218,0,0,0,0,0,0.0,490.0,0.9048,31,170,490.0,106,-1375598765,,43,0
c26-medium-c2deficit1,medium,c2deficit,2,new,1151,0,0,0,0,0,0.0,490.0,0.9048,31,170,490.0,116,-1375598765,,76,0
c27-medium-c42pair0,medium,c42pair,0,old,1081,0,0,0,0,0,0.0,762.0,0.9767,26,195,762.0,84,529265161,,70,0
c27-medium-c42pair0,medium,c42pair,0,new,975,0,0,0,0,0,0.0,762.0,0.9767,26,195,762.0,98,529265161,same,50,0
c27-medium-c42pair0,medium,c42pair,1,old,961,0,0,0,0,0,0.0,762.0,0.9767,26,195,762.0,102,529265161,,54,0
c27-medium-c42pair0,medium,c42pair,1,new,1383,0,0,0,0,0,0.0,762.0,0.9767,26,195,762.0,82,529265161,,65,0
c27-medium-c42pair0,medium,c42pair,2,old,1094,0,0,0,0,0,0.0,762.0,0.9767,26,195,762.0,82,529265161,,58,0
c27-medium-c42pair0,medium,c42pair,2,new,1063,0,0,0,0,0,0.0,762.0,0.9767,26,195,762.0,84,529265161,,54,0
c28-medium-c42pair1,medium,c42pair,0,old,2737,0,0,0,0,0,0.0,642.0,0.9556,38,177,642.0,222,1765713003,,49,0
c28-medium-c42pair1,medium,c42pair,0,new,2544,0,0,0,0,0,0.0,642.0,0.9556,38,177,642.0,171,1765713003,same,98,0
c28-medium-c42pair1,medium,c42pair,1,old,2225,0,0,0,0,0,0.0,636.0,0.9556,35,174,636.0,177,1099717957,,595,2
c28-medium-c42pair1,medium,c42pair,1,new,2014,0,0,0,0,0,0.0,636.0,0.9556,35,174,636.0,121,1099717957,,448,2
c28-medium-c42pair1,medium,c42pair,2,old,2357,0,0,0,0,0,0.0,643.0,0.9556,40,172,643.0,178,-1470260629,,110,0
c28-medium-c42pair1,medium,c42pair,2,new,1962,0,0,0,0,0,0.0,643.0,0.9556,40,172,643.0,184,-1470260629,,56,0
c29-large-normal0,large,normal,0,old,3398,0,0,0,0,0,0.0,1240.0,0.9802,53,313,1240.0,106,428132671,,650,14
c29-large-normal0,large,normal,0,new,3930,0,0,0,0,0,0.0,1202.0,0.9802,70,294,1202.0,142,158712089,same,1284,42
c29-large-normal0,large,normal,1,old,2986,0,0,0,0,0,0.0,1240.0,0.9802,53,313,1240.0,164,428132671,,388,14
c29-large-normal0,large,normal,1,new,3605,0,0,0,0,0,0.0,1202.0,0.9802,70,294,1202.0,146,158712089,,981,42
c29-large-normal0,large,normal,2,old,3210,0,0,0,0,0,0.0,1240.0,0.9802,53,313,1240.0,115,428132671,,456,14
c29-large-normal0,large,normal,2,new,4009,0,0,0,0,0,0.0,1202.0,0.9802,70,294,1202.0,184,158712089,,1149,42
c30-large-normal1,large,normal,0,old,2973,0,0,0,0,0,0.0,1222.0,0.9831,84,304,1222.0,103,-1967643147,,309,14
c30-large-normal1,large,normal,0,new,3071,0,0,0,0,0,0.0,1206.0,0.9831,94,296,1206.0,154,-415695909,same,773,42
c30-large-normal1,large,normal,1,old,2734,0,0,0,0,0,0.0,1222.0,0.9831,84,304,1222.0,130,-1967643147,,320,14
c30-large-normal1,large,normal,1,new,3790,0,0,0,0,0,0.0,1206.0,0.9831,94,296,1206.0,137,-415695909,,1024,42
c30-large-normal1,large,normal,2,old,2500,0,0,0,0,0,0.0,1222.0,0.9831,84,304,1222.0,121,-1967643147,,233,14
c30-large-normal1,large,normal,2,new,3151,0,0,0,0,0,0.0,1206.0,0.9831,94,296,1206.0,141,-415695909,,737,42
c31-large-dense0,large,dense,0,old,10605,0,0,0,0,1,10000.0,891.0,0.9569,223,358,10891.0,165,1790227519,,282,10
c31-large-dense0,large,dense,0,new,9855,0,0,0,0,1,10000.0,891.0,0.9569,223,358,10891.0,117,1790227519,same,387,10
c31-large-dense0,large,dense,1,old,10477,0,0,0,0,1,10000.0,891.0,0.9569,223,358,10891.0,133,1790227519,,246,10
c31-large-dense0,large,dense,1,new,10836,0,0,0,0,1,10000.0,891.0,0.9569,223,358,10891.0,191,1790227519,,379,10
c31-large-dense0,large,dense,2,old,14200,0,0,0,0,1,10000.0,891.0,0.9569,223,358,10891.0,147,1790227519,,559,10
c31-large-dense0,large,dense,2,new,13690,0,0,0,0,1,10000.0,891.0,0.9569,223,358,10891.0,131,1790227519,,606,10
c32-large-dense1,large,dense,0,old,21681,0,0,0,0,0,0.0,839.0,0.9286,287,339,839.0,146,-214761243,,763,12
c32-large-dense1,large,dense,0,new,22778,0,0,0,0,0,0.0,811.0,0.9286,289,335,811.0,146,1370817461,same,1667,26
c32-large-dense1,large,dense,1,old,14192,0,0,0,0,0,0.0,848.0,0.9286,265,357,848.0,116,-1346312979,,72,0
c32-large-dense1,large,dense,1,new,14185,0,0,0,0,0,0.0,848.0,0.9286,265,357,848.0,122,-1346312979,,61,0
c32-large-dense1,large,dense,2,old,11660,0,0,0,0,0,0.0,904.0,0.9286,254,367,904.0,130,-50888997,,243,4
c32-large-dense1,large,dense,2,new,13670,0,0,0,0,0,0.0,904.0,0.9286,254,367,904.0,176,-50888997,,294,4
c33-large-infeasible0,large,infeasible,0,old,27905,0,0,0,0,127,1269000.0,1072.0,0.9712,338,520,1270072.0,241,701632173,,1316,27
c33-large-infeasible0,large,infeasible,0,new,28077,0,0,0,0,126,1260000.0,1003.0,0.9712,340,489,1261003.0,292,-346831266,same,3038,67
c33-large-infeasible0,large,infeasible,1,old,23371,0,0,0,0,126,1260000.0,1012.0,0.9712,355,499,1261012.0,335,315638990,,1326,31
c33-large-infeasible0,large,infeasible,1,new,19596,0,0,0,0,126,1260000.0,1006.0,0.9712,369,489,1261006.0,330,-478494611,,2939,47
c33-large-infeasible0,large,infeasible,2,old,27603,0,0,0,0,127,1269000.0,1198.0,0.9712,291,534,1270198.0,475,-862778731,,1546,25
c33-large-infeasible0,large,infeasible,2,new,37664,0,0,0,0,127,1269000.0,992.0,0.9712,307,493,1269992.0,445,-1633624011,,4362,57
c34-large-infeasible1,large,infeasible,0,old,38680,0,0,0,0,125,1248000.0,1215.0,0.9494,291,514,1249215.0,240,-1370316837,,976,10
c34-large-infeasible1,large,infeasible,0,new,40809,1,0,0,0,123,1230000.0,995.0,0.9494,304,472,1230995.0,280,-699439921,same,2668,49
c34-large-infeasible1,large,infeasible,1,old,20988,0,0,0,0,124,1240000.0,1090.0,0.9494,294,477,1241090.0,314,-706733314,,842,14
c34-large-infeasible1,large,infeasible,1,new,23648,0,0,0,0,123,1230000.0,1091.0,0.9494,311,440,1231091.0,327,1606823319,,3015,57
c34-large-infeasible1,large,infeasible,2,old,30062,0,0,0,0,123,1230000.0,1359.0,0.9494,299,523,1231359.0,223,-1249257831,,1219,22
c34-large-infeasible1,large,infeasible,2,new,31280,0,0,0,0,123,1230000.0,940.0,0.9494,316,450,1230940.0,252,1753670697,,2952,49
c35-large-wishheavy0,large,wishheavy,0,old,4733,0,0,0,0,33,330000.0,2341.0,0.9570,73,539,332341.0,214,-613226085,,2057,25
c35-large-wishheavy0,large,wishheavy,0,new,6117,0,0,0,0,33,330000.0,2313.0,0.9570,76,525,332313.0,248,574226628,same,3415,49
c35-large-wishheavy0,large,wishheavy,1,old,6692,0,0,0,0,33,330000.0,2337.0,0.9570,58,537,332337.0,195,1012033181,,1978,16
c35-large-wishheavy0,large,wishheavy,1,new,7629,0,0,0,0,33,330000.0,2323.0,0.9570,70,530,332323.0,214,1911421470,,2743,45
c35-large-wishheavy0,large,wishheavy,2,old,6329,0,0,0,0,33,330000.0,2341.0,0.9570,56,539,332341.0,213,1396342041,,2254,15
c35-large-wishheavy0,large,wishheavy,2,new,6956,0,0,0,0,33,330000.0,2317.0,0.9570,67,527,332317.0,255,-2129438975,,3117,36
c36-large-wishheavy1,large,wishheavy,0,old,5376,0,0,0,0,39,390000.0,2469.0,0.9677,67,588,392469.0,478,414050742,,1340,15
c36-large-wishheavy1,large,wishheavy,0,new,6099,0,0,0,0,39,390000.0,2433.0,0.9677,70,570,392433.0,587,-1757814137,same,2028,41
c36-large-wishheavy1,large,wishheavy,1,old,6426,0,0,0,0,39,390000.0,2463.0,0.9677,69,585,392463.0,564,-1264591366,,1158,15
c36-large-wishheavy1,large,wishheavy,1,new,7454,0,0,0,0,39,390000.0,2439.0,0.9677,69,573,392439.0,656,1162490089,,2042,31
c36-large-wishheavy1,large,wishheavy,2,old,8850,0,0,0,0,39,390000.0,2453.0,0.9677,78,583,392453.0,644,-72013857,,2629,20
c36-large-wishheavy1,large,wishheavy,2,new,8461,0,0,0,0,39,390000.0,2427.0,0.9677,79,570,392427.0,491,1242368718,,2137,36
c37-large-forbidden0,large,forbidden,0,old,11305,0,0,0,0,0,0.0,1383.0,0.9540,53,303,1383.0,142,941637624,,846,15
c37-large-forbidden0,large,forbidden,0,new,13236,0,0,0,0,0,0.0,1368.0,0.9540,65,295,1368.0,208,146257402,same,2191,41
c37-large-forbidden0,large,forbidden,1,old,12729,0,0,0,0,0,0.0,1383.0,0.9540,53,303,1383.0,152,941637624,,752,15
c37-large-forbidden0,large,forbidden,1,new,13082,0,0,0,0,0,0.0,1368.0,0.9540,65,295,1368.0,248,146257402,,2268,41
c37-large-forbidden0,large,forbidden,2,old,9396,0,0,0,0,0,0.0,1380.0,0.9540,52,302,1380.0,159,-1728382313,,757,15
c37-large-forbidden0,large,forbidden,2,new,10909,0,0,0,0,0,0.0,1366.0,0.9540,66,295,1366.0,205,-55515716,,1969,43
c38-large-forbidden1,large,forbidden,0,old,5504,0,0,0,0,0,0.0,1277.0,0.9429,63,319,1277.0,146,2019258040,,652,18
c38-large-forbidden1,large,forbidden,0,new,6473,0,0,0,0,0,0.0,1217.0,0.9429,85,292,1217.0,218,834783274,same,2046,54
c38-large-forbidden1,large,forbidden,1,old,5371,0,0,0,0,0,0.0,1277.0,0.9429,63,319,1277.0,117,2019258040,,631,18
c38-large-forbidden1,large,forbidden,1,new,7292,0,0,0,0,0,0.0,1217.0,0.9429,85,292,1217.0,236,834783274,,2367,54
c38-large-forbidden1,large,forbidden,2,old,7482,0,0,0,0,0,0.0,1285.0,0.9429,63,319,1285.0,158,-504284446,,891,15
c38-large-forbidden1,large,forbidden,2,new,9113,0,0,0,0,0,0.0,1207.0,0.9429,92,287,1207.0,208,-1869427338,,2581,57
c39-large-c2deficit0,large,c2deficit,0,old,4366,0,0,0,0,0,0.0,1376.0,0.9326,56,335,1376.0,538,-1556184746,,257,13
c39-large-c2deficit0,large,c2deficit,0,new,6403,0,0,0,0,0,0.0,1329.0,0.9326,78,311,1329.0,446,-328115582,same,2175,42
c39-large-c2deficit0,large,c2deficit,1,old,4127,0,0,0,0,0,0.0,1376.0,0.9326,56,335,1376.0,517,-1556184746,,469,13
c39-large-c2deficit0,large,c2deficit,1,new,5832,0,0,0,0,0,0.0,1329.0,0.9326,78,311,1329.0,516,-328115582,,1569,42
c39-large-c2deficit0,large,c2deficit,2,old,4464,0,0,0,0,0,0.0,1376.0,0.9326,56,335,1376.0,552,-1556184746,,377,13
c39-large-c2deficit0,large,c2deficit,2,new,5495,0,0,0,0,0,0.0,1329.0,0.9326,78,311,1329.0,470,-328115582,,1599,42
c40-large-c2deficit1,large,c2deficit,0,old,5852,0,0,0,0,0,0.0,1358.0,0.9623,66,322,1358.0,323,1955865796,,410,14
c40-large-c2deficit1,large,c2deficit,0,new,7986,0,0,0,0,0,0.0,1311.0,0.9623,90,302,1311.0,375,-686712042,same,2441,52
c40-large-c2deficit1,large,c2deficit,1,old,10296,0,0,0,0,0,0.0,1362.0,0.9623,57,324,1362.0,272,-1749941996,,309,14
c40-large-c2deficit1,large,c2deficit,1,new,10029,0,0,0,0,0,0.0,1315.0,0.9623,74,304,1315.0,301,765284164,,1607,54
c40-large-c2deficit1,large,c2deficit,2,old,3065,0,0,0,0,0,0.0,1358.0,0.9623,68,322,1358.0,214,-1652225366,,282,14
c40-large-c2deficit1,large,c2deficit,2,new,4769,0,0,0,0,0,0.0,1335.0,0.9623,84,314,1335.0,261,326346226,,1587,42
c41-large-c42pair0,large,c42pair,0,old,15604,0,0,0,0,0,0.0,2620.0,0.9778,85,509,2620.0,192,709460604,,578,13
c41-large-c42pair0,large,c42pair,0,new,16297,0,0,0,0,0,0.0,2618.0,0.9778,85,508,2618.0,178,1734952603,same,1133,14
c41-large-c42pair0,large,c42pair,1,old,15523,0,0,0,0,0,0.0,2612.0,0.9778,89,505,2612.0,179,286597138,,652,13
c41-large-c42pair0,large,c42pair,1,new,15697,0,0,0,0,0,0.0,2610.0,0.9778,89,504,2610.0,202,1312089137,,1185,14
c41-large-c42pair0,large,c42pair,2,old,13620,0,0,0,0,0,0.0,2612.0,0.9778,89,505,2612.0,170,286597138,,570,13
c41-large-c42pair0,large,c42pair,2,new,15802,0,0,0,0,0,0.0,2610.0,0.9778,89,504,2610.0,213,1312089137,,1023,14
c42-large-c42pair1,large,c42pair,0,old,22499,0,0,0,0,0,0.0,2602.0,0.9346,191,498,2602.0,176,-681272003,,352,12
c42-large-c42pair1,large,c42pair,0,new,23955,0,0,0,0,0,0.0,2583.0,0.9346,202,493,2583.0,178,-1969871846,same,1046,45
c42-large-c42pair1,large,c42pair,1,old,20816,0,0,0,0,0,0.0,2612.0,0.9346,180,503,2612.0,170,-1018836939,,65,0
c42-large-c42pair1,large,c42pair,1,new,20941,0,0,0,0,0,0.0,2612.0,0.9346,180,503,2612.0,178,-1018836939,,70,0
c42-large-c42pair1,large,c42pair,2,old,20089,0,0,0,0,0,0.0,2600.0,0.9346,191,498,2600.0,199,-958431900,,855,14
c42-large-c42pair1,large,c42pair,2,new,21937,0,0,0,0,0,0.0,2592.0,0.9346,192,495,2592.0,205,-1429979100,,1211,24
r01-golden,large,real,0,old,20154,0,0,0,0,0,0.0,7384.0,1.0000,50,368,7384.0,399,2065922402,,851,4
r01-golden,large,real,0,new,12364,0,0,0,0,0,0.0,7384.0,1.0000,50,368,7384.0,531,2065922402,same,862,4
r01-golden,large,real,1,old,10310,0,0,0,0,0,0.0,7384.0,1.0000,50,368,7384.0,441,2065922402,,678,4
r01-golden,large,real,1,new,10778,0,0,0,0,0,0.0,7384.0,1.0000,50,368,7384.0,405,2065922402,,688,4
r01-golden,large,real,2,old,8398,0,0,0,0,0,0.0,7384.0,1.0000,50,368,7384.0,466,2065922402,,493,4
r01-golden,large,real,2,new,8074,0,0,0,0,0,0.0,7384.0,1.0000,50,368,7384.0,362,2065922402,,424,4
r02-sample,large,real,0,old,7258,0,0,0,0,1,9000.0,3061.0,0.9032,20,286,12061.0,700,-1252045557,,279,0
r02-sample,large,real,0,new,7888,0,0,0,0,1,9000.0,3061.0,0.9032,20,286,12061.0,714,-1252045557,same,90,0
r02-sample,large,real,1,old,6678,0,0,0,0,1,9000.0,3065.0,0.9032,28,288,12065.0,725,-5224195,,90,0
r02-sample,large,real,1,new,5455,0,0,0,0,1,9000.0,3065.0,0.9032,28,288,12065.0,654,-5224195,,74,0
r02-sample,large,real,2,old,5277,0,0,0,0,1,9000.0,3061.0,0.9032,20,286,12061.0,573,-1252045557,,94,0
r02-sample,large,real,2,new,5019,0,0,0,0,1,9000.0,3061.0,0.9032,20,286,12061.0,579,-1252045557,,103,0
r03-blocked_covu,large,real,0,old,7160,0,0,0,0,4,40000.0,3918.0,1.0000,33,306,43918.0,417,-2004051942,,109,0
r03-blocked_covu,large,real,0,new,5106,0,0,0,0,4,40000.0,3918.0,1.0000,33,306,43918.0,646,-2004051942,same,223,0
r03-blocked_covu,large,real,1,old,5498,0,0,0,0,4,40000.0,3918.0,1.0000,33,306,43918.0,605,-2004051942,,107,0
r03-blocked_covu,large,real,1,new,5401,0,0,0,0,4,40000.0,3918.0,1.0000,33,306,43918.0,433,-2004051942,,124,0
r03-blocked_covu,large,real,2,old,5530,0,0,0,0,4,40000.0,3918.0,1.0000,33,306,43918.0,551,-2004051942,,154,0
r03-blocked_covu,large,real,2,new,5203,0,0,0,0,4,40000.0,3918.0,1.0000,33,306,43918.0,599,-2004051942,,138,0
r04-sept2026,large,real,0,old,9329,0,0,0,0,0,0.0,5042.0,1.0000,18,400,5042.0,571,742576201,,478,1
r04-sept2026,large,real,0,new,9911,0,0,0,0,0,0.0,5042.0,1.0000,18,400,5042.0,627,742576201,same,745,1
r04-sept2026,large,real,1,old,9197,0,0,0,0,0,0.0,5042.0,1.0000,18,400,5042.0,551,742576201,,363,1
r04-sept2026,large,real,1,new,7949,0,0,0,0,0,0.0,5042.0,1.0000,18,400,5042.0,504,742576201,,438,1
r04-sept2026,large,real,2,old,6345,0,0,0,0,0,0.0,5288.0,1.0000,2,399,5288.0,497,1675548448,,132,0
r04-sept2026,large,real,2,new,6058,0,0,0,0,0,0.0,5288.0,1.0000,2,399,5288.0,489,1675548448,,105,0
