fixture,seed,arm,elapsedMs,hard,weightedScore,total,rep
golden,1,off,63509,0,5630.0,310,1
golden,1,on,61604,0,6199.0,320,1
golden,2,off,44478,0,6115.0,308,1
golden,2,on,43318,0,6185.0,330,1
golden,3,off,60500,0,5865.0,328,1
golden,3,on,42357,0,6043.0,339,1
sample,1,off,63669,1,11262.0,262,1
sample,1,on,53365,1,11278.0,266,1
sample,2,off,53389,1,11140.0,245,1
sample,2,on,59880,1,11145.0,236,1
sample,3,off,41787,1,11213.0,275,1
sample,3,on,44144,1,11141.0,259,1
blocked_covu,1,off,116244,4,43033.0,281,1
blocked_covu,1,on,119335,4,42890.0,277,1
blocked_covu,2,off,117210,4,43704.0,290,1
blocked_covu,2,on,115638,4,43380.0,308,1
blocked_covu,3,off,117171,4,43225.0,313,1
blocked_covu,3,on,117643,4,43399.0,314,1
sept2026,1,off,64190,0,4993.0,401,1
sept2026,1,on,67564,0,4945.0,410,1
sept2026,2,off,38312,0,4993.0,401,1
sept2026,2,on,40611,0,4991.0,400,1
sept2026,3,off,65636,0,4934.0,396,1
sept2026,3,on,65531,0,4965.0,392,1
oct2026_grid,1,off,119248,9,87671.0,368,1
oct2026_grid,1,on,115997,9,87595.0,362,1
oct2026_grid,2,off,118850,9,87999.0,358,1
oct2026_grid,2,on,119954,9,87875.0,376,1
oct2026_grid,3,off,116545,9,87637.0,379,1
oct2026_grid,3,on,116296,9,87630.0,371,1
