case,size,cat,seed,arm,ms,timeout,exception,oob,mismatch,hard,hardW,softW,wishRate,changed,total,weighted,peakMB,hash,repro,ejMs
c01-small-normal0,small,normal,0,old,161,0,0,0,0,0,0.0,202.0,1.0000,0,62,202.0,184,1121065376,,0
c01-small-normal0,small,normal,0,new,802,0,0,0,0,0,0.0,198.0,1.0000,5,60,198.0,79,1309355304,same,624
c01-small-normal0,small,normal,1,old,122,0,0,0,0,0,0.0,202.0,1.0000,0,62,202.0,37,1121065376,,0
c01-small-normal0,small,normal,1,new,700,0,0,0,0,0,0.0,198.0,1.0000,5,60,198.0,77,1309355304,,592
c01-small-normal0,small,normal,2,old,114,0,0,0,0,0,0.0,202.0,1.0000,0,62,202.0,27,1121065376,,0
c01-small-normal0,small,normal,2,new,643,0,0,0,0,0,0.0,198.0,1.0000,5,60,198.0,79,1309355304,,491
c02-small-normal1,small,normal,0,old,541,0,0,0,0,1,10000.0,196.0,1.0000,23,60,10196.0,75,533342703,,0
c02-small-normal1,small,normal,0,new,791,0,0,0,0,1,10000.0,181.0,1.0000,28,56,10181.0,89,1277775278,same,485
c02-small-normal1,small,normal,1,old,95,0,0,0,0,1,10000.0,186.0,1.0000,8,58,10186.0,44,1876556427,,0
c02-small-normal1,small,normal,1,new,585,0,0,0,0,1,10000.0,182.0,1.0000,8,56,10182.0,79,585638377,,500
c02-small-normal1,small,normal,2,old,102,0,0,0,0,1,10000.0,177.0,1.0000,2,54,10177.0,57,-592866678,,0
c02-small-normal1,small,normal,2,new,149,0,0,0,0,1,10000.0,177.0,1.0000,2,54,10177.0,27,-592866678,,74
c03-small-dense0,small,dense,0,old,3070,0,0,0,0,8,80000.0,4485.0,1.0000,39,153,84485.0,132,1993875587,,0
c03-small-dense0,small,dense,0,new,3146,0,0,0,0,10,100000.0,3590.0,1.0000,29,129,103590.0,212,-1477373790,same,1331
c03-small-dense0,small,dense,1,old,2041,0,0,0,0,10,100000.0,3628.0,1.0000,28,124,103628.0,160,-10275427,,0
c03-small-dense0,small,dense,1,new,2803,0,0,0,0,10,100000.0,3628.0,1.0000,28,124,103628.0,155,-10275427,,1121
c03-small-dense0,small,dense,2,old,2377,0,0,0,0,9,90000.0,4033.0,1.0000,38,128,94033.0,159,-947225722,,0
c03-small-dense0,small,dense,2,new,3888,0,0,0,0,9,89000.0,4398.0,1.0000,36,136,93398.0,260,-1534919259,,1499
c04-small-dense1,small,dense,0,old,2215,0,0,0,0,5,50000.0,5096.0,1.0000,35,150,55096.0,230,-221948599,,0
c04-small-dense1,small,dense,0,new,2791,0,0,0,0,5,50000.0,5096.0,1.0000,35,150,55096.0,198,-221948599,same,530
c04-small-dense1,small,dense,1,old,3345,0,0,0,0,6,60000.0,4748.0,1.0000,41,135,64748.0,216,-312807075,,0
c04-small-dense1,small,dense,1,new,3931,0,0,0,0,6,59000.0,4916.0,1.0000,38,139,63916.0,248,1040532444,,741
c04-small-dense1,small,dense,2,old,1814,0,0,0,0,5,50000.0,5096.0,1.0000,35,150,55096.0,233,1811478085,,0
c04-small-dense1,small,dense,2,new,2290,0,0,0,0,5,50000.0,5096.0,1.0000,35,150,55096.0,175,1811478085,,236
c05-small-infeasible0,small,infeasible,0,old,376,0,0,0,0,20,200000.0,221.0,1.0000,38,101,200221.0,97,603025670,,0
c05-small-infeasible0,small,infeasible,0,new,822,0,0,0,0,19,190000.0,235.0,1.0000,41,104,190235.0,82,-975768695,same,284
c05-small-infeasible0,small,infeasible,1,old,735,0,0,0,0,19,190000.0,235.0,1.0000,40,94,190235.0,92,-1076553541,,0
c05-small-infeasible0,small,infeasible,1,new,1015,0,0,0,0,19,190000.0,235.0,1.0000,40,94,190235.0,88,-1076553541,,75
c05-small-infeasible0,small,infeasible,2,old,168,0,0,0,0,19,190000.0,246.0,1.0000,20,101,190246.0,39,-1417557210,,0
c05-small-infeasible0,small,infeasible,2,new,1487,0,0,0,0,19,190000.0,218.0,1.0000,18,94,190218.0,144,1762885287,,1039
c06-small-infeasible1,small,infeasible,0,old,255,0,0,0,0,20,200000.0,225.0,1.0000,47,102,200225.0,82,-1296047262,,0
c06-small-infeasible1,small,infeasible,0,new,257,0,0,0,0,20,200000.0,225.0,1.0000,47,102,200225.0,82,-1296047262,same,108
c06-small-infeasible1,small,infeasible,1,old,186,0,0,0,0,20,200000.0,274.0,1.0000,33,119,200274.0,82,386268585,,0
c06-small-infeasible1,small,infeasible,1,new,643,0,0,0,0,20,200000.0,259.0,1.0000,39,116,200259.0,140,-994405877,,368
c06-small-infeasible1,small,infeasible,2,old,240,0,0,0,0,20,200000.0,196.0,1.0000,62,92,200196.0,84,-547376426,,0
c06-small-infeasible1,small,infeasible,2,new,393,0,0,0,0,20,200000.0,196.0,1.0000,62,92,200196.0,84,-547376426,,32
c07-small-wishheavy0,small,wishheavy,0,old,212,0,0,0,0,9,90000.0,435.0,0.9615,7,103,90435.0,26,2137957902,,0
c07-small-wishheavy0,small,wishheavy,0,new,851,0,0,0,0,9,90000.0,431.0,0.9615,7,101,90431.0,82,1444900238,same,776
c07-small-wishheavy0,small,wishheavy,1,old,150,0,0,0,0,9,90000.0,425.0,0.9615,4,101,90425.0,86,1377690832,,0
c07-small-wishheavy0,small,wishheavy,1,new,217,0,0,0,0,9,90000.0,425.0,0.9615,4,101,90425.0,32,1377690832,,95
c07-small-wishheavy0,small,wishheavy,2,old,55,0,0,0,0,9,90000.0,425.0,0.9615,4,101,90425.0,26,1377690832,,0
c07-small-wishheavy0,small,wishheavy,2,new,208,0,0,0,0,9,90000.0,425.0,0.9615,4,101,90425.0,32,1377690832,,100
c08-small-wishheavy1,small,wishheavy,0,old,110,0,0,0,0,11,109000.0,519.0,0.9273,11,113,109519.0,36,1226763646,,0
c08-small-wishheavy1,small,wishheavy,0,new,1993,0,0,0,0,11,109000.0,499.0,0.9273,7,110,109499.0,158,198775199,same,1927
c08-small-wishheavy1,small,wishheavy,1,old,90,0,0,0,0,11,109000.0,504.0,0.9273,11,111,109504.0,78,1890860571,,0
c08-small-wishheavy1,small,wishheavy,1,new,416,0,0,0,0,11,109000.0,499.0,0.9273,13,110,109499.0,82,1477106501,,344
c08-small-wishheavy1,small,wishheavy,2,old,43,0,0,0,0,11,109000.0,504.0,0.9273,7,111,109504.0,32,-353567205,,0
c08-small-wishheavy1,small,wishheavy,2,new,1545,0,0,0,0,11,109000.0,499.0,0.9273,7,110,109499.0,168,198775199,,1492
c09-small-forbidden0,small,forbidden,0,old,54,0,0,0,0,1,10000.0,222.0,0.9474,0,72,10222.0,106,1515842052,,0
c09-small-forbidden0,small,forbidden,0,new,102,0,0,0,0,1,10000.0,222.0,0.9474,0,72,10222.0,32,1515842052,same,70
c09-small-forbidden0,small,forbidden,1,old,31,0,0,0,0,1,10000.0,222.0,0.9474,0,72,10222.0,16,1515842052,,0
c09-small-forbidden0,small,forbidden,1,new,52,0,0,0,0,1,10000.0,222.0,0.9474,0,72,10222.0,32,1515842052,,34
c09-small-forbidden0,small,forbidden,2,old,14,0,0,0,0,1,10000.0,222.0,0.9474,0,72,10222.0,16,1515842052,,0
c09-small-forbidden0,small,forbidden,2,new,78,0,0,0,0,1,10000.0,222.0,0.9474,0,72,10222.0,32,1515842052,,65
c10-small-forbidden1,small,forbidden,0,old,60,0,0,0,0,0,0.0,206.0,0.8750,4,64,206.0,92,-839458744,,0
c10-small-forbidden1,small,forbidden,0,new,75,0,0,0,0,0,0.0,206.0,0.8750,4,64,206.0,32,-839458744,same,42
c10-small-forbidden1,small,forbidden,1,old,63,0,0,0,0,0,0.0,206.0,0.8750,4,64,206.0,32,-839458744,,0
c10-small-forbidden1,small,forbidden,1,new,144,0,0,0,0,0,0.0,206.0,0.8750,4,64,206.0,32,-839458744,,73
c10-small-forbidden1,small,forbidden,2,old,104,0,0,0,0,0,0.0,206.0,0.8750,4,64,206.0,32,-839458744,,0
c10-small-forbidden1,small,forbidden,2,new,126,0,0,0,0,0,0.0,206.0,0.8750,4,64,206.0,32,-839458744,,62
c11-small-c2deficit0,small,c2deficit,0,old,64,0,0,0,0,0,0.0,188.0,1.0000,0,59,188.0,138,-874867679,,0
c11-small-c2deficit0,small,c2deficit,0,new,109,0,0,0,0,0,0.0,188.0,1.0000,0,59,188.0,32,-874867679,same,31
c11-small-c2deficit0,small,c2deficit,1,old,44,0,0,0,0,0,0.0,188.0,1.0000,0,59,188.0,32,-874867679,,0
c11-small-c2deficit0,small,c2deficit,1,new,104,0,0,0,0,0,0.0,188.0,1.0000,0,59,188.0,56,-874867679,,51
c11-small-c2deficit0,small,c2deficit,2,old,51,0,0,0,0,0,0.0,188.0,1.0000,0,59,188.0,56,-874867679,,0
c11-small-c2deficit0,small,c2deficit,2,new,140,0,0,0,0,0,0.0,188.0,1.0000,0,59,188.0,32,-874867679,,47
c12-small-c2deficit1,small,c2deficit,0,old,52,0,0,0,0,0,0.0,230.0,1.0000,0,68,230.0,138,-418916590,,0
c12-small-c2deficit1,small,c2deficit,0,new,106,0,0,0,0,0,0.0,230.0,1.0000,0,68,230.0,40,-418916590,same,57
c12-small-c2deficit1,small,c2deficit,1,old,50,0,0,0,0,0,0.0,230.0,1.0000,0,68,230.0,32,-418916590,,0
c12-small-c2deficit1,small,c2deficit,1,new,82,0,0,0,0,0,0.0,230.0,1.0000,0,68,230.0,32,-418916590,,38
c12-small-c2deficit1,small,c2deficit,2,old,58,0,0,0,0,0,0.0,230.0,1.0000,0,68,230.0,32,-418916590,,0
c12-small-c2deficit1,small,c2deficit,2,new,110,0,0,0,0,0,0.0,230.0,1.0000,0,68,230.0,32,-418916590,,54
c13-small-c42pair0,small,c42pair,0,old,244,0,0,0,0,0,0.0,192.0,0.9167,6,59,192.0,84,2070105471,,0
c13-small-c42pair0,small,c42pair,0,new,303,0,0,0,0,0,0.0,192.0,0.9167,6,59,192.0,32,2070105471,same,107
c13-small-c42pair0,small,c42pair,1,old,171,0,0,0,0,0,0.0,192.0,0.9167,6,59,192.0,32,2070105471,,0
c13-small-c42pair0,small,c42pair,1,new,334,0,0,0,0,0,0.0,192.0,0.9167,6,59,192.0,82,2070105471,,123
c13-small-c42pair0,small,c42pair,2,old,199,0,0,0,0,0,0.0,192.0,0.9167,6,59,192.0,36,2070105471,,0
c13-small-c42pair0,small,c42pair,2,new,282,0,0,0,0,0,0.0,192.0,0.9167,6,59,192.0,32,2070105471,,79
c14-small-c42pair1,small,c42pair,0,old,212,0,0,0,0,0,0.0,216.0,1.0000,6,59,216.0,132,1932613207,,0
c14-small-c42pair1,small,c42pair,0,new,318,0,0,0,0,0,0.0,216.0,1.0000,6,59,216.0,58,1932613207,same,80
c14-small-c42pair1,small,c42pair,1,old,133,0,0,0,0,0,0.0,216.0,1.0000,6,59,216.0,58,1932613207,,0
c14-small-c42pair1,small,c42pair,1,new,297,0,0,0,0,0,0.0,216.0,1.0000,6,59,216.0,62,1932613207,,96
c14-small-c42pair1,small,c42pair,2,old,278,0,0,0,0,0,0.0,216.0,1.0000,6,59,216.0,62,1932613207,,0
c14-small-c42pair1,small,c42pair,2,new,511,0,0,0,0,0,0.0,216.0,1.0000,6,59,216.0,82,1932613207,,155
c15-medium-normal0,medium,normal,0,old,1920,0,0,0,0,0,0.0,474.0,1.0000,36,151,474.0,220,-1511374281,,0
c15-medium-normal0,medium,normal,0,new,1808,0,0,0,0,0,0.0,467.0,1.0000,40,147,467.0,102,-1038585290,same,152
c15-medium-normal0,medium,normal,1,old,764,0,0,0,0,0,0.0,476.0,1.0000,30,152,476.0,96,-13441557,,0
c15-medium-normal0,medium,normal,1,new,721,0,0,0,0,0,0.0,476.0,1.0000,30,152,476.0,102,-13441557,,34
c15-medium-normal0,medium,normal,2,old,1544,0,0,0,0,0,0.0,472.0,1.0000,39,150,472.0,138,557833297,,0
c15-medium-normal0,medium,normal,2,new,1722,0,0,0,0,0,0.0,472.0,1.0000,39,150,472.0,134,557833297,,253
c16-medium-normal1,medium,normal,0,old,1039,0,0,0,0,0,0.0,412.0,0.9762,23,154,412.0,86,1243727199,,0
c16-medium-normal1,medium,normal,0,new,999,0,0,0,0,0,0.0,412.0,0.9762,23,154,412.0,84,1243727199,same,42
c16-medium-normal1,medium,normal,1,old,615,0,0,0,0,0,0.0,425.0,0.9762,16,157,425.0,84,-1741520393,,0
c16-medium-normal1,medium,normal,1,new,599,0,0,0,0,0,0.0,425.0,0.9762,16,157,425.0,84,-1741520393,,38
c16-medium-normal1,medium,normal,2,old,587,0,0,0,0,0,0.0,425.0,0.9762,16,157,425.0,84,-1741520393,,0
c16-medium-normal1,medium,normal,2,new,750,0,0,0,0,0,0.0,425.0,0.9762,16,157,425.0,84,-1741520393,,31
c17-medium-dense0,medium,dense,0,old,14563,0,0,0,0,2,20000.0,7213.0,0.9268,199,339,27213.0,640,1892527375,,0
c17-medium-dense0,medium,dense,0,new,14320,0,0,0,0,2,20000.0,7235.0,0.9268,203,332,27235.0,682,-1728480046,same,1669
c17-medium-dense0,medium,dense,1,old,9472,0,0,0,0,2,20000.0,6891.0,0.9268,195,313,26891.0,596,1278976106,,0
c17-medium-dense0,medium,dense,1,new,7564,0,0,0,0,2,20000.0,6891.0,0.9268,195,313,26891.0,739,1278976106,,76
c17-medium-dense0,medium,dense,2,old,8748,0,0,0,0,2,20000.0,6871.0,0.9268,200,316,26871.0,508,83525875,,0
c17-medium-dense0,medium,dense,2,new,10561,0,0,0,0,2,20000.0,6871.0,0.9268,200,316,26871.0,650,83525875,,110
c18-medium-dense1,medium,dense,0,old,13601,0,0,0,0,3,30000.0,7953.0,0.9388,200,348,37953.0,697,1292072300,,0
c18-medium-dense1,medium,dense,0,new,15579,0,0,0,0,3,30000.0,7953.0,0.9388,200,348,37953.0,659,1292072300,same,287
c18-medium-dense1,medium,dense,1,old,15963,0,0,0,0,3,30000.0,8216.0,0.9388,199,352,38216.0,601,743927204,,0
c18-medium-dense1,medium,dense,1,new,19005,0,0,0,0,3,30000.0,8216.0,0.9388,199,352,38216.0,822,743927204,,241
c18-medium-dense1,medium,dense,2,old,15832,0,0,0,0,3,30000.0,8303.0,0.9388,185,371,38303.0,791,-1858610333,,0
c18-medium-dense1,medium,dense,2,new,15430,0,0,0,0,3,30000.0,8303.0,0.9388,185,371,38303.0,654,-1858610333,,207
c19-medium-infeasible0,medium,infeasible,0,old,3100,0,0,0,0,73,729000.0,491.0,0.9444,175,257,729491.0,197,1167413046,,0
c19-medium-infeasible0,medium,infeasible,0,new,3403,0,0,0,0,73,729000.0,491.0,0.9444,175,257,729491.0,126,1167413046,same,99
c19-medium-infeasible0,medium,infeasible,1,old,2186,0,0,0,0,73,728000.0,492.0,0.9444,158,249,728492.0,102,393584640,,0
c19-medium-infeasible0,medium,infeasible,1,new,3002,0,0,0,0,71,710000.0,497.0,0.9444,164,256,710497.0,135,-314850034,,589
c19-medium-infeasible0,medium,infeasible,2,old,3664,0,0,0,0,71,710000.0,542.0,0.9444,166,265,710542.0,85,289001315,,0
c19-medium-infeasible0,medium,infeasible,2,new,3096,0,0,0,0,71,710000.0,536.0,0.9444,168,262,710536.0,103,-162831192,,249
c20-medium-infeasible1,medium,infeasible,0,old,3120,0,0,0,0,70,700000.0,449.0,0.9286,161,232,700449.0,132,-1899455285,,0
c20-medium-infeasible1,medium,infeasible,0,new,2597,0,0,0,0,70,700000.0,459.0,0.9286,161,237,700459.0,121,-630978681,same,256
c20-medium-infeasible1,medium,infeasible,1,old,2145,0,0,0,0,72,718000.0,423.0,0.9286,182,240,718423.0,102,-73671679,,0
c20-medium-infeasible1,medium,infeasible,1,new,2977,0,0,0,0,72,718000.0,426.0,0.9286,182,245,718426.0,155,-2098269943,,466
c20-medium-infeasible1,medium,infeasible,2,old,3442,0,0,0,0,72,719000.0,426.0,0.9286,183,230,719426.0,189,355794429,,0
c20-medium-infeasible1,medium,infeasible,2,new,2957,0,0,0,0,71,709000.0,418.0,0.9286,184,225,709418.0,135,-1639259998,,286
c21-medium-wishheavy0,medium,wishheavy,0,old,1837,0,0,0,0,20,198000.0,1101.0,0.9650,47,282,199101.0,220,-1667254481,,0
c21-medium-wishheavy0,medium,wishheavy,0,new,2756,0,0,0,0,20,198000.0,1086.0,0.9650,50,278,199086.0,217,-1254298481,same,657
c21-medium-wishheavy0,medium,wishheavy,1,old,2294,0,0,0,0,20,198000.0,1105.0,0.9650,45,284,199105.0,192,2074923023,,0
c21-medium-wishheavy0,medium,wishheavy,1,new,1991,0,0,0,0,20,198000.0,1089.0,0.9650,46,279,199089.0,217,-1177456401,,453
c21-medium-wishheavy0,medium,wishheavy,2,old,3645,0,0,0,0,20,198000.0,1057.0,0.9650,44,270,199057.0,178,-566448975,,0
c21-medium-wishheavy0,medium,wishheavy,2,new,3913,0,0,0,0,20,198000.0,1057.0,0.9650,44,270,199057.0,209,-566448975,,569
c22-medium-wishheavy1,medium,wishheavy,0,old,1325,0,0,0,0,28,278000.0,1253.0,0.9502,35,305,279253.0,260,-1786532593,,0
c22-medium-wishheavy1,medium,wishheavy,0,new,2443,0,0,0,0,28,278000.0,1233.0,0.9502,41,295,279233.0,127,814467601,same,723
c22-medium-wishheavy1,medium,wishheavy,1,old,1040,0,0,0,0,28,278000.0,1243.0,0.9502,39,304,279243.0,93,-1794825009,,0
c22-medium-wishheavy1,medium,wishheavy,1,new,1418,0,0,0,0,28,278000.0,1222.0,0.9502,43,293,279222.0,103,-1386621161,,438
c22-medium-wishheavy1,medium,wishheavy,2,old,1385,0,0,0,0,28,278000.0,1254.0,0.9502,34,302,279254.0,85,22703759,,0
c22-medium-wishheavy1,medium,wishheavy,2,new,2141,0,0,0,0,28,278000.0,1229.0,0.9502,35,293,279229.0,143,1649038002,,622
c23-medium-forbidden0,medium,forbidden,0,old,1420,0,0,0,0,0,0.0,512.0,1.0000,14,156,512.0,84,2122733279,,0
c23-medium-forbidden0,medium,forbidden,0,new,1969,0,0,0,0,0,0.0,504.0,1.0000,22,153,504.0,84,-458134683,same,415
c23-medium-forbidden0,medium,forbidden,1,old,1304,0,0,0,0,0,0.0,512.0,1.0000,14,156,512.0,84,2122733279,,0
c23-medium-forbidden0,medium,forbidden,1,new,2028,0,0,0,0,0,0.0,504.0,1.0000,22,153,504.0,84,-458134683,,392
c23-medium-forbidden0,medium,forbidden,2,old,1389,0,0,0,0,0,0.0,512.0,1.0000,14,156,512.0,84,2122733279,,0
c23-medium-forbidden0,medium,forbidden,2,new,1719,0,0,0,0,0,0.0,504.0,1.0000,22,153,504.0,84,-458134683,,314
c24-medium-forbidden1,medium,forbidden,0,old,738,0,0,0,0,1,9000.0,505.0,0.9722,28,160,9505.0,84,-1613111116,,0
c24-medium-forbidden1,medium,forbidden,0,new,1206,0,0,0,0,1,9000.0,496.0,0.9722,37,155,9496.0,85,754202867,same,339
c24-medium-forbidden1,medium,forbidden,1,old,642,0,0,0,0,1,9000.0,505.0,0.9722,28,160,9505.0,85,-1613111116,,0
c24-medium-forbidden1,medium,forbidden,1,new,1543,0,0,0,0,1,9000.0,496.0,0.9722,37,155,9496.0,85,754202867,,515
c24-medium-forbidden1,medium,forbidden,2,old,836,0,0,0,0,1,9000.0,505.0,0.9722,28,160,9505.0,85,-1613111116,,0
c24-medium-forbidden1,medium,forbidden,2,new,806,0,0,0,0,1,9000.0,496.0,0.9722,37,155,9496.0,85,754202867,,195
c25-medium-c2deficit0,medium,c2deficit,0,old,1058,0,0,0,0,0,0.0,489.0,0.9762,12,173,489.0,128,1002919999,,0
c25-medium-c2deficit0,medium,c2deficit,0,new,838,0,0,0,0,0,0.0,489.0,0.9762,12,173,489.0,82,1002919999,same,64
c25-medium-c2deficit0,medium,c2deficit,1,old,724,0,0,0,0,0,0.0,489.0,0.9762,12,173,489.0,84,1002919999,,0
c25-medium-c2deficit0,medium,c2deficit,1,new,825,0,0,0,0,0,0.0,489.0,0.9762,12,173,489.0,84,1002919999,,77
c25-medium-c2deficit0,medium,c2deficit,2,old,894,0,0,0,0,0,0.0,489.0,0.9762,12,173,489.0,84,1002919999,,0
c25-medium-c2deficit0,medium,c2deficit,2,new,883,0,0,0,0,0,0.0,489.0,0.9762,12,173,489.0,84,1002919999,,52
c26-medium-c2deficit1,medium,c2deficit,0,old,1933,0,0,0,0,0,0.0,492.0,0.9048,34,174,492.0,84,1864469800,,0
c26-medium-c2deficit1,medium,c2deficit,0,new,1224,0,0,0,0,0,0.0,492.0,0.9048,34,174,492.0,102,1864469800,same,35
c26-medium-c2deficit1,medium,c2deficit,1,old,1407,0,0,0,0,0,0.0,489.0,0.9048,39,173,489.0,84,2060219851,,0
c26-medium-c2deficit1,medium,c2deficit,1,new,1782,0,0,0,0,0,0.0,489.0,0.9048,39,173,489.0,102,2060219851,,42
c26-medium-c2deficit1,medium,c2deficit,2,old,1713,0,0,0,0,0,0.0,485.0,0.9048,40,171,485.0,104,308107779,,0
c26-medium-c2deficit1,medium,c2deficit,2,new,2375,0,0,0,0,0,0.0,485.0,0.9048,40,171,485.0,84,308107779,,37
c27-medium-c42pair0,medium,c42pair,0,old,2694,0,0,0,0,0,0.0,779.0,0.9767,58,197,779.0,126,622946791,,0
c27-medium-c42pair0,medium,c42pair,0,new,1667,0,0,0,0,0,0.0,779.0,0.9767,58,197,779.0,102,622946791,same,38
c27-medium-c42pair0,medium,c42pair,1,old,2924,0,0,0,0,0,0.0,779.0,0.9767,58,197,779.0,86,622946791,,0
c27-medium-c42pair0,medium,c42pair,1,new,2993,0,0,0,0,0,0.0,779.0,0.9767,58,197,779.0,122,622946791,,55
c27-medium-c42pair0,medium,c42pair,2,old,2993,0,0,0,0,0,0.0,776.0,0.9767,35,201,776.0,113,1145207259,,0
c27-medium-c42pair0,medium,c42pair,2,new,2686,0,0,0,0,0,0.0,776.0,0.9767,35,201,776.0,115,1145207259,,40
c28-medium-c42pair1,medium,c42pair,0,old,2029,0,0,0,0,0,0.0,778.0,0.9556,40,202,778.0,115,1403818163,,0
c28-medium-c42pair1,medium,c42pair,0,new,2005,0,0,0,0,0,0.0,778.0,0.9556,40,202,778.0,116,1403818163,same,65
c28-medium-c42pair1,medium,c42pair,1,old,1847,0,0,0,0,0,0.0,778.0,0.9556,40,202,778.0,109,1403818163,,0
c28-medium-c42pair1,medium,c42pair,1,new,1550,0,0,0,0,0,0.0,778.0,0.9556,40,202,778.0,103,1403818163,,81
c28-medium-c42pair1,medium,c42pair,2,old,2034,0,0,0,0,0,0.0,778.0,0.9556,40,202,778.0,85,1403818163,,0
c28-medium-c42pair1,medium,c42pair,2,new,2060,0,0,0,0,0,0.0,778.0,0.9556,40,202,778.0,110,1403818163,,39
c29-large-normal0,large,normal,0,old,5134,0,0,0,0,0,0.0,1248.0,0.9802,48,317,1248.0,102,1377106729,,0
c29-large-normal0,large,normal,0,new,6164,0,0,0,0,0,0.0,1248.0,0.9802,48,317,1248.0,120,1377106729,same,116
c29-large-normal0,large,normal,1,old,7033,0,0,0,0,0,0.0,1248.0,0.9802,48,317,1248.0,102,1377106729,,0
c29-large-normal0,large,normal,1,new,6636,0,0,0,0,0,0.0,1248.0,0.9802,48,317,1248.0,120,1377106729,,74
c29-large-normal0,large,normal,2,old,5328,0,0,0,0,0,0.0,1248.0,0.9802,48,317,1248.0,138,1377106729,,0
c29-large-normal0,large,normal,2,new,4832,0,0,0,0,0,0.0,1248.0,0.9802,48,317,1248.0,102,1377106729,,53
c30-large-normal1,large,normal,0,old,2664,0,0,0,0,0,0.0,1272.0,0.9831,77,329,1272.0,108,-1845666827,,0
c30-large-normal1,large,normal,0,new,2915,0,0,0,0,0,0.0,1272.0,0.9831,77,329,1272.0,120,-1845666827,same,71
c30-large-normal1,large,normal,1,old,3261,0,0,0,0,0,0.0,1272.0,0.9831,77,329,1272.0,84,-1845666827,,0
c30-large-normal1,large,normal,1,new,3143,0,0,0,0,0,0.0,1272.0,0.9831,77,329,1272.0,104,-1845666827,,69
c30-large-normal1,large,normal,2,old,3487,0,0,0,0,0,0.0,1272.0,0.9831,77,329,1272.0,102,-1845666827,,0
c30-large-normal1,large,normal,2,new,3400,0,0,0,0,0,0.0,1272.0,0.9831,77,329,1272.0,120,-1845666827,,44
c31-large-dense0,large,dense,0,old,9895,0,0,0,0,1,10000.0,901.0,0.9569,217,360,10901.0,92,885371075,,0
c31-large-dense0,large,dense,0,new,13777,0,0,0,0,1,10000.0,901.0,0.9569,217,360,10901.0,158,885371075,same,53
c31-large-dense0,large,dense,1,old,11529,0,0,0,0,1,10000.0,901.0,0.9569,217,360,10901.0,193,885371075,,0
c31-large-dense0,large,dense,1,new,9257,0,0,0,0,1,10000.0,901.0,0.9569,217,360,10901.0,145,885371075,,51
c31-large-dense0,large,dense,2,old,11268,0,0,0,0,1,10000.0,901.0,0.9569,217,360,10901.0,178,885371075,,0
c31-large-dense0,large,dense,2,new,13917,0,0,0,0,1,10000.0,901.0,0.9569,217,360,10901.0,126,885371075,,62
c32-large-dense1,large,dense,0,old,15592,0,0,0,0,0,0.0,873.0,0.9286,252,362,873.0,209,-470188819,,0
c32-large-dense1,large,dense,0,new,12505,0,0,0,0,0,0.0,873.0,0.9286,252,362,873.0,166,-470188819,same,71
c32-large-dense1,large,dense,1,old,13540,0,0,0,0,0,0.0,873.0,0.9286,252,362,873.0,134,-470188819,,0
c32-large-dense1,large,dense,1,new,12024,0,0,0,0,0,0.0,873.0,0.9286,252,362,873.0,187,-470188819,,46
c32-large-dense1,large,dense,2,old,7219,0,0,0,0,0,0.0,860.0,0.9286,243,356,860.0,81,1228349093,,0
c32-large-dense1,large,dense,2,new,9373,0,0,0,0,0,0.0,860.0,0.9286,243,356,860.0,140,1228349093,,46
c33-large-infeasible0,large,infeasible,0,old,30011,0,0,0,0,129,1288000.0,1153.0,0.9712,335,538,1289153.0,269,1359077936,,0
c33-large-infeasible0,large,infeasible,0,new,27784,0,0,0,0,129,1288000.0,1120.0,0.9712,327,520,1289120.0,231,1065648537,same,673
c33-large-infeasible0,large,infeasible,1,old,15131,0,0,0,0,126,1260000.0,1166.0,0.9712,356,526,1261166.0,219,375156085,,0
c33-large-infeasible0,large,infeasible,1,new,16501,0,0,0,0,126,1260000.0,1221.0,0.9712,341,539,1261221.0,272,51811298,,361
c33-large-infeasible0,large,infeasible,2,old,27989,0,0,0,0,130,1296000.0,1485.0,0.9712,276,578,1297485.0,231,-2041911983,,0
c33-large-infeasible0,large,infeasible,2,new,27116,0,0,0,0,126,1260000.0,1314.0,0.9712,283,563,1261314.0,325,-529506570,,330
c34-large-infeasible1,large,infeasible,0,old,26147,0,0,0,0,123,1230000.0,1363.0,0.9494,323,553,1231363.0,253,294607085,,0
c34-large-infeasible1,large,infeasible,0,new,29905,0,0,0,0,123,1230000.0,1337.0,0.9494,324,546,1231337.0,227,-1323243990,same,348
c34-large-infeasible1,large,infeasible,1,old,18973,0,0,0,0,125,1250000.0,1175.0,0.9494,319,499,1251175.0,238,11167453,,0
c34-large-infeasible1,large,infeasible,1,new,21569,0,0,0,0,124,1240000.0,1070.0,0.9494,322,489,1241070.0,280,252011926,,335
c34-large-infeasible1,large,infeasible,2,old,26702,0,0,0,0,126,1257000.0,1286.0,0.9494,320,548,1258286.0,227,1292652554,,0
c34-large-infeasible1,large,infeasible,2,new,26042,0,0,0,0,125,1248000.0,1284.0,0.9494,321,546,1249284.0,189,487851367,,346
c35-large-wishheavy0,large,wishheavy,0,old,2126,0,0,0,0,33,330000.0,2386.0,0.9570,57,558,332386.0,103,-860441515,,0
c35-large-wishheavy0,large,wishheavy,0,new,2765,0,0,0,0,33,330000.0,2353.0,0.9570,63,545,332353.0,122,926003386,same,488
c35-large-wishheavy0,large,wishheavy,1,old,5184,0,0,0,0,33,330000.0,2376.0,0.9570,53,553,332376.0,136,-1685222831,,0
c35-large-wishheavy0,large,wishheavy,1,new,5201,0,0,0,0,33,330000.0,2349.0,0.9570,54,543,332349.0,227,1614000091,,302
c35-large-wishheavy0,large,wishheavy,2,old,4014,0,0,0,0,33,330000.0,2378.0,0.9570,54,554,332378.0,131,1929686095,,0
c35-large-wishheavy0,large,wishheavy,2,new,3907,0,0,0,0,33,330000.0,2351.0,0.9570,55,544,332351.0,147,933941721,,427
c36-large-wishheavy1,large,wishheavy,0,old,4530,0,0,0,0,39,390000.0,2493.0,0.9677,55,600,392493.0,481,634603700,,0
c36-large-wishheavy1,large,wishheavy,0,new,3899,0,0,0,0,39,390000.0,2479.0,0.9677,59,593,392479.0,422,859974440,same,212
c36-large-wishheavy1,large,wishheavy,1,old,4985,0,0,0,0,39,390000.0,2487.0,0.9677,57,597,392487.0,616,1417420920,,0
c36-large-wishheavy1,large,wishheavy,1,new,4860,0,0,0,0,39,390000.0,2473.0,0.9677,61,590,392473.0,566,1642791660,,187
c36-large-wishheavy1,large,wishheavy,2,old,5798,0,0,0,0,39,390000.0,2483.0,0.9677,63,598,392483.0,657,-632060958,,0
c36-large-wishheavy1,large,wishheavy,2,new,8467,0,0,0,0,39,390000.0,2461.0,0.9677,69,587,392461.0,655,166019733,,342
c37-large-forbidden0,large,forbidden,0,old,12213,0,0,0,0,0,0.0,1404.0,0.9540,40,313,1404.0,111,2081084858,,0
c37-large-forbidden0,large,forbidden,0,new,11302,0,0,0,0,0,0.0,1404.0,0.9540,40,313,1404.0,99,2081084858,same,48
c37-large-forbidden0,large,forbidden,1,old,3726,0,0,0,0,0,0.0,1402.0,0.9540,36,313,1402.0,102,-1031301234,,0
c37-large-forbidden0,large,forbidden,1,new,3380,0,0,0,0,0,0.0,1402.0,0.9540,36,313,1402.0,84,-1031301234,,64
c37-large-forbidden0,large,forbidden,2,old,10030,0,0,0,0,0,0.0,1404.0,0.9540,40,313,1404.0,103,2081084858,,0
c37-large-forbidden0,large,forbidden,2,new,9647,0,0,0,0,0,0.0,1404.0,0.9540,40,313,1404.0,84,2081084858,,88
c38-large-forbidden1,large,forbidden,0,old,5244,0,0,0,0,0,0.0,1317.0,0.9429,49,335,1317.0,142,-148090172,,0
c38-large-forbidden1,large,forbidden,0,new,4581,0,0,0,0,0,0.0,1307.0,0.9429,52,334,1307.0,99,182097443,same,390
c38-large-forbidden1,large,forbidden,1,old,4120,0,0,0,0,0,0.0,1317.0,0.9429,49,335,1317.0,102,-148090172,,0
c38-large-forbidden1,large,forbidden,1,new,4643,0,0,0,0,0,0.0,1307.0,0.9429,52,334,1307.0,135,182097443,,353
c38-large-forbidden1,large,forbidden,2,old,6528,0,0,0,0,0,0.0,1316.0,0.9429,54,334,1316.0,120,-1311198932,,0
c38-large-forbidden1,large,forbidden,2,new,6526,0,0,0,0,0,0.0,1306.0,0.9429,57,333,1306.0,117,-981011317,,338
c39-large-c2deficit0,large,c2deficit,0,old,3596,0,0,0,0,0,0.0,1397.0,0.9326,45,345,1397.0,461,-1357401102,,0
c39-large-c2deficit0,large,c2deficit,0,new,3758,0,0,0,0,0,0.0,1397.0,0.9326,45,345,1397.0,556,-1357401102,same,44
c39-large-c2deficit0,large,c2deficit,1,old,3627,0,0,0,0,0,0.0,1397.0,0.9326,45,345,1397.0,656,-1357401102,,0
c39-large-c2deficit0,large,c2deficit,1,new,3576,0,0,0,0,0,0.0,1397.0,0.9326,45,345,1397.0,571,-1357401102,,48
c39-large-c2deficit0,large,c2deficit,2,old,3494,0,0,0,0,0,0.0,1397.0,0.9326,45,345,1397.0,579,-1357401102,,0
c39-large-c2deficit0,large,c2deficit,2,new,3393,0,0,0,0,0,0.0,1397.0,0.9326,45,345,1397.0,484,-1357401102,,46
c40-large-c2deficit1,large,c2deficit,0,old,4693,0,0,0,0,0,0.0,1380.0,0.9623,52,333,1380.0,183,-1555019844,,0
c40-large-c2deficit1,large,c2deficit,0,new,4592,0,0,0,0,0,0.0,1380.0,0.9623,52,333,1380.0,250,-1555019844,same,60
c40-large-c2deficit1,large,c2deficit,1,old,8059,0,0,0,0,0,0.0,1376.0,0.9623,47,331,1376.0,212,963328968,,0
c40-large-c2deficit1,large,c2deficit,1,new,8225,0,0,0,0,0,0.0,1376.0,0.9623,47,331,1376.0,205,963328968,,75
c40-large-c2deficit1,large,c2deficit,2,old,2769,0,0,0,0,0,0.0,1380.0,0.9623,54,333,1380.0,168,-868143710,,0
c40-large-c2deficit1,large,c2deficit,2,new,2532,0,0,0,0,0,0.0,1380.0,0.9623,54,333,1380.0,204,-868143710,,43
c41-large-c42pair0,large,c42pair,0,old,13532,0,0,0,0,0,0.0,2638.0,0.9778,75,518,2638.0,191,-1264610981,,0
c41-large-c42pair0,large,c42pair,0,new,14368,0,0,0,0,0,0.0,2628.0,0.9778,79,513,2628.0,180,872535130,same,525
c41-large-c42pair0,large,c42pair,1,old,13731,0,0,0,0,0,0.0,2630.0,0.9778,79,514,2630.0,176,-1687474447,,0
c41-large-c42pair0,large,c42pair,1,new,14681,0,0,0,0,0,0.0,2620.0,0.9778,83,509,2620.0,182,449671664,,365
c41-large-c42pair0,large,c42pair,2,old,15884,0,0,0,0,0,0.0,2630.0,0.9778,79,514,2630.0,158,-1687474447,,0
c41-large-c42pair0,large,c42pair,2,new,14154,0,0,0,0,0,0.0,2620.0,0.9778,83,509,2620.0,150,449671664,,380
c42-large-c42pair1,large,c42pair,0,old,17402,0,0,0,0,0,0.0,2653.0,0.9346,131,511,2653.0,156,1487534139,,0
c42-large-c42pair1,large,c42pair,0,new,16393,0,0,0,0,0,0.0,2653.0,0.9346,131,511,2653.0,175,1487534139,same,47
c42-large-c42pair1,large,c42pair,1,old,18023,0,0,0,0,0,0.0,2628.0,0.9346,132,504,2628.0,143,-1748292402,,0
c42-large-c42pair1,large,c42pair,1,new,19253,0,0,0,0,0,0.0,2622.0,0.9346,135,501,2622.0,144,596443787,,401
c42-large-c42pair1,large,c42pair,2,old,13028,0,0,0,0,0,0.0,2653.0,0.9346,131,511,2653.0,175,1487534139,,0
c42-large-c42pair1,large,c42pair,2,new,12877,0,0,0,0,0,0.0,2653.0,0.9346,131,511,2653.0,169,1487534139,,47
r01-golden,large,real,0,old,12238,0,0,0,0,0,0.0,7394.0,1.0000,46,373,7394.0,383,-1872776798,,0
r01-golden,large,real,0,new,7563,0,0,0,0,0,0.0,7394.0,1.0000,46,373,7394.0,483,-1872776798,same,63
r01-golden,large,real,1,old,7999,0,0,0,0,0,0.0,7394.0,1.0000,46,373,7394.0,458,-1872776798,,0
r01-golden,large,real,1,new,8299,0,0,0,0,0,0.0,7394.0,1.0000,46,373,7394.0,399,-1872776798,,257
r01-golden,large,real,2,old,10730,0,0,0,0,0,0.0,7394.0,1.0000,46,373,7394.0,448,-1872776798,,0
r01-golden,large,real,2,new,7420,0,0,0,0,0,0.0,7394.0,1.0000,46,373,7394.0,420,-1872776798,,127
r02-sample,large,real,0,old,6880,0,0,0,0,1,9000.0,2813.0,0.9032,20,282,11813.0,417,-1968816070,,0
r02-sample,large,real,0,new,8391,0,0,0,0,1,9000.0,2813.0,0.9032,20,282,11813.0,587,-1968816070,same,93
r02-sample,large,real,1,old,7172,0,0,0,0,1,9000.0,2813.0,0.9032,20,282,11813.0,663,-1968816070,,0
r02-sample,large,real,1,new,6831,0,0,0,0,1,9000.0,2813.0,0.9032,20,282,11813.0,729,-1968816070,,103
r02-sample,large,real,2,old,5298,0,0,0,0,1,9000.0,2813.0,0.9032,20,282,11813.0,675,-1968816070,,0
r02-sample,large,real,2,new,5508,0,0,0,0,1,9000.0,2813.0,0.9032,20,282,11813.0,539,-1968816070,,99
r03-blocked_covu,large,real,0,old,7891,0,0,0,0,4,40000.0,3918.0,1.0000,33,306,43918.0,717,-2004051942,,0
r03-blocked_covu,large,real,0,new,5384,0,0,0,0,4,40000.0,3918.0,1.0000,33,306,43918.0,515,-2004051942,same,79
r03-blocked_covu,large,real,1,old,6578,0,0,0,0,4,40000.0,3918.0,1.0000,33,306,43918.0,525,-2004051942,,0
r03-blocked_covu,large,real,1,new,8413,0,0,0,0,4,40000.0,3918.0,1.0000,33,306,43918.0,557,-2004051942,,156
r03-blocked_covu,large,real,2,old,7162,0,0,0,0,4,40000.0,3918.0,1.0000,33,306,43918.0,575,-2004051942,,0
r03-blocked_covu,large,real,2,new,6133,0,0,0,0,4,40000.0,3918.0,1.0000,33,306,43918.0,429,-2004051942,,64
r04-sept2026,large,real,0,old,12618,0,0,0,0,0,0.0,5044.0,1.0000,17,401,5044.0,739,-154446255,,0
r04-sept2026,large,real,0,new,13005,0,0,0,0,0,0.0,5042.0,1.0000,18,400,5042.0,631,742576201,same,645
r04-sept2026,large,real,1,old,11523,0,0,0,0,0,0.0,5044.0,1.0000,17,401,5044.0,497,-154446255,,0
r04-sept2026,large,real,1,new,10479,0,0,0,0,0,0.0,5042.0,1.0000,18,400,5042.0,532,742576201,,707
r04-sept2026,large,real,2,old,9469,0,0,0,0,0,0.0,5288.0,1.0000,2,399,5288.0,715,1675548448,,0
r04-sept2026,large,real,2,new,8190,0,0,0,0,0,0.0,5288.0,1.0000,2,399,5288.0,640,1675548448,,110
