case,seed,ms,hard,c3n,covU,floor,wallCond,pref,groupViol,c3w,runs,allBlocked,certified,refuted,escapes
c09-small-forbidden0-s0,3188905797,30196,3,2,1,0,false,0,0,0,2,false,false,false,CH/BL/BL;BL/BL/CH
c09-small-forbidden0-s1,3188906806,30008,0,0,0,0,false,0,0,0,0,false,false,false,
c10-small-forbidden1-s0,3188913716,30007,0,0,0,0,false,0,0,0,0,false,false,false,
c10-small-forbidden1-s1,3188914725,30006,0,0,0,0,false,0,0,0,0,false,false,false,
c23-medium-forbidden0-s0,3189016663,30010,0,0,0,0,false,0,0,0,0,false,false,false,
c23-medium-forbidden0-s1,3189017672,30009,0,0,0,0,false,0,0,0,0,false,false,false,
c24-medium-forbidden1-s0,3189024582,30011,1,1,0,0,true,0,0,0,1,true,true,false,PI/PI
c24-medium-forbidden1-s1,3189025591,30010,0,0,0,0,false,0,0,0,0,false,false,false,
c37-large-forbidden0-s0,3189127529,30013,0,0,0,0,false,0,0,0,0,false,false,false,
c37-large-forbidden0-s1,3189128538,30010,0,0,0,0,false,0,0,0,0,false,false,false,
c38-large-forbidden1-s0,3189135448,30012,0,0,0,0,false,0,0,0,0,false,false,false,
c38-large-forbidden1-s1,3189136457,30013,0,0,0,0,false,0,0,0,0,false,false,false,
c03-small-dense0-s0,3188858283,30204,21,6,15,0,false,0,0,0,6,false,false,false,BL/CH;CH/CH;BL/CH;BL/CH;CH/AD;CH/CH
c03-small-dense0-s1,3188859292,30010,17,5,12,0,false,0,0,0,5,false,false,false,BL/BL;BL/BL;BL/BL;BL/CH;BL/CH
c04-small-dense1-s0,3188866202,30006,11,4,7,0,false,0,0,0,4,true,false,true,BL/BL;BL/PI;PI/BL;BL/BL
c04-small-dense1-s1,3188867211,30006,13,2,11,0,false,0,0,0,2,false,false,false,BL/CH;CH/PI
c17-medium-dense0-s0,3188969149,30008,14,1,13,0,false,0,0,0,1,false,false,false,BL/CH
c17-medium-dense0-s1,3188970158,30008,9,1,8,0,false,0,0,0,1,false,false,false,CH/CH
c18-medium-dense1-s0,3188977068,30007,14,1,13,0,false,0,0,0,1,false,false,false,CH/CH
c18-medium-dense1-s1,3188978077,30006,11,0,11,0,false,0,0,0,0,false,false,false,
c31-large-dense0-s0,3189080015,30048,1,0,1,0,false,0,0,0,0,false,false,false,
c31-large-dense0-s1,3189081024,30009,0,0,0,0,false,0,0,0,0,false,false,false,
c32-large-dense1-s0,3189087934,30010,0,0,0,0,false,0,0,0,0,false,false,false,
c32-large-dense1-s1,3189088943,30009,0,0,0,0,false,0,0,0,0,false,false,false,
c07-small-wishheavy0-s0,3188889959,30220,9,0,9,0,false,0,0,0,0,false,false,false,
c07-small-wishheavy0-s1,3188890968,30008,11,3,8,0,false,0,0,0,3,false,false,false,PI/BL;PI/CH;BL/CH
c08-small-wishheavy1-s0,3188897878,30005,15,5,10,0,false,0,0,0,5,false,false,false,BL/BL;PI/BL;PI/CH;BL/CH;FR/CH
c08-small-wishheavy1-s1,3188898887,30005,17,3,14,0,false,0,0,0,3,false,false,false,BL/BL;BL/CH;BL/CH
c21-medium-wishheavy0-s0,3189000825,30013,24,6,18,0,false,0,0,0,6,false,false,false,PI/BL;PI/BL;BL/FR;CH/CH;PI/CH;BL/AD
c21-medium-wishheavy0-s1,3189001834,30015,29,3,26,0,false,0,0,0,3,false,false,false,FR/CH;BL/CH;FR/CH
c22-medium-wishheavy1-s0,3189008744,30012,32,6,26,0,false,0,0,0,6,false,false,false,PI/BL;PI/BL;BL/CH;FR/CH;BL/CH;FR/BL
c22-medium-wishheavy1-s1,3189009753,30022,39,8,31,0,false,0,0,0,8,false,false,false,PI/PI;PI/BL;PI/BL;BL/CH;PI/CH;PI/CH;BL/CH;CH/CH
c35-large-wishheavy0-s0,3189111691,30011,39,6,33,0,false,0,0,0,6,false,false,false,BL/FR;BL/FR;BL/FR;BL/CH;BL/FR;AD/CH
c35-large-wishheavy0-s1,3189112700,30011,36,7,29,0,false,0,0,0,7,false,false,false,PI/PI;PI/BL;BL/BL;PI/PI;PI/PI;PI/CH;BL/FR
c36-large-wishheavy1-s0,3189119610,30012,45,6,39,0,false,0,0,0,6,false,false,false,BL/FR;CH/CH;PI/CH;BL/CH;BL/FR;CH/BL
c36-large-wishheavy1-s1,3189120619,30014,35,5,30,0,false,0,0,0,5,false,false,false,BL/BL;BL/BL;BL/PI;FR/CH;BL/FR
c01-small-normal0-s0,3188842445,30175,0,0,0,0,false,0,0,0,0,false,false,false,
c01-small-normal0-s1,3188843454,30009,0,0,0,0,false,0,0,0,0,false,false,false,
c02-small-normal1-s0,3188850364,30013,1,0,1,0,false,0,0,0,0,false,false,false,
c02-small-normal1-s1,3188851373,30006,0,0,0,0,false,0,0,0,0,false,false,false,
c15-medium-normal0-s0,3188953311,30029,0,0,0,0,false,0,0,0,0,false,false,false,
c15-medium-normal0-s1,3188954320,30008,0,0,0,0,false,0,0,0,0,false,false,false,
c16-medium-normal1-s0,3188961230,30014,0,0,0,0,false,0,0,0,0,false,false,false,
c16-medium-normal1-s1,3188962239,30012,0,0,0,0,false,0,0,0,0,false,false,false,
c29-large-normal0-s0,3189064177,30021,0,0,0,0,false,0,0,0,0,false,false,false,
c29-large-normal0-s1,3189065186,30043,0,0,0,0,false,0,0,0,0,false,false,false,
c30-large-normal1-s0,3189072096,30017,0,0,0,0,false,0,0,0,0,false,false,false,
c30-large-normal1-s1,3189073105,30022,0,0,0,0,false,0,0,0,0,false,false,false,
