fixture,budget,seed,arm,wallMs,hard,weightedScore,total,c1,sha,inputHash,order
golden,60,1,v2,42296,0,6311.0,320,83,881a17d,0f23de0ceab2,0
golden,60,1,off,35122,0,6003.0,342,73,881a17d,0f23de0ceab2,1
golden,60,2,off,36549,0,6523.0,335,83,881a17d,0f23de0ceab2,0
golden,60,2,v2,39464,0,6040.0,329,78,881a17d,0f23de0ceab2,1
golden,60,3,v2,37414,0,6353.0,329,86,881a17d,0f23de0ceab2,0
golden,60,3,off,33969,0,6384.0,315,88,881a17d,0f23de0ceab2,1
golden,120,1,v2,50767,0,6157.0,327,74,881a17d,0f23de0ceab2,0
golden,120,1,off,58422,0,6371.0,321,85,881a17d,0f23de0ceab2,1
golden,120,2,off,44209,0,6034.0,320,76,881a17d,0f23de0ceab2,0
golden,120,2,v2,49580,0,6130.0,329,82,881a17d,0f23de0ceab2,1
golden,120,3,v2,48133,0,5954.0,315,77,881a17d,0f23de0ceab2,0
golden,120,3,off,41972,0,6236.0,335,79,881a17d,0f23de0ceab2,1
sample,60,1,v2,37580,1,11293.0,278,5,881a17d,8d3871f112bd,0
sample,60,1,off,32606,1,11208.0,249,4,881a17d,8d3871f112bd,1
sample,60,2,off,33603,1,11354.0,275,4,881a17d,8d3871f112bd,0
sample,60,2,v2,35710,1,11275.0,253,6,881a17d,8d3871f112bd,1
sample,60,3,v2,35667,1,11243.0,250,6,881a17d,8d3871f112bd,0
sample,60,3,off,33162,1,11546.0,270,10,881a17d,8d3871f112bd,1
sample,120,1,v2,48538,1,11443.0,262,6,881a17d,8d3871f112bd,0
sample,120,1,off,37638,1,11389.0,282,4,881a17d,8d3871f112bd,1
sample,120,2,off,61860,1,11173.0,262,4,881a17d,8d3871f112bd,0
sample,120,2,v2,49719,1,11407.0,262,5,881a17d,8d3871f112bd,1
sample,120,3,v2,43042,1,11225.0,260,3,881a17d,8d3871f112bd,0
sample,120,3,off,42040,1,11393.0,262,8,881a17d,8d3871f112bd,1
blocked_covu,60,1,v2,60019,4,42930.0,292,48,881a17d,f9ad6c2a3106,0
blocked_covu,60,1,off,58250,4,44069.0,308,56,881a17d,f9ad6c2a3106,1
blocked_covu,60,2,off,57607,4,43940.0,288,44,881a17d,f9ad6c2a3106,0
blocked_covu,60,2,v2,57956,4,44043.0,275,50,881a17d,f9ad6c2a3106,1
blocked_covu,60,3,v2,58788,4,42958.0,292,49,881a17d,f9ad6c2a3106,0
blocked_covu,60,3,off,60004,4,42695.0,293,45,881a17d,f9ad6c2a3106,1
blocked_covu,120,1,v2,119807,4,42848.0,291,52,881a17d,f9ad6c2a3106,0
blocked_covu,120,1,off,115275,4,44121.0,288,61,881a17d,f9ad6c2a3106,1
blocked_covu,120,2,off,115407,4,43201.0,281,55,881a17d,f9ad6c2a3106,0
blocked_covu,120,2,v2,117781,4,42968.0,274,54,881a17d,f9ad6c2a3106,1
blocked_covu,120,3,v2,118253,4,43381.0,274,45,881a17d,f9ad6c2a3106,0
blocked_covu,120,3,off,115201,4,42960.0,275,53,881a17d,f9ad6c2a3106,1
sept2026,60,1,v2,39730,0,5237.0,399,79,881a17d,a1529a5d795b,0
sept2026,60,1,off,40837,0,4987.0,401,69,881a17d,a1529a5d795b,1
sept2026,60,2,off,23488,0,5237.0,399,79,881a17d,a1529a5d795b,0
sept2026,60,2,v2,33014,0,4942.0,401,65,881a17d,a1529a5d795b,1
sept2026,60,3,v2,26288,0,5237.0,399,79,881a17d,a1529a5d795b,0
sept2026,60,3,off,23288,0,5237.0,399,79,881a17d,a1529a5d795b,1
sept2026,120,1,v2,51481,0,5237.0,399,79,881a17d,a1529a5d795b,0
sept2026,120,1,off,62051,0,4166.0,385,34,881a17d,a1529a5d795b,1
sept2026,120,2,off,38290,0,4987.0,401,69,881a17d,a1529a5d795b,0
sept2026,120,2,v2,41412,0,4987.0,401,69,881a17d,a1529a5d795b,1
sept2026,120,3,v2,37265,0,5237.0,399,79,881a17d,a1529a5d795b,0
sept2026,120,3,off,38692,0,4942.0,401,65,881a17d,a1529a5d795b,1
