fixture,budget,seed,entryHash,entryW,entryHard,c1W,c1Hard,c1Acc,c1Evals,c1End,allW,allHard,allAcc,allEvals,allEnd,allFam
golden,60,1,-311621578,6092.0,0,6092.0,0,0,2000079,評価上限,6092.0,0,0,2000033,評価上限,low:11/315118/0/0 c3mn:4/120223/0/0 c1:10/300488/0/0 high:6/180338/0/0 c3:4/120235/0/0 covO:4/120169/0/0 c42:6/180250/0/0 c3m:10/300463/0/0 c2:2/60136/0/0 fair:2/60134/0/0 weekly:8/240485/0/0
golden,60,2,-1909393630,6352.0,0,6352.0,0,0,2000021,評価上限,6301.0,0,2,2000083,評価上限,low:8/240461/0/0 c3mn:8/224255/0/0 c1:7/210316/0/0 high:6/180355/1/2 c3:6/180414/0/0 covO:2/60036/1/49 c42:6/180400/0/0 c3m:7/210443/0/0 c2:4/120178/0/0 fair:6/180325/0/0 weekly:7/210451/0/0
golden,60,3,-832442269,6241.0,0,6202.0,0,1,2000035,評価上限,6241.0,0,0,2000097,評価上限,low:10/300649/0/0 c3mn:8/240438/0/0 c1:12/344996/0/0 high:4/120194/0/0 c3:2/60143/0/0 covO:2/60101/0/0 c42:6/180485/0/0 c3m:11/330664/0/0 fair:2/60081/0/0 weekly:10/300589/0/0
golden,120,1,59045364,5485.0,0,5452.0,0,1,2000018,評価上限,5474.0,0,1,2000078,評価上限,low:12/345811/0/0 c3mn:4/120201/0/0 c1:11/330470/0/0 high:2/60112/0/0 c3:6/180344/0/0 covO:3/90187/1/11 c42:6/180252/0/0 c3m:11/330436/0/0 c2:2/60026/0/0 fair:4/120062/0/0 weekly:6/180142/0/0
golden,120,2,1764182921,6159.0,0,6138.0,0,1,2000084,評価上限,6155.0,0,1,2000086,評価上限,low:10/300597/0/0 c3mn:4/120133/0/0 c1:11/330759/0/0 high:4/120202/1/4 c3:6/180353/0/0 covO:2/60068/0/0 c42:6/180407/0/0 c3m:11/330658/0/0 fair:2/60052/0/0 weekly:11/315150/0/0
golden,120,3,-1822987378,5632.0,0,5632.0,0,0,2000044,評価上限,5632.0,0,0,2000089,評価上限,low:10/300599/0/0 c1:15/435476/0/0 high:2/60066/0/0 c3:6/180401/0/0 covO:4/120246/0/0 c42:6/180346/0/0 c3m:12/360487/0/0 c2:2/60136/0/0 fair:2/60028/0/0 weekly:8/240393/0/0
sept2026,60,1,-154446255,4987.0,0,4987.0,0,0,2000001,評価上限,4985.0,0,1,2000094,評価上限,low:2/60027/0/0 c3mn:6/180317/0/0 c1:10/300425/0/0 high:6/180254/1/2 covO:10/300328/0/0 c42:8/240183/0/0 c3m:10/285780/0/0 apt:2/60052/0/0 fair:6/180263/0/0 weekly:7/210249/0/0
sept2026,60,2,1675548448,5237.0,0,5237.0,0,0,2000039,評価上限,5237.0,0,0,2000016,評価上限,c1:15/434420/0/0 high:6/180458/0/0 covO:12/360847/0/0 c42:4/120304/0/0 c3m:12/360785/0/0 apt:2/60178/0/0 fair:6/180361/0/0 weekly:10/300613/0/0
sept2026,60,3,1675548448,5237.0,0,5237.0,0,0,2000039,評価上限,5237.0,0,0,2000016,評価上限,c1:15/434420/0/0 high:6/180458/0/0 covO:12/360847/0/0 c42:4/120304/0/0 c3m:12/360785/0/0 apt:2/60178/0/0 fair:6/180361/0/0 weekly:10/300613/0/0
sept2026,120,1,1675548448,5237.0,0,5237.0,0,0,2000039,評価上限,5237.0,0,0,2000016,評価上限,c1:15/434420/0/0 high:6/180458/0/0 covO:12/360847/0/0 c42:4/120304/0/0 c3m:12/360785/0/0 apt:2/60178/0/0 fair:6/180361/0/0 weekly:10/300613/0/0
sept2026,120,2,-154446255,4987.0,0,4987.0,0,0,2000001,評価上限,4985.0,0,1,2000094,評価上限,low:2/60027/0/0 c3mn:6/180317/0/0 c1:10/300425/0/0 high:6/180254/1/2 covO:10/300328/0/0 c42:8/240183/0/0 c3m:10/285780/0/0 apt:2/60052/0/0 fair:6/180263/0/0 weekly:7/210249/0/0
sept2026,120,3,-31873425,4942.0,0,4942.0,0,0,2000172,評価上限,4940.0,0,1,2000105,評価上限,low:4/120147/0/0 c3mn:6/180272/0/0 c1:9/270508/0/0 high:6/180247/1/2 covO:9/270394/0/0 c42:8/240168/0/0 c3m:9/270309/0/0 apt:2/60048/0/0 fair:6/180191/0/0 weekly:8/225563/0/0
blocked_covu,60,1,1357498420,43134.0,4,43106.0,4,1,2000089,評価上限,43134.0,4,0,2000036,評価上限,covU:4/120333/0/0 c3n:2/60130/0/0 low:4/120303/0/0 c3mn:12/361119/0/0 c1:13/372710/0/0 high:4/120480/0/0 covO:2/60195/0/0 c42:2/60267/0/0 c3m:12/361063/0/0 fair:6/180537/0/0 weekly:6/180275/0/0
blocked_covu,60,2,-976601485,43014.0,4,43014.0,4,0,2000067,評価上限,43014.0,4,0,2000133,評価上限,covU:4/120343/0/0 c3n:2/60202/0/0 low:6/180361/0/0 c3mn:4/120340/0/0 c1:17/492759/0/0 high:4/120397/0/0 covO:4/120305/0/0 c42:2/60320/0/0 c3m:8/241068/0/0 fair:8/240555/0/0 weekly:8/240427/0/0
blocked_covu,60,3,-1495756201,43024.0,4,43024.0,4,0,2000111,評価上限,43024.0,4,0,2000024,評価上限,covU:4/120046/0/0 c3n:2/60194/0/0 low:4/120250/0/0 c3mn:6/180476/0/0 c1:13/373477/0/0 high:4/120406/0/0 covO:2/60139/0/0 c3m:12/360767/0/0 fair:10/300694/0/0 weekly:10/300774/0/0
blocked_covu,120,1,237321115,43686.0,4,43686.0,4,0,2000132,評価上限,43656.0,4,3,2000164,評価上限,covU:5/150306/0/0 low:4/120471/0/0 c3mn:10/301101/0/0 c1:12/342098/0/0 high:2/60204/0/0 covO:4/120244/1/13 c42:2/60099/1/11 c3m:10/301367/0/0 fair:8/240913/0/0 weekly:10/300847/1/6
blocked_covu,120,2,-2100787860,43446.0,4,43446.0,4,0,2000146,評価上限,43446.0,4,0,2000043,評価上限,covU:4/120373/0/0 c3n:2/60158/0/0 low:4/120351/0/0 c3mn:6/180555/0/0 c1:19/553056/0/0 high:2/60173/0/0 covO:2/60060/0/0 c3m:10/300892/0/0 fair:8/240871/0/0 weekly:10/300949/0/0
blocked_covu,120,3,1376593052,42913.0,4,42913.0,4,0,2000210,評価上限,42892.0,4,2,2000111,評価上限,covU:4/120692/2/21 c3n:2/60159/0/0 low:6/180441/0/0 c3mn:6/180677/0/0 c1:13/371955/0/0 high:6/180446/0/0 covO:2/60210/0/0 c3m:10/300733/0/0 fair:8/240564/0/0 weekly:8/240738/0/0 c42:2/60406/0/0
sample,60,1,-786145109,11355.0,1,11355.0,1,0,1022080,完了,11355.0,1,0,2000055,評価上限,low:10/300575/0/0 c1:17/495412/0/0 high:4/120240/0/0 c3:6/180315/0/0 c42:6/180296/0/0 c3m:12/360666/0/0 fair:2/60142/0/0 weekly:10/300697/0/0
sample,60,2,-630436048,11304.0,1,11304.0,1,0,450806,完了,11302.0,1,1,2000054,評価上限,low:7/210431/0/0 c1:16/480761/0/0 high:5/150220/0/0 c3:7/193466/0/0 c42:6/180363/0/0 c3m:12/360725/0/0 c2:2/60124/0/0 fair:2/60102/0/0 weekly:10/300603/1/2
sample,60,3,1092460584,11265.0,1,11265.0,1,0,751216,完了,11265.0,1,0,2000106,評価上限,low:10/300652/0/0 c1:21/615471/0/0 high:4/120195/0/0 c3:4/120209/0/0 c42:6/180393/0/0 c3m:12/360731/0/0 fair:4/120307/0/0 weekly:6/180381/0/0
sample,120,1,490040480,11533.0,1,11533.0,1,0,961456,完了,11533.0,1,0,2000092,評価上限,low:8/240204/0/0 c1:17/496589/0/0 high:2/60079/0/0 c3:6/180237/0/0 c42:6/180280/0/0 c3m:12/360559/0/0 c2:2/60025/0/0 fair:2/60193/0/0 weekly:12/360469/0/0
sample,120,2,-1337023753,11080.0,1,11080.0,1,0,751107,完了,11080.0,1,0,2000047,評価上限,low:8/240574/0/0 c1:25/736028/0/0 high:2/60066/0/0 c3:6/180380/0/0 c42:6/180349/0/0 c3m:12/360663/0/0 fair:2/60129/0/0 weekly:6/180406/0/0
sample,120,3,1294306278,11072.0,1,11072.0,1,0,601322,完了,11072.0,1,0,2000007,評価上限,low:8/240418/0/0 c1:19/555927/0/0 high:4/120127/0/0 c3:6/180365/0/0 c42:6/180365/0/0 c3m:12/360652/0/0 fair:2/60132/0/0 weekly:10/300522/0/0
