golden,60,1,all	56401	C1EjectionChain	全族起点玉突き連鎖[起点12/生成333633/候補321139/評価333633/試行396/採用0/採用深さ最大0/重複除外50/深さ8/終了時間切れ/時間切れ1/1245ms]: c1 74->74 score 6092->6092 HARD 0->0 total 332->332 族差  起点族別[low:起点2/評価31070/採用0/減0 c3mn:起点1/評価30068/採用0/減0 c1:起点1/評価30063/採用0/減0 high:起点1/評価30033/採用0/減0 c3:起点1/評価30068/採用0/減0 covO:起点1/評価30033/採用0/減0 c42:起点1/評価30013/採用0/減0 c3m:起点1/評価30092/採用0/減0 c2:起点1/評価30068/採用0/減0 fair:起点1/評価30063/採用0/減0 weekly:起点1/評価30068/採用0/減0]
golden,60,1,all	56401	C1EjectionChain	全族起点玉突き連鎖[起点12/生成333633/候補321139/評価333633/試行396/採用0/採用深さ最大0/重複除外50/深さ8/終了時間切れ/時間切れ1/1245ms]: c1 74->74 score 6092->6092 HARD 0->0 total 332->332 族差  起点族別[low:起点2/評価31070/採用0/減0 c3mn:起点1/評価30068/採用0/減0 c1:起点1/評価30063/採用0/減0 high:起点1/評価30033/採用0/減0 c3:起点1/評価30068/採用0/減0 covO:起点1/評価30033/採用0/減0 c42:起点1/評価30013/採用0/減0 c3m:起点1/評価30092/採用0/減0 c2:起点1/評価30068/採用0/減0 fair:起点1/評価30063/採用0/減0 weekly:起点1/評価30068/採用0/減0]
golden,60,1,c1	40570	C1EjectionChain	期間要件(c1)起点v2玉突き連鎖[起点14/生成405531/候補386131/評価405531/試行485/採用0/採用深さ最大0/重複除外81/深さ8/終了時間切れ/時間切れ1/3000ms]: c1 86->86 score 6391->6391 HARD 0->0 total 332->332 族差  起点族別[c1:起点14/評価405531/採用0/減0]
golden,60,1,c1	40570	C1EjectionChain	期間要件(c1)起点v2玉突き連鎖[起点14/生成405531/候補386131/評価405531/試行485/採用0/採用深さ最大0/重複除外81/深さ8/終了時間切れ/時間切れ1/3000ms]: c1 86->86 score 6391->6391 HARD 0->0 total 332->332 族差  起点族別[c1:起点14/評価405531/採用0/減0]
golden,60,2,c1	55546	C1EjectionChain	期間要件(c1)起点v2玉突き連鎖[起点25/生成745323/候補695802/評価745323/試行892/採用0/採用深さ最大0/重複除外140/深さ8/終了時間切れ/時間切れ1/1485ms]: c1 69->69 score 5749->5749 HARD 0->0 total 314->314 族差  起点族別[c1:起点25/評価745323/採用0/減0]
golden,60,2,c1	55546	C1EjectionChain	期間要件(c1)起点v2玉突き連鎖[起点25/生成745323/候補695802/評価745323/試行892/採用0/採用深さ最大0/重複除外140/深さ8/終了時間切れ/時間切れ1/1485ms]: c1 69->69 score 5749->5749 HARD 0->0 total 314->314 族差  起点族別[c1:起点25/評価745323/採用0/減0]
golden,60,2,all	38872	C1EjectionChain	全族起点玉突き連鎖[起点50/生成1485027/候補1426774/評価1485027/試行1774/採用2/採用深さ最大2/重複除外137/深さ8/終了時間切れ/時間切れ1/3000ms]: c1 80->80 score 6352->6301 HARD 0->0 total 336->330 族差 c3-3 weekly-3 起点族別[low:起点5/評価150264/採用0/減0 c3mn:起点5/評価150175/採用0/減0 c1:起点5/評価150263/採用0/減0 high:起点4/評価120234/採用1/減2 c3:起点5/評価150322/採用0/減0 covO:起点2/評価60036/採用1/減49 c42:起点5/評価150324/採用0/減0 c3m:起点5/評価150325/採用0/減0 c2:起点4/評価120178/採用0/減0 fair:起点5/評価150254/採用0/減0 weekly:起点5/評価130203/採用0/減0]
golden,60,2,all	38872	C1EjectionChain	全族起点玉突き連鎖[起点50/生成1485027/候補1426774/評価1485027/試行1774/採用2/採用深さ最大2/重複除外137/深さ8/終了時間切れ/時間切れ1/3000ms]: c1 80->80 score 6352->6301 HARD 0->0 total 336->330 族差 c3-3 weekly-3 起点族別[low:起点5/評価150264/採用0/減0 c3mn:起点5/評価150175/採用0/減0 c1:起点5/評価150263/採用0/減0 high:起点4/評価120234/採用1/減2 c3:起点5/評価150322/採用0/減0 covO:起点2/評価60036/採用1/減49 c42:起点5/評価150324/採用0/減0 c3m:起点5/評価150325/採用0/減0 c2:起点4/評価120178/採用0/減0 fair:起点5/評価150254/採用0/減0 weekly:起点5/評価130203/採用0/減0]
golden,60,3,all	40058	C1EjectionChain	全族起点玉突き連鎖[起点48/生成1429799/候補1379704/評価1429799/試行1708/採用0/採用深さ最大0/重複除外379/深さ8/終了時間切れ/時間切れ1/3000ms]: c1 83->83 score 6241->6241 HARD 0->0 total 320->320 族差  起点族別[low:起点7/評価210501/採用0/減0 c3mn:起点7/評価195265/採用0/減0 c1:起点6/評価180515/採用0/減0 high:起点4/評価120194/採用0/減0 c3:起点2/評価60143/採用0/減0 covO:起点2/評価60101/採用0/減0 c42:起点6/評価180485/採用0/減0 c3m:起点6/評価180395/採用0/減0 fair:起点2/評価60081/採用0/減0 weekly:起点6/評価180362/採用0/減0]
golden,60,3,all	40058	C1EjectionChain	全族起点玉突き連鎖[起点48/生成1429799/候補1379704/評価1429799/試行1708/採用0/採用深さ最大0/重複除外379/深さ8/終了時間切れ/時間切れ1/3000ms]: c1 83->83 score 6241->6241 HARD 0->0 total 320->320 族差  起点族別[low:起点7/評価210501/採用0/減0 c3mn:起点7/評価195265/採用0/減0 c1:起点6/評価180515/採用0/減0 high:起点4/評価120194/採用0/減0 c3:起点2/評価60143/採用0/減0 covO:起点2/評価60101/採用0/減0 c42:起点6/評価180485/採用0/減0 c3m:起点6/評価180395/採用0/減0 fair:起点2/評価60081/採用0/減0 weekly:起点6/評価180362/採用0/減0]
golden,60,3,c1	40131	C1EjectionChain	期間要件(c1)起点v2玉突き連鎖[起点50/生成1475751/候補1375161/評価1475751/試行1766/採用1/採用深さ最大4/重複除外257/深さ8/終了時間切れ/時間切れ1/3000ms]: c1 77->77 score 5937->5926 HARD 0->0 total 311->312 族差 c3-1 weekly+2 起点族別[c1:起点50/評価1475751/採用1/減11]
golden,60,3,c1	40131	C1EjectionChain	期間要件(c1)起点v2玉突き連鎖[起点50/生成1475751/候補1375161/評価1475751/試行1766/採用1/採用深さ最大4/重複除外257/深さ8/終了時間切れ/時間切れ1/3000ms]: c1 77->77 score 5937->5926 HARD 0->0 total 311->312 族差 c3-1 weekly+2 起点族別[c1:起点50/評価1475751/採用1/減11]
golden,120,1,all	51644	C1EjectionChain	全族起点玉突き連鎖[起点51/生成1519772/候補1476396/評価1519772/試行1817/採用1/採用深さ最大3/重複除外920/深さ8/終了時間切れ/時間切れ1/3000ms]: c1 68->68 score 5485->5474 HARD 0->0 total 309->310 族差 c3-1 weekly+2 起点族別[low:起点6/評価180180/採用0/減0 c3mn:起点4/評価120201/採用0/減0 c1:起点6/評価180170/採用0/減0 high:起点2/評価60112/採用0/減0 c3:起点6/評価180344/採用0/減0 covO:起点3/評価90187/採用1/減11 c42:起点6/評価180252/採用0/減0 c3m:起点6/評価180249/採用0/減0 c2:起点2/評価60026/採用0/減0 fair:起点4/評価120062/採用0/減0 weekly:起点6/評価165954/採用0/減0]
golden,120,1,all	51644	C1EjectionChain	全族起点玉突き連鎖[起点51/生成1519772/候補1476396/評価1519772/試行1817/採用1/採用深さ最大3/重複除外920/深さ8/終了時間切れ/時間切れ1/3000ms]: c1 68->68 score 5485->5474 HARD 0->0 total 309->310 族差 c3-1 weekly+2 起点族別[low:起点6/評価180180/採用0/減0 c3mn:起点4/評価120201/採用0/減0 c1:起点6/評価180170/採用0/減0 high:起点2/評価60112/採用0/減0 c3:起点6/評価180344/採用0/減0 covO:起点3/評価90187/採用1/減11 c42:起点6/評価180252/採用0/減0 c3m:起点6/評価180249/採用0/減0 c2:起点2/評価60026/採用0/減0 fair:起点4/評価120062/採用0/減0 weekly:起点6/評価165954/採用0/減0]
golden,120,1,c1	49752	C1EjectionChain	期間要件(c1)起点v2玉突き連鎖[起点47/生成1392906/候補1308367/評価1392906/試行1667/採用0/採用深さ最大0/重複除外209/深さ8/終了時間切れ/時間切れ1/3000ms]: c1 74->74 score 5865->5865 HARD 0->0 total 315->315 族差  起点族別[c1:起点47/評価1392906/採用0/減0]
golden,120,1,c1	49752	C1EjectionChain	期間要件(c1)起点v2玉突き連鎖[起点47/生成1392906/候補1308367/評価1392906/試行1667/採用0/採用深さ最大0/重複除外209/深さ8/終了時間切れ/時間切れ1/3000ms]: c1 74->74 score 5865->5865 HARD 0->0 total 315->315 族差  起点族別[c1:起点47/評価1392906/採用0/減0]
golden,120,2,c1	48705	C1EjectionChain	期間要件(c1)起点v2玉突き連鎖[起点53/生成1563736/候補1455304/評価1563736/試行1872/採用0/採用深さ最大0/重複除外312/深さ8/終了時間切れ/時間切れ1/3000ms]: c1 72->72 score 5783->5783 HARD 0->0 total 308->308 族差  起点族別[c1:起点53/評価1563736/採用0/減0]
golden,120,2,c1	48705	C1EjectionChain	期間要件(c1)起点v2玉突き連鎖[起点53/生成1563736/候補1455304/評価1563736/試行1872/採用0/採用深さ最大0/重複除外312/深さ8/終了時間切れ/時間切れ1/3000ms]: c1 72->72 score 5783->5783 HARD 0->0 total 308->308 族差  起点族別[c1:起点53/評価1563736/採用0/減0]
golden,120,2,all	49549	C1EjectionChain	全族起点玉突き連鎖[起点50/生成1499204/候補1436302/評価1499204/試行1792/採用1/採用深さ最大4/重複除外211/深さ8/終了時間切れ/時間切れ1/3000ms]: c1 81->81 score 6159->6155 HARD 0->0 total 346->344 族差 weekly-2 起点族別[low:起点7/評価210385/採用0/減0 c3mn:起点4/評価120133/採用0/減0 c1:起点7/評価205197/採用0/減0 high:起点4/評価120202/採用1/減4 c3:起点6/評価180353/採用0/減0 covO:起点2/評価60068/採用0/減0 c42:起点6/評価180407/採用0/減0 c3m:起点6/評価180368/採用0/減0 fair:起点2/評価60052/採用0/減0 weekly:起点6/評価180332/採用0/減0]
golden,120,2,all	49549	C1EjectionChain	全族起点玉突き連鎖[起点50/生成1499204/候補1436302/評価1499204/試行1792/採用1/採用深さ最大4/重複除外211/深さ8/終了時間切れ/時間切れ1/3000ms]: c1 81->81 score 6159->6155 HARD 0->0 total 346->344 族差 weekly-2 起点族別[low:起点7/評価210385/採用0/減0 c3mn:起点4/評価120133/採用0/減0 c1:起点7/評価205197/採用0/減0 high:起点4/評価120202/採用1/減4 c3:起点6/評価180353/採用0/減0 covO:起点2/評価60068/採用0/減0 c42:起点6/評価180407/採用0/減0 c3m:起点6/評価180368/採用0/減0 fair:起点2/評価60052/採用0/減0 weekly:起点6/評価180332/採用0/減0]
golden,120,3,all	62337	C1EjectionChain	全族起点玉突き連鎖[起点52/生成1548240/候補1501379/評価1548240/試行1851/採用0/採用深さ最大0/重複除外257/深さ8/終了時間切れ/時間切れ1/3000ms]: c1 74->74 score 5632->5632 HARD 0->0 total 299->299 族差  起点族別[low:起点8/評価240440/採用0/減0 c1:起点8/評価224115/採用0/減0 high:起点2/評価60066/採用0/減0 c3:起点6/評価180401/採用0/減0 covO:起点4/評価120246/採用0/減0 c42:起点6/評価180346/採用0/減0 c3m:起点7/評価210169/採用0/減0 c2:起点2/評価60136/採用0/減0 fair:起点2/評価60028/採用0/減0 weekly:起点7/評価210382/採用0/減0]
golden,120,3,all	62337	C1EjectionChain	全族起点玉突き連鎖[起点52/生成1548240/候補1501379/評価1548240/試行1851/採用0/採用深さ最大0/重複除外257/深さ8/終了時間切れ/時間切れ1/3000ms]: c1 74->74 score 5632->5632 HARD 0->0 total 299->299 族差  起点族別[low:起点8/評価240440/採用0/減0 c1:起点8/評価224115/採用0/減0 high:起点2/評価60066/採用0/減0 c3:起点6/評価180401/採用0/減0 covO:起点4/評価120246/採用0/減0 c42:起点6/評価180346/採用0/減0 c3m:起点7/評価210169/採用0/減0 c2:起点2/評価60136/採用0/減0 fair:起点2/評価60028/採用0/減0 weekly:起点7/評価210382/採用0/減0]
golden,120,3,c1	64137	C1EjectionChain	期間要件(c1)起点v2玉突き連鎖[起点53/生成1575120/候補1456771/評価1575120/試行1886/採用0/採用深さ最大0/重複除外254/深さ8/終了時間切れ/時間切れ1/3000ms]: c1 77->77 score 6153->6153 HARD 0->0 total 317->317 族差  起点族別[c1:起点53/評価1575120/採用0/減0]
golden,120,3,c1	64137	C1EjectionChain	期間要件(c1)起点v2玉突き連鎖[起点53/生成1575120/候補1456771/評価1575120/試行1886/採用0/採用深さ最大0/重複除外254/深さ8/終了時間切れ/時間切れ1/3000ms]: c1 77->77 score 6153->6153 HARD 0->0 total 317->317 族差  起点族別[c1:起点53/評価1575120/採用0/減0]
sept2026,60,1,all	43827	C1EjectionChain	全族起点玉突き連鎖[起点36/生成1065081/候補998695/評価1065081/試行1025/採用1/採用深さ最大1/重複除外463/深さ8/終了時間切れ/時間切れ1/3000ms]: c1 69->69 score 4987->4985 HARD 0->0 total 401->400 族差 weekly-1 起点族別[low:起点2/評価60027/採用0/減0 c3mn:起点4/評価120169/採用0/減0 c1:起点4/評価120247/採用0/減0 high:起点4/評価120202/採用1/減2 covO:起点4/評価120183/採用0/減0 c42:起点4/評価120099/採用0/減0 c3m:起点4/評価120130/採用0/減0 apt:起点2/評価60052/採用0/減0 fair:起点4/評価120157/採用0/減0 weekly:起点4/評価101599/採用0/減0]
sept2026,60,1,all	43827	C1EjectionChain	全族起点玉突き連鎖[起点36/生成1065081/候補998695/評価1065081/試行1025/採用1/採用深さ最大1/重複除外463/深さ8/終了時間切れ/時間切れ1/3000ms]: c1 69->69 score 4987->4985 HARD 0->0 total 401->400 族差 weekly-1 起点族別[low:起点2/評価60027/採用0/減0 c3mn:起点4/評価120169/採用0/減0 c1:起点4/評価120247/採用0/減0 high:起点4/評価120202/採用1/減2 covO:起点4/評価120183/採用0/減0 c42:起点4/評価120099/採用0/減0 c3m:起点4/評価120130/採用0/減0 apt:起点2/評価60052/採用0/減0 fair:起点4/評価120157/採用0/減0 weekly:起点4/評価101599/採用0/減0]
sept2026,60,1,c1	38785	C1EjectionChain	期間要件(c1)起点v2玉突き連鎖[起点39/生成1149697/候補1004742/評価1149697/試行1108/採用0/採用深さ最大0/重複除外305/深さ8/終了時間切れ/時間切れ1/3000ms]: c1 79->79 score 5237->5237 HARD 0->0 total 399->399 族差  起点族別[c1:起点39/評価1149697/採用0/減0]
sept2026,60,1,c1	38785	C1EjectionChain	期間要件(c1)起点v2玉突き連鎖[起点39/生成1149697/候補1004742/評価1149697/試行1108/採用0/採用深さ最大0/重複除外305/深さ8/終了時間切れ/時間切れ1/3000ms]: c1 79->79 score 5237->5237 HARD 0->0 total 399->399 族差  起点族別[c1:起点39/評価1149697/採用0/減0]
sept2026,60,2,c1	30230	C1EjectionChain	期間要件(c1)起点v2玉突き連鎖[起点36/生成1079515/候補942712/評価1079515/試行1043/採用0/採用深さ最大0/重複除外371/深さ8/終了時間切れ/時間切れ1/3000ms]: c1 69->69 score 4987->4987 HARD 0->0 total 401->401 族差  起点族別[c1:起点36/評価1079515/採用0/減0]
sept2026,60,2,c1	30230	C1EjectionChain	期間要件(c1)起点v2玉突き連鎖[起点36/生成1079515/候補942712/評価1079515/試行1043/採用0/採用深さ最大0/重複除外371/深さ8/終了時間切れ/時間切れ1/3000ms]: c1 69->69 score 4987->4987 HARD 0->0 total 401->401 族差  起点族別[c1:起点36/評価1079515/採用0/減0]
sept2026,60,2,all	25765	C1EjectionChain	全族起点玉突き連鎖[起点35/生成1025416/候補980428/評価1025416/試行986/採用0/採用深さ最大0/重複除外413/深さ8/終了時間切れ/時間切れ1/3000ms]: c1 79->79 score 5237->5237 HARD 0->0 total 399->399 族差  起点族別[c1:起点5/評価150208/採用0/減0 high:起点5/評価150369/採用0/減0 covO:起点5/評価150269/採用0/減0 c42:起点4/評価120304/採用0/減0 c3m:起点5/評価150368/採用0/減0 apt:起点2/評価60178/採用0/減0 fair:起点5/評価121388/採用0/減0 weekly:起点4/評価120282/採用0/減0]
sept2026,60,2,all	25765	C1EjectionChain	全族起点玉突き連鎖[起点35/生成1025416/候補980428/評価1025416/試行986/採用0/採用深さ最大0/重複除外413/深さ8/終了時間切れ/時間切れ1/3000ms]: c1 79->79 score 5237->5237 HARD 0->0 total 399->399 族差  起点族別[c1:起点5/評価150208/採用0/減0 high:起点5/評価150369/採用0/減0 covO:起点5/評価150269/採用0/減0 c42:起点4/評価120304/採用0/減0 c3m:起点5/評価150368/採用0/減0 apt:起点2/評価60178/採用0/減0 fair:起点5/評価121388/採用0/減0 weekly:起点4/評価120282/採用0/減0]
sept2026,60,3,all	25568	C1EjectionChain	全族起点玉突き連鎖[起点36/生成1071138/候補1026097/評価1071138/試行1031/採用0/採用深さ最大0/重複除外428/深さ8/終了時間切れ/時間切れ1/3000ms]: c1 79->79 score 5237->5237 HARD 0->0 total 399->399 族差  起点族別[c1:起点5/評価150208/採用0/減0 high:起点5/評価150369/採用0/減0 covO:起点5/評価150269/採用0/減0 c42:起点4/評価120304/採用0/減0 c3m:起点5/評価150368/採用0/減0 apt:起点2/評価60178/採用0/減0 fair:起点5/評価150295/採用0/減0 weekly:起点5/評価137097/採用0/減0]
sept2026,60,3,all	25568	C1EjectionChain	全族起点玉突き連鎖[起点36/生成1071138/候補1026097/評価1071138/試行1031/採用0/採用深さ最大0/重複除外428/深さ8/終了時間切れ/時間切れ1/3000ms]: c1 79->79 score 5237->5237 HARD 0->0 total 399->399 族差  起点族別[c1:起点5/評価150208/採用0/減0 high:起点5/評価150369/採用0/減0 covO:起点5/評価150269/採用0/減0 c42:起点4/評価120304/採用0/減0 c3m:起点5/評価150368/採用0/減0 apt:起点2/評価60178/採用0/減0 fair:起点5/評価150295/採用0/減0 weekly:起点5/評価137097/採用0/減0]
sept2026,60,3,c1	30070	C1EjectionChain	期間要件(c1)起点v2玉突き連鎖[起点37/生成1092972/候補955624/評価1092972/試行1055/採用0/採用深さ最大0/重複除外372/深さ8/終了時間切れ/時間切れ1/3000ms]: c1 69->69 score 4987->4987 HARD 0->0 total 401->401 族差  起点族別[c1:起点37/評価1092972/採用0/減0]
sept2026,60,3,c1	30070	C1EjectionChain	期間要件(c1)起点v2玉突き連鎖[起点37/生成1092972/候補955624/評価1092972/試行1055/採用0/採用深さ最大0/重複除外372/深さ8/終了時間切れ/時間切れ1/3000ms]: c1 69->69 score 4987->4987 HARD 0->0 total 401->401 族差  起点族別[c1:起点37/評価1092972/採用0/減0]
sept2026,120,1,all	50707	C1EjectionChain	全族起点玉突き連鎖[起点37/生成1101978/候補1056693/評価1101978/試行1061/採用0/採用深さ最大0/重複除外430/深さ8/終了時間切れ/時間切れ1/3000ms]: c1 79->79 score 5237->5237 HARD 0->0 total 399->399 族差  起点族別[c1:起点6/評価167786/採用0/減0 high:起点5/評価150369/採用0/減0 covO:起点5/評価150269/採用0/減0 c42:起点4/評価120304/採用0/減0 c3m:起点5/評価150368/採用0/減0 apt:起点2/評価60178/採用0/減0 fair:起点5/評価150295/採用0/減0 weekly:起点5/評価150359/採用0/減0]
sept2026,120,1,all	50707	C1EjectionChain	全族起点玉突き連鎖[起点37/生成1101978/候補1056693/評価1101978/試行1061/採用0/採用深さ最大0/重複除外430/深さ8/終了時間切れ/時間切れ1/3000ms]: c1 79->79 score 5237->5237 HARD 0->0 total 399->399 族差  起点族別[c1:起点6/評価167786/採用0/減0 high:起点5/評価150369/採用0/減0 covO:起点5/評価150269/採用0/減0 c42:起点4/評価120304/採用0/減0 c3m:起点5/評価150368/採用0/減0 apt:起点2/評価60178/採用0/減0 fair:起点5/評価150295/採用0/減0 weekly:起点5/評価150359/採用0/減0]
sept2026,120,1,c1	59985	C1EjectionChain	期間要件(c1)起点v2玉突き連鎖[起点36/生成1060716/候補918693/評価1060716/試行1023/採用0/採用深さ最大0/重複除外341/深さ8/終了時間切れ/時間切れ1/3000ms]: c1 63->63 score 4890->4890 HARD 0->0 total 411->411 族差  起点族別[c1:起点36/評価1060716/採用0/減0]
sept2026,120,1,c1	59985	C1EjectionChain	期間要件(c1)起点v2玉突き連鎖[起点36/生成1060716/候補918693/評価1060716/試行1023/採用0/採用深さ最大0/重複除外341/深さ8/終了時間切れ/時間切れ1/3000ms]: c1 63->63 score 4890->4890 HARD 0->0 total 411->411 族差  起点族別[c1:起点36/評価1060716/採用0/減0]
sept2026,120,2,c1	40991	C1EjectionChain	期間要件(c1)起点v2玉突き連鎖[起点36/生成1079958/候補943087/評価1079958/試行1043/採用0/採用深さ最大0/重複除外371/深さ8/終了時間切れ/時間切れ1/3000ms]: c1 69->69 score 4987->4987 HARD 0->0 total 401->401 族差  起点族別[c1:起点36/評価1079958/採用0/減0]
sept2026,120,2,c1	40991	C1EjectionChain	期間要件(c1)起点v2玉突き連鎖[起点36/生成1079958/候補943087/評価1079958/試行1043/採用0/採用深さ最大0/重複除外371/深さ8/終了時間切れ/時間切れ1/3000ms]: c1 69->69 score 4987->4987 HARD 0->0 total 401->401 族差  起点族別[c1:起点36/評価1079958/採用0/減0]
sept2026,120,2,all	40899	C1EjectionChain	全族起点玉突き連鎖[起点39/生成1156840/候補1083124/評価1156840/試行1115/採用1/採用深さ最大1/重複除外518/深さ8/終了時間切れ/時間切れ1/3000ms]: c1 69->69 score 4987->4985 HARD 0->0 total 401->400 族差 weekly-1 起点族別[low:起点2/評価60027/採用0/減0 c3mn:起点5/評価150251/採用0/減0 c1:起点5/評価150261/採用0/減0 high:起点5/評価133367/採用1/減2 covO:起点4/評価120183/採用0/減0 c42:起点4/評価120099/採用0/減0 c3m:起点4/評価120130/採用0/減0 apt:起点2/評価60052/採用0/減0 fair:起点4/評価120157/採用0/減0 weekly:起点4/評価120097/採用0/減0]
sept2026,120,2,all	40899	C1EjectionChain	全族起点玉突き連鎖[起点39/生成1156840/候補1083124/評価1156840/試行1115/採用1/採用深さ最大1/重複除外518/深さ8/終了時間切れ/時間切れ1/3000ms]: c1 69->69 score 4987->4985 HARD 0->0 total 401->400 族差 weekly-1 起点族別[low:起点2/評価60027/採用0/減0 c3mn:起点5/評価150251/採用0/減0 c1:起点5/評価150261/採用0/減0 high:起点5/評価133367/採用1/減2 covO:起点4/評価120183/採用0/減0 c42:起点4/評価120099/採用0/減0 c3m:起点4/評価120130/採用0/減0 apt:起点2/評価60052/採用0/減0 fair:起点4/評価120157/採用0/減0 weekly:起点4/評価120097/採用0/減0]
sept2026,120,3,all	42817	C1EjectionChain	全族起点玉突き連鎖[起点39/生成1144784/候補1085223/評価1144784/試行1102/採用1/採用深さ最大1/重複除外482/深さ8/終了時間切れ/時間切れ1/3000ms]: c1 65->65 score 4942->4940 HARD 0->0 total 401->400 族差 weekly-1 起点族別[low:起点4/評価120147/採用0/減0 c3mn:起点5/評価121188/採用0/減0 c1:起点4/評価120201/採用0/減0 high:起点4/評価120199/採用1/減2 covO:起点4/評価120295/採用0/減0 c42:起点4/評価120111/採用0/減0 c3m:起点4/評価120161/採用0/減0 apt:起点2/評価60048/採用0/減0 fair:起点4/評価120085/採用0/減0 weekly:起点4/評価120091/採用0/減0]
sept2026,120,3,all	42817	C1EjectionChain	全族起点玉突き連鎖[起点39/生成1144784/候補1085223/評価1144784/試行1102/採用1/採用深さ最大1/重複除外482/深さ8/終了時間切れ/時間切れ1/3000ms]: c1 65->65 score 4942->4940 HARD 0->0 total 401->400 族差 weekly-1 起点族別[low:起点4/評価120147/採用0/減0 c3mn:起点5/評価121188/採用0/減0 c1:起点4/評価120201/採用0/減0 high:起点4/評価120199/採用1/減2 covO:起点4/評価120295/採用0/減0 c42:起点4/評価120111/採用0/減0 c3m:起点4/評価120161/採用0/減0 apt:起点2/評価60048/採用0/減0 fair:起点4/評価120085/採用0/減0 weekly:起点4/評価120091/採用0/減0]
sept2026,120,3,c1	36579	C1EjectionChain	期間要件(c1)起点v2玉突き連鎖[起点38/生成1122913/候補979715/評価1122913/試行1083/採用0/採用深さ最大0/重複除外297/深さ8/終了時間切れ/時間切れ1/3000ms]: c1 79->79 score 5237->5237 HARD 0->0 total 399->399 族差  起点族別[c1:起点38/評価1122913/採用0/減0]
sept2026,120,3,c1	36579	C1EjectionChain	期間要件(c1)起点v2玉突き連鎖[起点38/生成1122913/候補979715/評価1122913/試行1083/採用0/採用深さ最大0/重複除外297/深さ8/終了時間切れ/時間切れ1/3000ms]: c1 79->79 score 5237->5237 HARD 0->0 total 399->399 族差  起点族別[c1:起点38/評価1122913/採用0/減0]
blocked_covu,60,1,all	58591	C1EjectionChain	全族起点玉突き連鎖[起点4/生成113570/候補107437/評価113570/試行87/採用0/採用深さ最大0/重複除外29/深さ8/終了時間切れ/時間切れ1/566ms]: c1 55->55 score 43134->43134 HARD 4->4 total 278->278 族差  起点族別[covU:起点1/評価30067/採用0/減0 c3n:起点1/評価30068/採用0/減0 low:起点1/評価30058/採用0/減0 c3mn:起点1/評価20753/採用0/減0]
blocked_covu,60,1,all	58591	C1EjectionChain	全族起点玉突き連鎖[起点4/生成113570/候補107437/評価113570/試行87/採用0/採用深さ最大0/重複除外29/深さ8/終了時間切れ/時間切れ1/566ms]: c1 55->55 score 43134->43134 HARD 4->4 total 278->278 族差  起点族別[covU:起点1/評価30067/採用0/減0 c3n:起点1/評価30068/採用0/減0 low:起点1/評価30058/採用0/減0 c3mn:起点1/評価20753/採用0/減0]
blocked_covu,60,1,c1	58444	C1EjectionChain	期間要件(c1)起点v2玉突き連鎖[起点6/生成162561/候補136075/評価162561/試行129/採用0/採用深さ最大0/重複除外31/深さ8/終了時間切れ/時間切れ1/518ms]: c1 52->52 score 43541->43541 HARD 4->4 total 305->305 族差  起点族別[c1:起点6/評価162561/採用0/減0]
blocked_covu,60,1,c1	58444	C1EjectionChain	期間要件(c1)起点v2玉突き連鎖[起点6/生成162561/候補136075/評価162561/試行129/採用0/採用深さ最大0/重複除外31/深さ8/終了時間切れ/時間切れ1/518ms]: c1 52->52 score 43541->43541 HARD 4->4 total 305->305 族差  起点族別[c1:起点6/評価162561/採用0/減0]
blocked_covu,60,2,c1	58306	C1EjectionChain	期間要件(c1)起点v2玉突き連鎖[起点8/生成230954/候補208599/評価230954/試行183/採用0/採用深さ最大0/重複除外34/深さ8/終了時間切れ/時間切れ1/565ms]: c1 53->53 score 43208->43208 HARD 4->4 total 288->288 族差  起点族別[c1:起点8/評価230954/採用0/減0]
blocked_covu,60,2,c1	58306	C1EjectionChain	期間要件(c1)起点v2玉突き連鎖[起点8/生成230954/候補208599/評価230954/試行183/採用0/採用深さ最大0/重複除外34/深さ8/終了時間切れ/時間切れ1/565ms]: c1 53->53 score 43208->43208 HARD 4->4 total 288->288 族差  起点族別[c1:起点8/評価230954/採用0/減0]
blocked_covu,60,2,all	58296	C1EjectionChain	全族起点玉突き連鎖[起点7/生成211829/候補199810/評価211829/試行165/採用0/採用深さ最大0/重複除外22/深さ8/終了時間切れ/時間切れ1/568ms]: c1 52->52 score 43014->43014 HARD 4->4 total 288->288 族差  起点族別[covU:起点1/評価30115/採用0/減0 c3n:起点1/評価30130/採用0/減0 low:起点1/評価30002/採用0/減0 c3mn:起点1/評価30110/採用0/減0 c1:起点1/評価30077/採用0/減0 high:起点1/評価30080/採用0/減0 covO:起点1/評価28259/採用0/減0]
blocked_covu,60,2,all	58296	C1EjectionChain	全族起点玉突き連鎖[起点7/生成211829/候補199810/評価211829/試行165/採用0/採用深さ最大0/重複除外22/深さ8/終了時間切れ/時間切れ1/568ms]: c1 52->52 score 43014->43014 HARD 4->4 total 288->288 族差  起点族別[covU:起点1/評価30115/採用0/減0 c3n:起点1/評価30130/採用0/減0 low:起点1/評価30002/採用0/減0 c3mn:起点1/評価30110/採用0/減0 c1:起点1/評価30077/採用0/減0 high:起点1/評価30080/採用0/減0 covO:起点1/評価28259/採用0/減0]
blocked_covu,60,3,all	59892	C1EjectionChain	全族起点玉突き連鎖[起点1/生成14603/候補11802/評価14603/試行8/採用0/採用深さ最大0/重複除外0/深さ8/終了時間切れ/時間切れ1/36ms]: c1 54->54 score 43024->43024 HARD 4->4 total 295->295 族差  起点族別[covU:起点1/評価11802/採用0/減0]
blocked_covu,60,3,all	59892	C1EjectionChain	全族起点玉突き連鎖[起点1/生成14603/候補11802/評価14603/試行8/採用0/採用深さ最大0/重複除外0/深さ8/終了時間切れ/時間切れ1/36ms]: c1 54->54 score 43024->43024 HARD 4->4 total 295->295 族差  起点族別[covU:起点1/評価11802/採用0/減0]
blocked_covu,60,3,c1	58191	C1EjectionChain	期間要件(c1)起点v2玉突き連鎖[起点9/生成260207/候補230871/評価260207/試行207/採用0/採用深さ最大0/重複除外78/深さ8/終了時間切れ/時間切れ1/603ms]: c1 59->59 score 43216->43216 HARD 4->4 total 294->294 族差  起点族別[c1:起点9/評価260207/採用0/減0]
blocked_covu,60,3,c1	58191	C1EjectionChain	期間要件(c1)起点v2玉突き連鎖[起点9/生成260207/候補230871/評価260207/試行207/採用0/採用深さ最大0/重複除外78/深さ8/終了時間切れ/時間切れ1/603ms]: c1 59->59 score 43216->43216 HARD 4->4 total 294->294 族差  起点族別[c1:起点9/評価260207/採用0/減0]
blocked_covu,120,1,all	117386	C1EjectionChain	全族起点玉突き連鎖[起点12/生成360379/候補344326/評価360379/試行277/採用1/採用深さ最大2/重複除外103/深さ8/終了時間切れ/時間切れ1/871ms]: c1 47->47 score 43686->43675 HARD 4->4 total 303->301 族差 c42-1 weekly-1 起点族別[covU:起点2/評価60135/採用0/減0 low:起点2/評価57030/採用0/減0 c3mn:起点1/評価30175/採用0/減0 c1:起点1/評価30127/採用0/減0 high:起点1/評価30060/採用0/減0 covO:起点1/評価30037/採用0/減0 c42:起点1/評価30040/採用1/減11 c3m:起点1/評価30157/採用0/減0 fair:起点1/評価30067/採用0/減0 weekly:起点1/評価30037/採用0/減0]
blocked_covu,120,1,all	117386	C1EjectionChain	全族起点玉突き連鎖[起点12/生成360379/候補344326/評価360379/試行277/採用1/採用深さ最大2/重複除外103/深さ8/終了時間切れ/時間切れ1/871ms]: c1 47->47 score 43686->43675 HARD 4->4 total 303->301 族差 c42-1 weekly-1 起点族別[covU:起点2/評価60135/採用0/減0 low:起点2/評価57030/採用0/減0 c3mn:起点1/評価30175/採用0/減0 c1:起点1/評価30127/採用0/減0 high:起点1/評価30060/採用0/減0 covO:起点1/評価30037/採用0/減0 c42:起点1/評価30040/採用1/減11 c3m:起点1/評価30157/採用0/減0 fair:起点1/評価30067/採用0/減0 weekly:起点1/評価30037/採用0/減0]
blocked_covu,120,1,c1	117890	C1EjectionChain	期間要件(c1)起点v2玉突き連鎖[起点10/生成275538/候補241845/評価275538/試行219/採用0/採用深さ最大0/重複除外48/深さ8/終了時間切れ/時間切れ1/703ms]: c1 49->49 score 42972->42972 HARD 4->4 total 289->289 族差  起点族別[c1:起点10/評価275538/採用0/減0]
blocked_covu,120,1,c1	117890	C1EjectionChain	期間要件(c1)起点v2玉突き連鎖[起点10/生成275538/候補241845/評価275538/試行219/採用0/採用深さ最大0/重複除外48/深さ8/終了時間切れ/時間切れ1/703ms]: c1 49->49 score 42972->42972 HARD 4->4 total 289->289 族差  起点族別[c1:起点10/評価275538/採用0/減0]
blocked_covu,120,2,c1	119120	C1EjectionChain	期間要件(c1)起点v2玉突き連鎖[起点5/生成132381/候補117498/評価132381/試行104/採用0/採用深さ最大0/重複除外25/深さ8/終了時間切れ/時間切れ1/294ms]: c1 47->47 score 42872->42872 HARD 4->4 total 278->278 族差  起点族別[c1:起点5/評価132381/採用0/減0]
blocked_covu,120,2,c1	119120	C1EjectionChain	期間要件(c1)起点v2玉突き連鎖[起点5/生成132381/候補117498/評価132381/試行104/採用0/採用深さ最大0/重複除外25/深さ8/終了時間切れ/時間切れ1/294ms]: c1 47->47 score 42872->42872 HARD 4->4 total 278->278 族差  起点族別[c1:起点5/評価132381/採用0/減0]
blocked_covu,120,2,all	117513	C1EjectionChain	全族起点玉突き連鎖[起点12/生成337645/候補319165/評価337645/試行266/採用0/採用深さ最大0/重複除外61/深さ8/終了時間切れ/時間切れ1/829ms]: c1 63->63 score 43446->43446 HARD 4->4 total 301->301 族差  起点族別[covU:起点2/評価60150/採用0/減0 c3n:起点2/評価34238/採用0/減0 low:起点1/評価30089/採用0/減0 c3mn:起点1/評価30084/採用0/減0 c1:起点1/評価30097/採用0/減0 high:起点1/評価30087/採用0/減0 covO:起点1/評価30040/採用0/減0 c3m:起点1/評価30097/採用0/減0 fair:起点1/評価30118/採用0/減0 weekly:起点1/評価30040/採用0/減0]
blocked_covu,120,2,all	117513	C1EjectionChain	全族起点玉突き連鎖[起点12/生成337645/候補319165/評価337645/試行266/採用0/採用深さ最大0/重複除外61/深さ8/終了時間切れ/時間切れ1/829ms]: c1 63->63 score 43446->43446 HARD 4->4 total 301->301 族差  起点族別[covU:起点2/評価60150/採用0/減0 c3n:起点2/評価34238/採用0/減0 low:起点1/評価30089/採用0/減0 c3mn:起点1/評価30084/採用0/減0 c1:起点1/評価30097/採用0/減0 high:起点1/評価30087/採用0/減0 covO:起点1/評価30040/採用0/減0 c3m:起点1/評価30097/採用0/減0 fair:起点1/評価30118/採用0/減0 weekly:起点1/評価30040/採用0/減0]
blocked_covu,120,3,all	116694	C1EjectionChain	全族起点玉突き連鎖[起点16/生成479905/候補448480/評価479905/試行355/採用1/採用深さ最大6/重複除外167/深さ8/終了時間切れ/時間切れ1/1103ms]: c1 49->49 score 42913->42896 HARD 4->4 total 276->271 族差 c42-1 weekly-4 起点族別[covU:起点2/評価60324/採用1/減17 c3n:起点2/評価60159/採用0/減0 low:起点2/評価60094/採用0/減0 c3mn:起点2/評価60166/採用0/減0 c1:起点2/評価60248/採用0/減0 high:起点2/評価55694/採用0/減0 covO:起点1/評価30007/採用0/減0 c3m:起点1/評価30019/採用0/減0 fair:起点1/評価30103/採用0/減0 weekly:起点1/評価30001/採用0/減0]
blocked_covu,120,3,all	116694	C1EjectionChain	全族起点玉突き連鎖[起点16/生成479905/候補448480/評価479905/試行355/採用1/採用深さ最大6/重複除外167/深さ8/終了時間切れ/時間切れ1/1103ms]: c1 49->49 score 42913->42896 HARD 4->4 total 276->271 族差 c42-1 weekly-4 起点族別[covU:起点2/評価60324/採用1/減17 c3n:起点2/評価60159/採用0/減0 low:起点2/評価60094/採用0/減0 c3mn:起点2/評価60166/採用0/減0 c1:起点2/評価60248/採用0/減0 high:起点2/評価55694/採用0/減0 covO:起点1/評価30007/採用0/減0 c3m:起点1/評価30019/採用0/減0 fair:起点1/評価30103/採用0/減0 weekly:起点1/評価30001/採用0/減0]
blocked_covu,120,3,c1	117424	C1EjectionChain	期間要件(c1)起点v2玉突き連鎖[起点14/生成405945/候補352870/評価405945/試行322/採用0/採用深さ最大0/重複除外127/深さ8/終了時間切れ/時間切れ1/858ms]: c1 46->46 score 43066->43066 HARD 4->4 total 296->296 族差  起点族別[c1:起点14/評価405945/採用0/減0]
blocked_covu,120,3,c1	117424	C1EjectionChain	期間要件(c1)起点v2玉突き連鎖[起点14/生成405945/候補352870/評価405945/試行322/採用0/採用深さ最大0/重複除外127/深さ8/終了時間切れ/時間切れ1/858ms]: c1 46->46 score 43066->43066 HARD 4->4 total 296->296 族差  起点族別[c1:起点14/評価405945/採用0/減0]
sample,60,1,all	33391	C1EjectionChain	全族起点玉突き連鎖[起点49/生成1447273/候補1370379/評価1447273/試行1730/採用0/採用深さ最大0/重複除外238/深さ8/終了時間切れ/時間切れ1/3000ms]: c1 5->5 score 11355->11355 HARD 1->1 total 258->258 族差  起点族別[low:起点8/評価240480/採用0/減0 c1:起点8/評価240595/採用0/減0 high:起点4/評価120240/採用0/減0 c3:起点6/評価180315/採用0/減0 c42:起点6/評価180296/採用0/減0 c3m:起点8/評価212992/採用0/減0 fair:起点2/評価60142/採用0/減0 weekly:起点7/評価210501/採用0/減0]
sample,60,1,all	33391	C1EjectionChain	全族起点玉突き連鎖[起点49/生成1447273/候補1370379/評価1447273/試行1730/採用0/採用深さ最大0/重複除外238/深さ8/終了時間切れ/時間切れ1/3000ms]: c1 5->5 score 11355->11355 HARD 1->1 total 258->258 族差  起点族別[low:起点8/評価240480/採用0/減0 c1:起点8/評価240595/採用0/減0 high:起点4/評価120240/採用0/減0 c3:起点6/評価180315/採用0/減0 c42:起点6/評価180296/採用0/減0 c3m:起点8/評価212992/採用0/減0 fair:起点2/評価60142/採用0/減0 weekly:起点7/評価210501/採用0/減0]
sample,60,1,c1	33111	C1EjectionChain	期間要件(c1)起点v2玉突き連鎖[起点20/生成600885/候補529808/評価600885/試行720/採用0/採用深さ最大0/重複除外249/深さ8/終了完了/時間切れ0/1154ms]: c1 3->3 score 11252->11252 HARD 1->1 total 269->269 族差  起点族別[c1:起点20/評価600885/採用0/減0]
sample,60,1,c1	33111	C1EjectionChain	期間要件(c1)起点v2玉突き連鎖[起点20/生成600885/候補529808/評価600885/試行720/採用0/採用深さ最大0/重複除外249/深さ8/終了完了/時間切れ0/1154ms]: c1 3->3 score 11252->11252 HARD 1->1 total 269->269 族差  起点族別[c1:起点20/評価600885/採用0/減0]
sample,60,2,c1	31199	C1EjectionChain	期間要件(c1)起点v2玉突き連鎖[起点5/生成150393/候補126024/評価150393/試行180/採用0/採用深さ最大0/重複除外22/深さ8/終了完了/時間切れ0/290ms]: c1 1->1 score 11551->11551 HARD 1->1 total 281->281 族差  起点族別[c1:起点5/評価150393/採用0/減0]
sample,60,2,c1	31199	C1EjectionChain	期間要件(c1)起点v2玉突き連鎖[起点5/生成150393/候補126024/評価150393/試行180/採用0/採用深さ最大0/重複除外22/深さ8/終了完了/時間切れ0/290ms]: c1 1->1 score 11551->11551 HARD 1->1 total 281->281 族差  起点族別[c1:起点5/評価150393/採用0/減0]
sample,60,2,all	34663	C1EjectionChain	全族起点玉突き連鎖[起点50/生成1492830/候補1368004/評価1492830/試行1785/採用1/採用深さ最大3/重複除外385/深さ8/終了時間切れ/時間切れ1/3000ms]: c1 4->4 score 11304->11302 HARD 1->1 total 271->270 族差 weekly-1 起点族別[low:起点6/評価180363/採用0/減0 c1:起点8/評価240410/採用0/減0 high:起点4/評価120187/採用0/減0 c3:起点6/評価180363/採用0/減0 c42:起点6/評価180363/採用0/減0 c3m:起点8/評価240470/採用0/減0 c2:起点2/評価60124/採用0/減0 fair:起点2/評価60102/採用0/減0 weekly:起点8/評価228821/採用1/減2]
sample,60,2,all	34663	C1EjectionChain	全族起点玉突き連鎖[起点50/生成1492830/候補1368004/評価1492830/試行1785/採用1/採用深さ最大3/重複除外385/深さ8/終了時間切れ/時間切れ1/3000ms]: c1 4->4 score 11304->11302 HARD 1->1 total 271->270 族差 weekly-1 起点族別[low:起点6/評価180363/採用0/減0 c1:起点8/評価240410/採用0/減0 high:起点4/評価120187/採用0/減0 c3:起点6/評価180363/採用0/減0 c42:起点6/評価180363/採用0/減0 c3m:起点8/評価240470/採用0/減0 c2:起点2/評価60124/採用0/減0 fair:起点2/評価60102/採用0/減0 weekly:起点8/評価228821/採用1/減2]
sample,60,3,all	35234	C1EjectionChain	全族起点玉突き連鎖[起点49/生成1460729/候補1386927/評価1460729/試行1747/採用0/採用深さ最大0/重複除外367/深さ8/終了時間切れ/時間切れ1/3000ms]: c1 4->4 score 11265->11265 HARD 1->1 total 264->264 族差  起点族別[low:起点9/評価256707/採用0/減0 c1:起点8/評価240302/採用0/減0 high:起点4/評価120195/採用0/減0 c3:起点4/評価120209/採用0/減0 c42:起点6/評価180393/採用0/減0 c3m:起点8/評価240468/採用0/減0 fair:起点4/評価120307/採用0/減0 weekly:起点6/評価180381/採用0/減0]
sample,60,3,all	35234	C1EjectionChain	全族起点玉突き連鎖[起点49/生成1460729/候補1386927/評価1460729/試行1747/採用0/採用深さ最大0/重複除外367/深さ8/終了時間切れ/時間切れ1/3000ms]: c1 4->4 score 11265->11265 HARD 1->1 total 264->264 族差  起点族別[low:起点9/評価256707/採用0/減0 c1:起点8/評価240302/採用0/減0 high:起点4/評価120195/採用0/減0 c3:起点4/評価120209/採用0/減0 c42:起点6/評価180393/採用0/減0 c3m:起点8/評価240468/採用0/減0 fair:起点4/評価120307/採用0/減0 weekly:起点6/評価180381/採用0/減0]
sample,60,3,c1	50908	C1EjectionChain	期間要件(c1)起点v2玉突き連鎖[起点25/生成751531/候補663570/評価751531/試行900/採用0/採用深さ最大0/重複除外205/深さ8/終了完了/時間切れ0/1468ms]: c1 4->4 score 11339->11339 HARD 1->1 total 269->269 族差  起点族別[c1:起点25/評価751531/採用0/減0]
sample,60,3,c1	50908	C1EjectionChain	期間要件(c1)起点v2玉突き連鎖[起点25/生成751531/候補663570/評価751531/試行900/採用0/採用深さ最大0/重複除外205/深さ8/終了完了/時間切れ0/1468ms]: c1 4->4 score 11339->11339 HARD 1->1 total 269->269 族差  起点族別[c1:起点25/評価751531/採用0/減0]
sample,120,1,all	49281	C1EjectionChain	全族起点玉突き連鎖[起点48/生成1442199/候補1348784/評価1442199/試行1726/採用0/採用深さ最大0/重複除外431/深さ8/終了時間切れ/時間切れ1/3000ms]: c1 8->8 score 11533->11533 HARD 1->1 total 264->264 族差  起点族別[low:起点8/評価240204/採用0/減0 c1:起点8/評価239193/採用0/減0 high:起点2/評価60079/採用0/減0 c3:起点6/評価180237/採用0/減0 c42:起点6/評価180280/採用0/減0 c3m:起点7/評価210255/採用0/減0 c2:起点2/評価60025/採用0/減0 fair:起点2/評価60193/採用0/減0 weekly:起点7/評価210276/採用0/減0]
sample,120,1,all	49281	C1EjectionChain	全族起点玉突き連鎖[起点48/生成1442199/候補1348784/評価1442199/試行1726/採用0/採用深さ最大0/重複除外431/深さ8/終了時間切れ/時間切れ1/3000ms]: c1 8->8 score 11533->11533 HARD 1->1 total 264->264 族差  起点族別[low:起点8/評価240204/採用0/減0 c1:起点8/評価239193/採用0/減0 high:起点2/評価60079/採用0/減0 c3:起点6/評価180237/採用0/減0 c42:起点6/評価180280/採用0/減0 c3m:起点7/評価210255/採用0/減0 c2:起点2/評価60025/採用0/減0 fair:起点2/評価60193/採用0/減0 weekly:起点7/評価210276/採用0/減0]
sample,120,1,c1	49776	C1EjectionChain	期間要件(c1)起点v2玉突き連鎖[起点52/生成1553095/候補1397387/評価1553095/試行1861/採用2/採用深さ最大7/重複除外582/深さ8/終了時間切れ/時間切れ1/3000ms]: c1 5->4 score 11346->11298 HARD 1->1 total 268->268 族差 c1-1 weekly+1 起点族別[c1:起点52/評価1553095/採用2/減48]
sample,120,1,c1	49776	C1EjectionChain	期間要件(c1)起点v2玉突き連鎖[起点52/生成1553095/候補1397387/評価1553095/試行1861/採用2/採用深さ最大7/重複除外582/深さ8/終了時間切れ/時間切れ1/3000ms]: c1 5->4 score 11346->11298 HARD 1->1 total 268->268 族差 c1-1 weekly+1 起点族別[c1:起点52/評価1553095/採用2/減48]
sample,120,2,c1	44217	C1EjectionChain	期間要件(c1)起点v2玉突き連鎖[起点20/生成600730/候補531134/評価600730/試行720/採用0/採用深さ最大0/重複除外376/深さ8/終了完了/時間切れ0/1186ms]: c1 3->3 score 11232->11232 HARD 1->1 total 265->265 族差  起点族別[c1:起点20/評価600730/採用0/減0]
sample,120,2,c1	44217	C1EjectionChain	期間要件(c1)起点v2玉突き連鎖[起点20/生成600730/候補531134/評価600730/試行720/採用0/採用深さ最大0/重複除外376/深さ8/終了完了/時間切れ0/1186ms]: c1 3->3 score 11232->11232 HARD 1->1 total 265->265 族差  起点族別[c1:起点20/評価600730/採用0/減0]
sample,120,2,all	58043	C1EjectionChain	全族起点玉突き連鎖[起点49/生成1446239/候補1338545/評価1446239/試行1730/採用0/採用深さ最大0/重複除外383/深さ8/終了時間切れ/時間切れ1/3000ms]: c1 4->4 score 11080->11080 HARD 1->1 total 245->245 族差  起点族別[low:起点8/評価240574/採用0/減0 c1:起点10/評価272463/採用0/減0 high:起点2/評価60066/採用0/減0 c3:起点6/評価180380/採用0/減0 c42:起点6/評価180349/採用0/減0 c3m:起点9/評価270420/採用0/減0 fair:起点2/評価60129/採用0/減0 weekly:起点6/評価180406/採用0/減0]
sample,120,2,all	58043	C1EjectionChain	全族起点玉突き連鎖[起点49/生成1446239/候補1338545/評価1446239/試行1730/採用0/採用深さ最大0/重複除外383/深さ8/終了時間切れ/時間切れ1/3000ms]: c1 4->4 score 11080->11080 HARD 1->1 total 245->245 族差  起点族別[low:起点8/評価240574/採用0/減0 c1:起点10/評価272463/採用0/減0 high:起点2/評価60066/採用0/減0 c3:起点6/評価180380/採用0/減0 c42:起点6/評価180349/採用0/減0 c3m:起点9/評価270420/採用0/減0 fair:起点2/評価60129/採用0/減0 weekly:起点6/評価180406/採用0/減0]
sample,120,3,all	46190	C1EjectionChain	全族起点玉突き連鎖[起点50/生成1485691/候補1377814/評価1485691/試行1777/採用0/採用深さ最大0/重複除外243/深さ8/終了時間切れ/時間切れ1/3000ms]: c1 3->3 score 11072->11072 HARD 1->1 total 251->251 族差  起点族別[low:起点8/評価240418/採用0/減0 c1:起点8/評価240558/採用0/減0 high:起点4/評価120127/採用0/減0 c3:起点6/評価180365/採用0/減0 c42:起点6/評価180365/採用0/減0 c3m:起点8/評価240487/採用0/減0 fair:起点2/評価60132/採用0/減0 weekly:起点8/評価221740/採用0/減0]
sample,120,3,all	46190	C1EjectionChain	全族起点玉突き連鎖[起点50/生成1485691/候補1377814/評価1485691/試行1777/採用0/採用深さ最大0/重複除外243/深さ8/終了時間切れ/時間切れ1/3000ms]: c1 3->3 score 11072->11072 HARD 1->1 total 251->251 族差  起点族別[low:起点8/評価240418/採用0/減0 c1:起点8/評価240558/採用0/減0 high:起点4/評価120127/採用0/減0 c3:起点6/評価180365/採用0/減0 c42:起点6/評価180365/採用0/減0 c3m:起点8/評価240487/採用0/減0 fair:起点2/評価60132/採用0/減0 weekly:起点8/評価221740/採用0/減0]
sample,120,3,c1	49277	C1EjectionChain	期間要件(c1)起点v2玉突き連鎖[起点52/生成1557886/候補1356042/評価1557886/試行1865/採用0/採用深さ最大0/重複除外478/深さ8/終了時間切れ/時間切れ1/3000ms]: c1 8->8 score 11564->11564 HARD 1->1 total 264->264 族差  起点族別[c1:起点52/評価1557886/採用0/減0]
sample,120,3,c1	49277	C1EjectionChain	期間要件(c1)起点v2玉突き連鎖[起点52/生成1557886/候補1356042/評価1557886/試行1865/採用0/採用深さ最大0/重複除外478/深さ8/終了時間切れ/時間切れ1/3000ms]: c1 8->8 score 11564->11564 HARD 1->1 total 264->264 族差  起点族別[c1:起点52/評価1557886/採用0/減0]
