fixture,budget,seed,arm,wallMs,hard,weightedScore,total
sept2026,60,1,on,39472,0,5237.0,399
sept2026,60,1,off,26661,0,5237.0,399
sept2026,60,2,off,27894,0,4987.0,401
sept2026,60,2,on,28007,0,4987.0,401
sept2026,60,3,on,23294,0,5237.0,399
sept2026,60,3,off,28524,0,4987.0,401
sept2026,120,1,on,46732,0,4438.0,375
sept2026,120,1,off,49461,0,5237.0,399
sept2026,120,2,off,38786,0,4987.0,401
sept2026,120,2,on,34123,0,5237.0,399
sept2026,120,3,on,38541,0,4987.0,401
sept2026,120,3,off,34971,0,5237.0,399
