golden,60,1,on	28268	V6Dispatcher	完了 algorithm=RSI HARD=0 total=336 elapsed=28120ms
golden,60,1,on	30280	V6Dispatcher	完了 algorithm=ALNS HARD=0 total=336 elapsed=2013ms
golden,60,1,on	30549	C1Polish	期間要件(c1)研磨: c1 89->88 / total 335->334 HARD 0->0 採用1回(鏡像:0 自己:0 再配置:1) 残存: 古泉 健一 休(14日5回)(不採用×30 主因 c1:12 c3n:12), 山本昌幸 休(14日5回)(不採用×36 主因 low:15 c3n:12), 福澤俊陽 Dﾃ(14日2回)(不採用×12 主因 c3n:6 c1:3), 福澤俊陽 休(14日5回)(不採用×13 主因 c1:6 c3n:5), 佐藤直美 Dﾃ(14日2回)(不採用×21 主因 c3n:17 c1:4), 佐藤直美 休(14日5回)(不採用×27 主因 low:9 c1:9), 吉江雄貴 Dﾃ(14日2回)(不採用×25 主因 c3n:18 c1:5), 吉江雄貴 休(14日5回)(不採用×23 主因 low:13 c3n:7), 金沢勇輝 Dﾃ(14日2回)(不採用×16 主因 c3n:13 c1:2), 金沢勇輝 休(14日5回)(不採用×23 主因 c1:12 c3n:6), モニカ Dﾃ(14日2回)(不採用×11 主因 c3n:8 c1:3), モニカ 休(14日5回)(不採用×25 主因 low:16 c1:5), アリフ Dﾃ(14日2回)(不採用×7 主因 low:3 c3n:3), アリフ 休(14日5回)(不採用×18 主因 c3n:8 c1:6) / 結合候補: 手B×117 / 結合探索: 200通り試行/1ms→無駄打ち回避で早期終了
golden,60,1,on	31900	C1BeamPolish	期間要件(c1)研磨[ビーム K=16 steps=60/751ms]: c1 88->88 / total 334->334 score 6528->6528 HARD 0->0 手数0 [探索結果が根に勝てず破棄]
golden,60,1,on	32174	C3mnPolish	回避パターン(c3mn)研磨: c3mn 3->3 / total 334->334 HARD 0->0 採用0回 [頭打ち=改善手なし] 不採用10件(ピン破り:2 重み悪化:8)(主因 low:3 high:2 c1:2) 残存: 吉江雄貴, モニカ, アリフ / 結合候補: C3mnAlt×10 / 結合探索: 200通り試行/1ms→無駄打ち回避で早期終了
golden,60,1,on	32211	RangePolish	個人回数(low/high)玉突き研磨: low 5->5 / high 5->5 / total 334->334 HARD 0->0 採用0回（日割当:0 / 柔軟日割当:0） [頭打ち=改善手なし] 残存: モニカ 有(希望固定×10: 12/1・12/5・12/6・12/7・12/8・12/12ほか4日・不採用×10 主因 c1:10・range後回し×9・候補なし×2), 山本昌幸 Cｵ(不採用×13 主因 c1:10 low:3・range後回し×13・候補なし×12・禁止連続×6・柔軟日割当候補なし×1・日割当候補なし×1・ピン破り×1), 山本昌幸 B4(不採用×9 主因 c1:8 c2:1・range後回し×8・希望固定×6・候補なし×5・禁止連続×2・ピン破り×1), 福澤俊陽 B4(希望固定×12: 12/2・12/4・12/5・12/6・12/7・12/10ほか6日・不採用×8 主因 c1:7 c2:1・候補なし×4・range後回し×4・禁止連続×3), 桒澤美幸 休(希望固定×16: 12/6・12/11・12/13・12/17・12/23・12/29ほか2日・不採用×10 主因 c1:10・柔軟日割当候補なし×1・日割当候補なし×1), モニカ Aｱ(不採用×19 主因 c1:11 low:3・希望固定×15・禁止連続×5・候補なし×3・range後回し×3・柔軟日割当候補なし×1・日割当候補なし×1), モニカ B4(希望固定×10: 12/1・12/5・12/6・12/7・12/8・12/12ほか4日・range後回し×9・不採用×7 主因 c1:7・禁止連続×4・候補なし×1), アリフ B4(不採用×10 主因 c1:9 c2:1・候補なし×6・希望固定×6・range後回し×5・禁止連続×4) / 結合候補: tryRelocate×139 / 結合探索: 200通り試行/1ms→無駄打ち回避で早期終了
golden,60,1,on	39067	POST	後処理タイミング 総8738ms: HF80=105ms HF67=14ms HF66=2ms 巡回研磨(厳密日割当+c1/c3/range/apt/fair+曜日/交互)=5355ms C1共同LNS=1514ms 個人共同LNS=1747ms 最終検査+HF70=1ms
golden,60,1,on	39070	POST	後処理パス別 計8684ms: C1広域ビーム=2193ms(25%) 個人回数共同LNS=1706ms(19%) C1共同LNS=1513ms(17%) C1時系列フロー=1383ms(15%) ComponentRepair=507ms(5%) C1厳密窓=233ms(2%) AnchoredWindowSwap=193ms(2%) C1索引修復=165ms(1%)
golden,60,1,on	39065	UnifiedCheck	合計=321 | HARD=0 [groupViol=0 c3n=0 covU=0 pref=0 c3w=0] | SOFT=321 [c1=73 c2=1 c3=35 c3m=39 c3mn=2 c42=8 covO=1 low=5 high=5 fair=1 weekly=151] (0ms)
golden,60,1,on	30549	C1Polish	期間要件(c1)研磨: c1 89->88 / total 335->334 HARD 0->0 採用1回(鏡像:0 自己:0 再配置:1) 残存: 古泉 健一 休(14日5回)(不採用×30 主因 c1:12 c3n:12), 山本昌幸 休(14日5回)(不採用×36 主因 low:15 c3n:12), 福澤俊陽 Dﾃ(14日2回)(不採用×12 主因 c3n:6 c1:3), 福澤俊陽 休(14日5回)(不採用×13 主因 c1:6 c3n:5), 佐藤直美 Dﾃ(14日2回)(不採用×21 主因 c3n:17 c1:4), 佐藤直美 休(14日5回)(不採用×27 主因 low:9 c1:9), 吉江雄貴 Dﾃ(14日2回)(不採用×25 主因 c3n:18 c1:5), 吉江雄貴 休(14日5回)(不採用×23 主因 low:13 c3n:7), 金沢勇輝 Dﾃ(14日2回)(不採用×16 主因 c3n:13 c1:2), 金沢勇輝 休(14日5回)(不採用×23 主因 c1:12 c3n:6), モニカ Dﾃ(14日2回)(不採用×11 主因 c3n:8 c1:3), モニカ 休(14日5回)(不採用×25 主因 low:16 c1:5), アリフ Dﾃ(14日2回)(不採用×7 主因 low:3 c3n:3), アリフ 休(14日5回)(不採用×18 主因 c3n:8 c1:6) / 結合候補: 手B×117 / 結合探索: 200通り試行/1ms→無駄打ち回避で早期終了
golden,60,1,on	31900	C1BeamPolish	期間要件(c1)研磨[ビーム K=16 steps=60/751ms]: c1 88->88 / total 334->334 score 6528->6528 HARD 0->0 手数0 [探索結果が根に勝てず破棄]
golden,60,1,on	32174	C3mnPolish	回避パターン(c3mn)研磨: c3mn 3->3 / total 334->334 HARD 0->0 採用0回 [頭打ち=改善手なし] 不採用10件(ピン破り:2 重み悪化:8)(主因 low:3 high:2 c1:2) 残存: 吉江雄貴, モニカ, アリフ / 結合候補: C3mnAlt×10 / 結合探索: 200通り試行/1ms→無駄打ち回避で早期終了
golden,60,1,on	32211	RangePolish	個人回数(low/high)玉突き研磨: low 5->5 / high 5->5 / total 334->334 HARD 0->0 採用0回（日割当:0 / 柔軟日割当:0） [頭打ち=改善手なし] 残存: モニカ 有(希望固定×10: 12/1・12/5・12/6・12/7・12/8・12/12ほか4日・不採用×10 主因 c1:10・range後回し×9・候補なし×2), 山本昌幸 Cｵ(不採用×13 主因 c1:10 low:3・range後回し×13・候補なし×12・禁止連続×6・柔軟日割当候補なし×1・日割当候補なし×1・ピン破り×1), 山本昌幸 B4(不採用×9 主因 c1:8 c2:1・range後回し×8・希望固定×6・候補なし×5・禁止連続×2・ピン破り×1), 福澤俊陽 B4(希望固定×12: 12/2・12/4・12/5・12/6・12/7・12/10ほか6日・不採用×8 主因 c1:7 c2:1・候補なし×4・range後回し×4・禁止連続×3), 桒澤美幸 休(希望固定×16: 12/6・12/11・12/13・12/17・12/23・12/29ほか2日・不採用×10 主因 c1:10・柔軟日割当候補なし×1・日割当候補なし×1), モニカ Aｱ(不採用×19 主因 c1:11 low:3・希望固定×15・禁止連続×5・候補なし×3・range後回し×3・柔軟日割当候補なし×1・日割当候補なし×1), モニカ B4(希望固定×10: 12/1・12/5・12/6・12/7・12/8・12/12ほか4日・range後回し×9・不採用×7 主因 c1:7・禁止連続×4・候補なし×1), アリフ B4(不採用×10 主因 c1:9 c2:1・候補なし×6・希望固定×6・range後回し×5・禁止連続×4) / 結合候補: tryRelocate×139 / 結合探索: 200通り試行/1ms→無駄打ち回避で早期終了
golden,60,1,on	39067	POST	後処理タイミング 総8738ms: HF80=105ms HF67=14ms HF66=2ms 巡回研磨(厳密日割当+c1/c3/range/apt/fair+曜日/交互)=5355ms C1共同LNS=1514ms 個人共同LNS=1747ms 最終検査+HF70=1ms
golden,60,1,on	39070	POST	後処理パス別 計8684ms: C1広域ビーム=2193ms(25%) 個人回数共同LNS=1706ms(19%) C1共同LNS=1513ms(17%) C1時系列フロー=1383ms(15%) ComponentRepair=507ms(5%) C1厳密窓=233ms(2%) AnchoredWindowSwap=193ms(2%) C1索引修復=165ms(1%)
golden,60,1,off	28023	V6Dispatcher	完了 algorithm=RSI HARD=0 total=334 elapsed=28021ms
golden,60,1,off	30027	V6Dispatcher	完了 algorithm=ALNS HARD=0 total=334 elapsed=2004ms
golden,60,1,off	31030	C1BeamPolish	期間要件(c1)研磨[ビーム K=16 steps=60/658ms]: c1 88->88 / total 331->331 score 6382->6382 HARD 0->0 手数0 [探索結果が根に勝てず破棄]
golden,60,1,off	31185	FairPolish	グループ内公平化(fair)研磨: fair 2->2 / total 323->323 HARD 0->0 採用0回 [頭打ち=改善手なし] 不採用22件(重み悪化:22)(主因 c1:18 c3mn:2 low:2) 残存: 山本昌幸 Dﾃ, 山本昌幸 Cｵ / 結合候補: FairChain×22 / 結合探索: 200通り試行/1ms→無駄打ち回避で早期終了
golden,60,1,off	34756	POST	後処理タイミング 総4716ms: HF80=16ms HF67=15ms HF66=2ms 巡回研磨(厳密日割当+c1/c3/range/apt/fair+曜日/交互)=2003ms C1共同LNS=1505ms 個人共同LNS=1174ms 最終検査+HF70=1ms
golden,60,1,off	34756	POST	後処理パス別 計4709ms: C1共同LNS=1505ms(31%) 個人回数共同LNS=1131ms(24%) C1広域ビーム=872ms(18%) C1時系列フロー=449ms(9%) ComponentRepair=246ms(5%) C1厳密窓=111ms(2%) C1索引修復=77ms(1%) AdaptiveBlockSwapPolish=42ms(0%)
golden,60,1,off	34755	UnifiedCheck	合計=319 | HARD=0 [groupViol=0 c3n=0 covU=0 pref=0 c3w=0] | SOFT=319 [c1=88 c2=1 c3=31 c3m=37 c3mn=1 c42=6 low=5 high=5 fair=2 weekly=143] (0ms)
golden,60,1,off	31030	C1BeamPolish	期間要件(c1)研磨[ビーム K=16 steps=60/658ms]: c1 88->88 / total 331->331 score 6382->6382 HARD 0->0 手数0 [探索結果が根に勝てず破棄]
golden,60,1,off	31185	FairPolish	グループ内公平化(fair)研磨: fair 2->2 / total 323->323 HARD 0->0 採用0回 [頭打ち=改善手なし] 不採用22件(重み悪化:22)(主因 c1:18 c3mn:2 low:2) 残存: 山本昌幸 Dﾃ, 山本昌幸 Cｵ / 結合候補: FairChain×22 / 結合探索: 200通り試行/1ms→無駄打ち回避で早期終了
golden,60,1,off	34756	POST	後処理タイミング 総4716ms: HF80=16ms HF67=15ms HF66=2ms 巡回研磨(厳密日割当+c1/c3/range/apt/fair+曜日/交互)=2003ms C1共同LNS=1505ms 個人共同LNS=1174ms 最終検査+HF70=1ms
golden,60,1,off	34756	POST	後処理パス別 計4709ms: C1共同LNS=1505ms(31%) 個人回数共同LNS=1131ms(24%) C1広域ビーム=872ms(18%) C1時系列フロー=449ms(9%) ComponentRepair=246ms(5%) C1厳密窓=111ms(2%) C1索引修復=77ms(1%) AdaptiveBlockSwapPolish=42ms(0%)
golden,60,2,off	24500	V6Dispatcher	完了 algorithm=RSI HARD=0 total=321 elapsed=24499ms
golden,60,2,off	44502	V6Dispatcher	完了 algorithm=ALNS HARD=0 total=347 elapsed=20001ms
golden,60,2,off	44674	C1Polish	期間要件(c1)研磨: c1 75->74 / total 338->335 HARD 0->0 採用1回(鏡像:0 自己:0 再配置:1) 残存: 古泉 健一 休(14日5回)(不採用×29 主因 c1:18 c3n:8), 山本昌幸 Dﾃ(14日2回)(不採用×17 主因 c3n:13 c1:3), 山本昌幸 休(14日5回)(不採用×21 主因 c1:10 c3n:8), 福澤俊陽 Dﾃ(14日2回)(不採用×6 主因 c3n:4 c1:2), 福澤俊陽 休(14日5回)(不採用×16 主因 c1:7 c3n:6), 佐藤直美 休(14日5回)(不採用×18 主因 c1:8 c3n:6), 吉江雄貴 Dﾃ(14日2回)(不採用×16 主因 c3n:10 low:2), 吉江雄貴 休(14日5回)(不採用×23 主因 low:9 c3n:8), 金沢勇輝 Dﾃ(14日2回)(不採用×17 主因 c3n:14 low:1), 金沢勇輝 休(14日5回)(不採用×20 主因 c1:13 c3n:5), モニカ 休(14日5回)(不採用×18 主因 c1:10 low:4), アリフ Dﾃ(14日2回)(不採用×16 主因 c3n:11 c1:4), アリフ 休(14日5回)(不採用×28 主因 low:13 c3n:10), 古泉 健一 Dﾃ(14日2回)(不採用×14 主因 c3n:10 c1:3) / 結合候補: 手R3×2 手B×107 / 結合探索: 200通り試行/1ms→無駄打ち回避で早期終了
golden,60,2,off	45504	C1BeamPolish	期間要件(c1)研磨[ビーム K=16 steps=60/574ms]: c1 74->73 / total 335->334 score 6078->6077 HARD 0->0 手数2
golden,60,2,off	45546	RangePolish	個人回数(low/high)玉突き研磨: low 7->7 / high 6->6 / total 335->335 HARD 0->0 採用0回（日割当:0 / 柔軟日割当:0） [頭打ち=改善手なし] 残存: 古泉 健一 有(不採用×9 主因 c1:8 c3mn:1・希望固定×8・range後回し×8・候補なし×4・ピン破り×2), モニカ 有(希望固定×10: 12/1・12/5・12/6・12/7・12/8・12/12ほか4日・不採用×9 主因 c1:8 c3mn:1・range後回し×9・候補なし×2・ピン破り×1), アリフ 有(不採用×11 主因 c1:11・候補なし×7・希望固定×6・range後回し×6・ピン破り×1), 古泉 健一 休(range後回し×8・不採用×7 主因 c1:6 c3:1・候補なし×4・希望固定×3), 古泉 健一 A4(range後回し×19・禁止連続×12・希望固定×5・不採用×5 主因 low:2 c1:2・候補なし×3・柔軟日割当候補なし×1・日割当候補なし×1・ピン破り×1), 桒澤美幸 休(希望固定×16: 12/6・12/11・12/13・12/17・12/23・12/29ほか2日・不採用×10 主因 c1:10・柔軟日割当候補なし×1・日割当候補なし×1), 佐藤直美 B4(不採用×8 主因 c1:7 c2:1・希望固定×7・range後回し×6・候補なし×4・禁止連続×4・ピン破り×2), 吉江雄貴 B4(候補なし×7・不採用×7 主因 c1:5 c3:1・range後回し×7・希望固定×6・禁止連続×4), モニカ 休(希望固定×30: 12/1・12/6・12/7・12/25・12/26・12/27・不採用×15 主因 c1:15・禁止連続×10・柔軟日割当候補なし×1・日割当候補なし×1), アリフ Aｱ(候補なし×15・希望固定×10・不採用×8 主因 low:3 c3mn:2・禁止連続×5・range後回し×5・ピン破り×2・柔軟日割当候補なし×1・日割当候補なし×1), アリフ B4(不採用×10 主因 c1:10・候補なし×6・希望固定×6・range後回し×5・禁止連続×3・ピン破り×1) / 結合候補: tryRelocate×182 / 結合探索: 200通り試行/1ms→無駄打ち回避で早期終了
golden,60,2,off	45628	FairPolish	グループ内公平化(fair)研磨: fair 4->4 / total 332->332 HARD 0->0 採用0回 [頭打ち=改善手なし] 不採用34件(重み悪化:34)(主因 c1:24 low:9 fair:1) 残存: 山本昌幸 Dﾃ, 福澤俊陽 Dﾃ, 佐藤直美 A4, 山本昌幸 Cｵ / 結合候補: FairChain×34 / 結合探索: 200通り試行/1ms→無駄打ち回避で早期終了
golden,60,2,off	51212	POST	後処理タイミング 総6587ms: HF80=13ms HF67=9ms HF66=2ms 巡回研磨(厳密日割当+c1/c3/range/apt/fair+曜日/交互)=3992ms C1共同LNS=1504ms 個人共同LNS=1067ms 最終検査+HF70=0ms
golden,60,2,off	51212	POST	後処理パス別 計6582ms: C1広域ビーム=1909ms(29%) C1共同LNS=1504ms(22%) C1時系列フロー=1026ms(15%) 個人回数共同LNS=1006ms(15%) ComponentRepair=372ms(5%) C1索引修復=142ms(2%) BlockRotationPolish=119ms(1%) AnchoredWindowSwap=94ms(1%)
golden,60,2,off	51212	UnifiedCheck	合計=323 | HARD=0 [groupViol=0 c3n=0 covU=0 pref=0 c3w=0] | SOFT=323 [c1=69 c2=3 c3=36 c3m=32 c3mn=2 c42=8 covO=2 low=7 high=5 fair=3 weekly=156] (0ms)
golden,60,2,off	44674	C1Polish	期間要件(c1)研磨: c1 75->74 / total 338->335 HARD 0->0 採用1回(鏡像:0 自己:0 再配置:1) 残存: 古泉 健一 休(14日5回)(不採用×29 主因 c1:18 c3n:8), 山本昌幸 Dﾃ(14日2回)(不採用×17 主因 c3n:13 c1:3), 山本昌幸 休(14日5回)(不採用×21 主因 c1:10 c3n:8), 福澤俊陽 Dﾃ(14日2回)(不採用×6 主因 c3n:4 c1:2), 福澤俊陽 休(14日5回)(不採用×16 主因 c1:7 c3n:6), 佐藤直美 休(14日5回)(不採用×18 主因 c1:8 c3n:6), 吉江雄貴 Dﾃ(14日2回)(不採用×16 主因 c3n:10 low:2), 吉江雄貴 休(14日5回)(不採用×23 主因 low:9 c3n:8), 金沢勇輝 Dﾃ(14日2回)(不採用×17 主因 c3n:14 low:1), 金沢勇輝 休(14日5回)(不採用×20 主因 c1:13 c3n:5), モニカ 休(14日5回)(不採用×18 主因 c1:10 low:4), アリフ Dﾃ(14日2回)(不採用×16 主因 c3n:11 c1:4), アリフ 休(14日5回)(不採用×28 主因 low:13 c3n:10), 古泉 健一 Dﾃ(14日2回)(不採用×14 主因 c3n:10 c1:3) / 結合候補: 手R3×2 手B×107 / 結合探索: 200通り試行/1ms→無駄打ち回避で早期終了
golden,60,2,off	45504	C1BeamPolish	期間要件(c1)研磨[ビーム K=16 steps=60/574ms]: c1 74->73 / total 335->334 score 6078->6077 HARD 0->0 手数2
golden,60,2,off	45546	RangePolish	個人回数(low/high)玉突き研磨: low 7->7 / high 6->6 / total 335->335 HARD 0->0 採用0回（日割当:0 / 柔軟日割当:0） [頭打ち=改善手なし] 残存: 古泉 健一 有(不採用×9 主因 c1:8 c3mn:1・希望固定×8・range後回し×8・候補なし×4・ピン破り×2), モニカ 有(希望固定×10: 12/1・12/5・12/6・12/7・12/8・12/12ほか4日・不採用×9 主因 c1:8 c3mn:1・range後回し×9・候補なし×2・ピン破り×1), アリフ 有(不採用×11 主因 c1:11・候補なし×7・希望固定×6・range後回し×6・ピン破り×1), 古泉 健一 休(range後回し×8・不採用×7 主因 c1:6 c3:1・候補なし×4・希望固定×3), 古泉 健一 A4(range後回し×19・禁止連続×12・希望固定×5・不採用×5 主因 low:2 c1:2・候補なし×3・柔軟日割当候補なし×1・日割当候補なし×1・ピン破り×1), 桒澤美幸 休(希望固定×16: 12/6・12/11・12/13・12/17・12/23・12/29ほか2日・不採用×10 主因 c1:10・柔軟日割当候補なし×1・日割当候補なし×1), 佐藤直美 B4(不採用×8 主因 c1:7 c2:1・希望固定×7・range後回し×6・候補なし×4・禁止連続×4・ピン破り×2), 吉江雄貴 B4(候補なし×7・不採用×7 主因 c1:5 c3:1・range後回し×7・希望固定×6・禁止連続×4), モニカ 休(希望固定×30: 12/1・12/6・12/7・12/25・12/26・12/27・不採用×15 主因 c1:15・禁止連続×10・柔軟日割当候補なし×1・日割当候補なし×1), アリフ Aｱ(候補なし×15・希望固定×10・不採用×8 主因 low:3 c3mn:2・禁止連続×5・range後回し×5・ピン破り×2・柔軟日割当候補なし×1・日割当候補なし×1), アリフ B4(不採用×10 主因 c1:10・候補なし×6・希望固定×6・range後回し×5・禁止連続×3・ピン破り×1) / 結合候補: tryRelocate×182 / 結合探索: 200通り試行/1ms→無駄打ち回避で早期終了
golden,60,2,off	45628	FairPolish	グループ内公平化(fair)研磨: fair 4->4 / total 332->332 HARD 0->0 採用0回 [頭打ち=改善手なし] 不採用34件(重み悪化:34)(主因 c1:24 low:9 fair:1) 残存: 山本昌幸 Dﾃ, 福澤俊陽 Dﾃ, 佐藤直美 A4, 山本昌幸 Cｵ / 結合候補: FairChain×34 / 結合探索: 200通り試行/1ms→無駄打ち回避で早期終了
golden,60,2,off	51212	POST	後処理タイミング 総6587ms: HF80=13ms HF67=9ms HF66=2ms 巡回研磨(厳密日割当+c1/c3/range/apt/fair+曜日/交互)=3992ms C1共同LNS=1504ms 個人共同LNS=1067ms 最終検査+HF70=0ms
golden,60,2,off	51212	POST	後処理パス別 計6582ms: C1広域ビーム=1909ms(29%) C1共同LNS=1504ms(22%) C1時系列フロー=1026ms(15%) 個人回数共同LNS=1006ms(15%) ComponentRepair=372ms(5%) C1索引修復=142ms(2%) BlockRotationPolish=119ms(1%) AnchoredWindowSwap=94ms(1%)
golden,60,2,on	28010	V6Dispatcher	完了 algorithm=RSI HARD=0 total=331 elapsed=28009ms
golden,60,2,on	30013	V6Dispatcher	完了 algorithm=ALNS HARD=0 total=331 elapsed=2002ms
golden,60,2,on	30097	C1Polish	期間要件(c1)研磨: c1 81->81 / total 330->330 HARD 0->0 採用0回(鏡像:0 自己:0 再配置:0) [頭打ち=改善手なし] 残存: 古泉 健一 休(14日5回)(不採用×24 主因 c1:14 c3n:7), 山本昌幸 Dﾃ(14日2回)(不採用×20 主因 c3n:15 c1:4), 山本昌幸 休(14日5回)(不採用×29 主因 c1:14 c3n:11), 福澤俊陽 Dﾃ(14日2回)(不採用×10 主因 c1:5 c3n:5), 福澤俊陽 休(14日5回)(不採用×8 主因 c1:5 c3n:2), 佐藤直美 Dﾃ(14日2回)(不採用×14 主因 c3n:11 c1:3), 佐藤直美 休(14日5回)(不採用×21 主因 c1:13 c3n:5), 吉江雄貴 Dﾃ(14日2回)(不採用×10 主因 c3n:9 low:1), 吉江雄貴 休(14日5回)(不採用×27 主因 c1:15 c3n:9), 金沢勇輝 Dﾃ(14日2回)(不採用×15 主因 c3n:9 c1:4), 金沢勇輝 休(14日5回)(不採用×21 主因 c1:10 low:6), モニカ Dﾃ(14日2回)(不採用×18 主因 c3n:15 low:2), モニカ 休(14日5回)(不採用×26 主因 c1:23 c3n:2), アリフ Dﾃ(14日2回)(不採用×10 主因 c3n:4 low:3), アリフ 休(14日5回)(不採用×21 主因 c1:9 c3n:9), 古泉 健一 Dﾃ(14日2回)(不採用×13 主因 c3n:8 c1:4) / 結合候補: 手B×123 / 結合探索: 200通り試行/2ms→無駄打ち回避で早期終了
golden,60,2,on	30570	C1BeamPolish	期間要件(c1)研磨[ビーム K=16 steps=22/196ms/最良が20手更新されず打ち切り]: c1 81->81 / total 330->330 score 6356->6356 HARD 0->0 手数0 [探索結果が根に勝てず破棄]
golden,60,2,on	30609	RangePolish	個人回数(low/high)玉突き研磨: low 5->5 / high 6->6 / total 334->334 HARD 0->0 採用0回（日割当:0 / 柔軟日割当:0） [頭打ち=改善手なし] 残存: 古泉 健一 有(不採用×9 主因 c1:9・range後回し×9・希望固定×8・候補なし×4・ピン破り×1), 古泉 健一 A4(不採用×12 主因 c1:8 low:4・禁止連続×11・range後回し×11・候補なし×6・希望固定×5・柔軟日割当候補なし×1・日割当候補なし×1), 山本昌幸 B4(range後回し×11・不採用×8 主因 c1:6 low:1・希望固定×6・候補なし×5・禁止連続×1), 桒澤美幸 休(希望固定×16: 12/6・12/11・12/13・12/17・12/23・12/29ほか2日・不採用×10 主因 c1:10・柔軟日割当候補なし×1・日割当候補なし×1), 吉江雄貴 B4(不採用×8 主因 c1:7 c3mn:1・候補なし×7・希望固定×6・禁止連続×5・range後回し×5), 金沢勇輝 Cｱ(range後回し×15・希望固定×10・不採用×9 主因 c3mn:5 low:3・候補なし×6・禁止連続×5・柔軟日割当候補なし×1・日割当候補なし×1), 金沢勇輝 B4(希望固定×8: 12/1・12/3・12/4・12/8・12/18・12/21ほか2日・不採用×8 主因 c1:7 c3mn:1・range後回し×7・候補なし×5・禁止連続×3), モニカ 休(不採用×11 主因 c1:8 c3:2・range後回し×5・希望固定×4・候補なし×2), モニカ Aｱ(不採用×18 主因 c1:15 c3mn:3・希望固定×15・禁止連続×6・候補なし×3・range後回し×3・柔軟日割当候補なし×1・日割当候補なし×1) / 結合候補: tryRelocate×160 / 結合探索: 200通り試行/1ms→無駄打ち回避で早期終了
golden,60,2,on	33998	POST	後処理タイミング 総3947ms: HF80=10ms HF67=8ms HF66=2ms 巡回研磨(厳密日割当+c1/c3/range/apt/fair+曜日/交互)=1391ms C1共同LNS=2067ms 個人共同LNS=468ms 最終検査+HF70=1ms
golden,60,2,on	33998	POST	後処理パス別 計3944ms: C1共同LNS=2067ms(52%) C1時系列フロー=493ms(12%) C1広域ビーム=413ms(10%) 個人回数共同LNS=387ms(9%) ComponentRepair=251ms(6%) C1索引修復=66ms(1%) RangePolish=41ms(1%) C1同日交換=33ms(0%)
golden,60,2,on	33997	UnifiedCheck	合計=325 | HARD=0 [groupViol=0 c3n=0 covU=0 pref=0 c3w=0] | SOFT=325 [c1=79 c2=1 c3=39 c3m=39 c3mn=3 c42=8 covO=1 low=5 high=6 fair=3 weekly=141] (0ms)
golden,60,2,on	30097	C1Polish	期間要件(c1)研磨: c1 81->81 / total 330->330 HARD 0->0 採用0回(鏡像:0 自己:0 再配置:0) [頭打ち=改善手なし] 残存: 古泉 健一 休(14日5回)(不採用×24 主因 c1:14 c3n:7), 山本昌幸 Dﾃ(14日2回)(不採用×20 主因 c3n:15 c1:4), 山本昌幸 休(14日5回)(不採用×29 主因 c1:14 c3n:11), 福澤俊陽 Dﾃ(14日2回)(不採用×10 主因 c1:5 c3n:5), 福澤俊陽 休(14日5回)(不採用×8 主因 c1:5 c3n:2), 佐藤直美 Dﾃ(14日2回)(不採用×14 主因 c3n:11 c1:3), 佐藤直美 休(14日5回)(不採用×21 主因 c1:13 c3n:5), 吉江雄貴 Dﾃ(14日2回)(不採用×10 主因 c3n:9 low:1), 吉江雄貴 休(14日5回)(不採用×27 主因 c1:15 c3n:9), 金沢勇輝 Dﾃ(14日2回)(不採用×15 主因 c3n:9 c1:4), 金沢勇輝 休(14日5回)(不採用×21 主因 c1:10 low:6), モニカ Dﾃ(14日2回)(不採用×18 主因 c3n:15 low:2), モニカ 休(14日5回)(不採用×26 主因 c1:23 c3n:2), アリフ Dﾃ(14日2回)(不採用×10 主因 c3n:4 low:3), アリフ 休(14日5回)(不採用×21 主因 c1:9 c3n:9), 古泉 健一 Dﾃ(14日2回)(不採用×13 主因 c3n:8 c1:4) / 結合候補: 手B×123 / 結合探索: 200通り試行/2ms→無駄打ち回避で早期終了
golden,60,2,on	30570	C1BeamPolish	期間要件(c1)研磨[ビーム K=16 steps=22/196ms/最良が20手更新されず打ち切り]: c1 81->81 / total 330->330 score 6356->6356 HARD 0->0 手数0 [探索結果が根に勝てず破棄]
golden,60,2,on	30609	RangePolish	個人回数(low/high)玉突き研磨: low 5->5 / high 6->6 / total 334->334 HARD 0->0 採用0回（日割当:0 / 柔軟日割当:0） [頭打ち=改善手なし] 残存: 古泉 健一 有(不採用×9 主因 c1:9・range後回し×9・希望固定×8・候補なし×4・ピン破り×1), 古泉 健一 A4(不採用×12 主因 c1:8 low:4・禁止連続×11・range後回し×11・候補なし×6・希望固定×5・柔軟日割当候補なし×1・日割当候補なし×1), 山本昌幸 B4(range後回し×11・不採用×8 主因 c1:6 low:1・希望固定×6・候補なし×5・禁止連続×1), 桒澤美幸 休(希望固定×16: 12/6・12/11・12/13・12/17・12/23・12/29ほか2日・不採用×10 主因 c1:10・柔軟日割当候補なし×1・日割当候補なし×1), 吉江雄貴 B4(不採用×8 主因 c1:7 c3mn:1・候補なし×7・希望固定×6・禁止連続×5・range後回し×5), 金沢勇輝 Cｱ(range後回し×15・希望固定×10・不採用×9 主因 c3mn:5 low:3・候補なし×6・禁止連続×5・柔軟日割当候補なし×1・日割当候補なし×1), 金沢勇輝 B4(希望固定×8: 12/1・12/3・12/4・12/8・12/18・12/21ほか2日・不採用×8 主因 c1:7 c3mn:1・range後回し×7・候補なし×5・禁止連続×3), モニカ 休(不採用×11 主因 c1:8 c3:2・range後回し×5・希望固定×4・候補なし×2), モニカ Aｱ(不採用×18 主因 c1:15 c3mn:3・希望固定×15・禁止連続×6・候補なし×3・range後回し×3・柔軟日割当候補なし×1・日割当候補なし×1) / 結合候補: tryRelocate×160 / 結合探索: 200通り試行/1ms→無駄打ち回避で早期終了
golden,60,2,on	33998	POST	後処理タイミング 総3947ms: HF80=10ms HF67=8ms HF66=2ms 巡回研磨(厳密日割当+c1/c3/range/apt/fair+曜日/交互)=1391ms C1共同LNS=2067ms 個人共同LNS=468ms 最終検査+HF70=1ms
golden,60,2,on	33998	POST	後処理パス別 計3944ms: C1共同LNS=2067ms(52%) C1時系列フロー=493ms(12%) C1広域ビーム=413ms(10%) 個人回数共同LNS=387ms(9%) ComponentRepair=251ms(6%) C1索引修復=66ms(1%) RangePolish=41ms(1%) C1同日交換=33ms(0%)
golden,60,3,on	28010	V6Dispatcher	完了 algorithm=RSI HARD=0 total=322 elapsed=28008ms
golden,60,3,on	30014	V6Dispatcher	完了 algorithm=ALNS HARD=0 total=322 elapsed=2003ms
golden,60,3,on	30141	C1Polish	期間要件(c1)研磨: c1 83->82 / total 322->323 HARD 0->0 採用1回(鏡像:0 自己:0 再配置:1) 残存: 古泉 健一 休(14日5回)(不採用×31 主因 low:11 c1:10), 山本昌幸 休(14日5回)(不採用×21 主因 low:11 c3n:6), 福澤俊陽 Dﾃ(14日2回)(不採用×9 主因 c3n:4 c1:3), 福澤俊陽 休(14日5回)(不採用×15 主因 c3n:6 low:5), 佐藤直美 Dﾃ(14日2回)(不採用×18 主因 c3n:15 low:2), 佐藤直美 休(14日5回)(不採用×31 主因 c1:14 c3n:10), 吉江雄貴 Dﾃ(14日2回)(不採用×21 主因 c3n:13 c1:6), 吉江雄貴 休(14日5回)(不採用×26 主因 c1:14 c3n:7), 金沢勇輝 Dﾃ(14日2回)(不採用×14 主因 c3n:10 c1:3), 金沢勇輝 休(14日5回)(不採用×25 主因 low:10 c1:8), モニカ Dﾃ(14日2回)(不採用×16 主因 c3n:13 c1:3), モニカ 休(14日5回)(不採用×21 主因 low:11 c1:8), アリフ Dﾃ(14日2回)(不採用×11 主因 c3n:7 low:3), アリフ 休(14日5回)(不採用×25 主因 c1:9 low:8), 古泉 健一 Dﾃ(14日2回)(不採用×21 主因 c3n:16 low:3) / 結合候補: 手B×129 / 結合探索: 200通り試行/1ms→無駄打ち回避で早期終了
golden,60,3,on	30576	C1BeamPolish	期間要件(c1)研磨[ビーム K=16 steps=22/163ms/最良が20手更新されず打ち切り]: c1 82->82 / total 323->323 score 6237->6237 HARD 0->0 手数0 [探索結果が根に勝てず破棄]
golden,60,3,on	30593	C3mnPolish	回避パターン(c3mn)研磨: c3mn 4->4 / total 321->321 HARD 0->0 採用0回 [頭打ち=改善手なし] 不採用18件(ピン破り:2 重み悪化:16)(主因 c1:10 high:3 low:3) 残存: 吉江雄貴, 金沢勇輝, モニカ, アリフ / 結合候補: C3mnAlt×18 / 結合探索: 200通り試行/1ms→無駄打ち回避で早期終了
golden,60,3,on	33463	POST	後処理タイミング 総3381ms: HF80=13ms HF67=11ms HF66=1ms 巡回研磨(厳密日割当+c1/c3/range/apt/fair+曜日/交互)=1345ms C1共同LNS=1188ms 個人共同LNS=822ms 最終検査+HF70=1ms
golden,60,3,on	33463	POST	後処理パス別 計3375ms: C1共同LNS=1188ms(35%) 個人回数共同LNS=783ms(23%) C1時系列フロー=509ms(15%) C1広域ビーム=420ms(12%) ComponentRepair=152ms(4%) C1索引修復=65ms(1%) BlockRotationPolish=38ms(1%) C1同日交換=36ms(1%)
golden,60,3,on	33462	UnifiedCheck	合計=315 | HARD=0 [groupViol=0 c3n=0 covU=0 pref=0 c3w=0] | SOFT=315 [c1=80 c2=2 c3=26 c3m=37 c3mn=4 c42=6 low=5 high=4 fair=2 weekly=149] (0ms)
golden,60,3,on	30141	C1Polish	期間要件(c1)研磨: c1 83->82 / total 322->323 HARD 0->0 採用1回(鏡像:0 自己:0 再配置:1) 残存: 古泉 健一 休(14日5回)(不採用×31 主因 low:11 c1:10), 山本昌幸 休(14日5回)(不採用×21 主因 low:11 c3n:6), 福澤俊陽 Dﾃ(14日2回)(不採用×9 主因 c3n:4 c1:3), 福澤俊陽 休(14日5回)(不採用×15 主因 c3n:6 low:5), 佐藤直美 Dﾃ(14日2回)(不採用×18 主因 c3n:15 low:2), 佐藤直美 休(14日5回)(不採用×31 主因 c1:14 c3n:10), 吉江雄貴 Dﾃ(14日2回)(不採用×21 主因 c3n:13 c1:6), 吉江雄貴 休(14日5回)(不採用×26 主因 c1:14 c3n:7), 金沢勇輝 Dﾃ(14日2回)(不採用×14 主因 c3n:10 c1:3), 金沢勇輝 休(14日5回)(不採用×25 主因 low:10 c1:8), モニカ Dﾃ(14日2回)(不採用×16 主因 c3n:13 c1:3), モニカ 休(14日5回)(不採用×21 主因 low:11 c1:8), アリフ Dﾃ(14日2回)(不採用×11 主因 c3n:7 low:3), アリフ 休(14日5回)(不採用×25 主因 c1:9 low:8), 古泉 健一 Dﾃ(14日2回)(不採用×21 主因 c3n:16 low:3) / 結合候補: 手B×129 / 結合探索: 200通り試行/1ms→無駄打ち回避で早期終了
golden,60,3,on	30576	C1BeamPolish	期間要件(c1)研磨[ビーム K=16 steps=22/163ms/最良が20手更新されず打ち切り]: c1 82->82 / total 323->323 score 6237->6237 HARD 0->0 手数0 [探索結果が根に勝てず破棄]
golden,60,3,on	30593	C3mnPolish	回避パターン(c3mn)研磨: c3mn 4->4 / total 321->321 HARD 0->0 採用0回 [頭打ち=改善手なし] 不採用18件(ピン破り:2 重み悪化:16)(主因 c1:10 high:3 low:3) 残存: 吉江雄貴, 金沢勇輝, モニカ, アリフ / 結合候補: C3mnAlt×18 / 結合探索: 200通り試行/1ms→無駄打ち回避で早期終了
golden,60,3,on	33463	POST	後処理タイミング 総3381ms: HF80=13ms HF67=11ms HF66=1ms 巡回研磨(厳密日割当+c1/c3/range/apt/fair+曜日/交互)=1345ms C1共同LNS=1188ms 個人共同LNS=822ms 最終検査+HF70=1ms
golden,60,3,on	33463	POST	後処理パス別 計3375ms: C1共同LNS=1188ms(35%) 個人回数共同LNS=783ms(23%) C1時系列フロー=509ms(15%) C1広域ビーム=420ms(12%) ComponentRepair=152ms(4%) C1索引修復=65ms(1%) BlockRotationPolish=38ms(1%) C1同日交換=36ms(1%)
golden,60,3,off	28016	V6Dispatcher	完了 algorithm=RSI HARD=0 total=338 elapsed=28014ms
golden,60,3,off	30019	V6Dispatcher	完了 algorithm=ALNS HARD=0 total=338 elapsed=2003ms
golden,60,3,off	30086	C1Polish	期間要件(c1)研磨: c1 77->77 / total 336->336 HARD 0->0 採用0回(鏡像:0 自己:0 再配置:0) [頭打ち=改善手なし] 残存: 古泉 健一 休(14日5回)(不採用×32 主因 c1:19 c3n:11), 山本昌幸 Dﾃ(14日2回)(不採用×19 主因 c3n:15 c1:3), 山本昌幸 休(14日5回)(不採用×18 主因 c1:7 low:6), 福澤俊陽 Dﾃ(14日2回)(不採用×10 主因 c1:6 c3n:4), 福澤俊陽 休(14日5回)(不採用×19 主因 c1:11 c3n:6), 佐藤直美 Dﾃ(14日2回)(不採用×11 主因 c3n:9 c1:2), 佐藤直美 休(14日5回)(不採用×23 主因 c1:13 c3n:9), 吉江雄貴 Dﾃ(14日2回)(不採用×22 主因 c3n:15 c1:6), 吉江雄貴 休(14日5回)(不採用×28 主因 c1:11 low:9), 金沢勇輝 休(14日5回)(不採用×27 主因 low:10 c1:8), モニカ Dﾃ(14日2回)(不採用×16 主因 c3n:13 c1:2), モニカ 休(14日5回)(不採用×19 主因 c1:15 c3n:3), アリフ Dﾃ(14日2回)(不採用×10 主因 c3n:6 low:2), アリフ 休(14日5回)(不採用×13 主因 c1:7 low:3) / 結合候補: 手B×108 / 結合探索: 200通り試行/1ms→無駄打ち回避で早期終了
golden,60,3,off	30860	C1BeamPolish	期間要件(c1)研磨[ビーム K=16 steps=60/543ms]: c1 77->77 / total 336->336 score 6414->6414 HARD 0->0 手数0 [探索結果が根に勝てず破棄]
golden,60,3,off	30887	C3mnPolish	回避パターン(c3mn)研磨: c3mn 3->3 / total 343->343 HARD 0->0 採用0回 [頭打ち=改善手なし] 不採用7件(重み悪化:7)(主因 c1:4 high:3) 残存: 吉江雄貴, 金沢勇輝, アリフ / 結合候補: C3mnAlt×7 / 結合探索: 91通り試行/1ms
golden,60,3,off	30903	RangePolish	個人回数(low/high)玉突き研磨: low 8->8 / high 5->5 / total 343->343 HARD 0->0 採用0回（日割当:0 / 柔軟日割当:0） [頭打ち=改善手なし] 残存: 山本昌幸 有(range後回し×10・不採用×9 主因 c1:9・希望固定×6・候補なし×5・ピン破り×1), 古泉 健一 休(range後回し×12・候補なし×4・希望固定×3・不採用×3 主因 c3:2 c1:1), 山本昌幸 休(希望固定×20: 12/2・12/6・12/24・12/31・不採用×20 主因 c1:20・禁止連続×15・柔軟日割当候補なし×1・日割当候補なし×1), 山本昌幸 B4(range後回し×10・不採用×8 主因 c1:8・希望固定×6・候補なし×5・禁止連続×1・ピン破り×1), 福澤俊陽 B4(希望固定×12: 12/2・12/4・12/5・12/6・12/7・12/10ほか6日・不採用×7 主因 c1:6 c2:1・range後回し×5・候補なし×4・禁止連続×3), 桒澤美幸 休(希望固定×16: 12/6・12/11・12/13・12/17・12/23・12/29ほか2日・不採用×10 主因 c1:10・柔軟日割当候補なし×1・日割当候補なし×1), 吉江雄貴 B4(不採用×9 主因 c1:9・候補なし×6・希望固定×6・range後回し×6・禁止連続×4), 金沢勇輝 B4(希望固定×8: 12/1・12/3・12/4・12/8・12/18・12/21ほか2日・不採用×7 主因 c1:6 c3mn:1・range後回し×7・候補なし×5・禁止連続×4), モニカ 休(希望固定×30: 12/1・12/6・12/7・12/25・12/26・12/27・不採用×18 主因 c1:18・禁止連続×7・柔軟日割当候補なし×1・日割当候補なし×1), モニカ Dﾃ(禁止連続×12: 12/2・12/3・12/4・12/10・12/11・12/14ほか6日・希望固定×10・range後回し×4・不採用×2 主因 covO:1 c1:1), アリフ B4(不採用×11 主因 c1:9 c2:2・候補なし×6・希望固定×6・range後回し×5・禁止連続×3) / 結合候補: tryRelocate×165 / 結合探索: 200通り試行/1ms→無駄打ち回避で早期終了
golden,60,3,off	34086	POST	後処理タイミング 総4061ms: HF80=9ms HF67=9ms HF66=1ms 巡回研磨(厳密日割当+c1/c3/range/apt/fair+曜日/交互)=1928ms C1共同LNS=1562ms 個人共同LNS=551ms 最終検査+HF70=1ms
golden,60,3,off	34086	POST	後処理パス別 計4058ms: C1共同LNS=1562ms(38%) C1広域ビーム=1024ms(25%) 個人回数共同LNS=508ms(12%) C1時系列フロー=440ms(10%) ComponentRepair=174ms(4%) C1索引修復=57ms(1%) CyclicSwapPolish=41ms(1%) BlockRotationPolish=37ms(0%)
golden,60,3,off	34085	UnifiedCheck	合計=341 | HARD=0 [groupViol=0 c3n=0 covU=0 pref=0 c3w=0] | SOFT=341 [c1=75 c2=1 c3=37 c3m=37 c3mn=3 c42=6 covO=1 low=8 high=5 fair=2 weekly=166] (0ms)
golden,60,3,off	30086	C1Polish	期間要件(c1)研磨: c1 77->77 / total 336->336 HARD 0->0 採用0回(鏡像:0 自己:0 再配置:0) [頭打ち=改善手なし] 残存: 古泉 健一 休(14日5回)(不採用×32 主因 c1:19 c3n:11), 山本昌幸 Dﾃ(14日2回)(不採用×19 主因 c3n:15 c1:3), 山本昌幸 休(14日5回)(不採用×18 主因 c1:7 low:6), 福澤俊陽 Dﾃ(14日2回)(不採用×10 主因 c1:6 c3n:4), 福澤俊陽 休(14日5回)(不採用×19 主因 c1:11 c3n:6), 佐藤直美 Dﾃ(14日2回)(不採用×11 主因 c3n:9 c1:2), 佐藤直美 休(14日5回)(不採用×23 主因 c1:13 c3n:9), 吉江雄貴 Dﾃ(14日2回)(不採用×22 主因 c3n:15 c1:6), 吉江雄貴 休(14日5回)(不採用×28 主因 c1:11 low:9), 金沢勇輝 休(14日5回)(不採用×27 主因 low:10 c1:8), モニカ Dﾃ(14日2回)(不採用×16 主因 c3n:13 c1:2), モニカ 休(14日5回)(不採用×19 主因 c1:15 c3n:3), アリフ Dﾃ(14日2回)(不採用×10 主因 c3n:6 low:2), アリフ 休(14日5回)(不採用×13 主因 c1:7 low:3) / 結合候補: 手B×108 / 結合探索: 200通り試行/1ms→無駄打ち回避で早期終了
golden,60,3,off	30860	C1BeamPolish	期間要件(c1)研磨[ビーム K=16 steps=60/543ms]: c1 77->77 / total 336->336 score 6414->6414 HARD 0->0 手数0 [探索結果が根に勝てず破棄]
golden,60,3,off	30887	C3mnPolish	回避パターン(c3mn)研磨: c3mn 3->3 / total 343->343 HARD 0->0 採用0回 [頭打ち=改善手なし] 不採用7件(重み悪化:7)(主因 c1:4 high:3) 残存: 吉江雄貴, 金沢勇輝, アリフ / 結合候補: C3mnAlt×7 / 結合探索: 91通り試行/1ms
golden,60,3,off	30903	RangePolish	個人回数(low/high)玉突き研磨: low 8->8 / high 5->5 / total 343->343 HARD 0->0 採用0回（日割当:0 / 柔軟日割当:0） [頭打ち=改善手なし] 残存: 山本昌幸 有(range後回し×10・不採用×9 主因 c1:9・希望固定×6・候補なし×5・ピン破り×1), 古泉 健一 休(range後回し×12・候補なし×4・希望固定×3・不採用×3 主因 c3:2 c1:1), 山本昌幸 休(希望固定×20: 12/2・12/6・12/24・12/31・不採用×20 主因 c1:20・禁止連続×15・柔軟日割当候補なし×1・日割当候補なし×1), 山本昌幸 B4(range後回し×10・不採用×8 主因 c1:8・希望固定×6・候補なし×5・禁止連続×1・ピン破り×1), 福澤俊陽 B4(希望固定×12: 12/2・12/4・12/5・12/6・12/7・12/10ほか6日・不採用×7 主因 c1:6 c2:1・range後回し×5・候補なし×4・禁止連続×3), 桒澤美幸 休(希望固定×16: 12/6・12/11・12/13・12/17・12/23・12/29ほか2日・不採用×10 主因 c1:10・柔軟日割当候補なし×1・日割当候補なし×1), 吉江雄貴 B4(不採用×9 主因 c1:9・候補なし×6・希望固定×6・range後回し×6・禁止連続×4), 金沢勇輝 B4(希望固定×8: 12/1・12/3・12/4・12/8・12/18・12/21ほか2日・不採用×7 主因 c1:6 c3mn:1・range後回し×7・候補なし×5・禁止連続×4), モニカ 休(希望固定×30: 12/1・12/6・12/7・12/25・12/26・12/27・不採用×18 主因 c1:18・禁止連続×7・柔軟日割当候補なし×1・日割当候補なし×1), モニカ Dﾃ(禁止連続×12: 12/2・12/3・12/4・12/10・12/11・12/14ほか6日・希望固定×10・range後回し×4・不採用×2 主因 covO:1 c1:1), アリフ B4(不採用×11 主因 c1:9 c2:2・候補なし×6・希望固定×6・range後回し×5・禁止連続×3) / 結合候補: tryRelocate×165 / 結合探索: 200通り試行/1ms→無駄打ち回避で早期終了
golden,60,3,off	34086	POST	後処理タイミング 総4061ms: HF80=9ms HF67=9ms HF66=1ms 巡回研磨(厳密日割当+c1/c3/range/apt/fair+曜日/交互)=1928ms C1共同LNS=1562ms 個人共同LNS=551ms 最終検査+HF70=1ms
golden,60,3,off	34086	POST	後処理パス別 計4058ms: C1共同LNS=1562ms(38%) C1広域ビーム=1024ms(25%) 個人回数共同LNS=508ms(12%) C1時系列フロー=440ms(10%) ComponentRepair=174ms(4%) C1索引修復=57ms(1%) CyclicSwapPolish=41ms(1%) BlockRotationPolish=37ms(0%)
golden,120,1,on	39164	V6Dispatcher	完了 algorithm=RSI HARD=0 total=334 elapsed=39162ms
golden,120,1,on	42170	V6Dispatcher	完了 algorithm=ALNS HARD=0 total=334 elapsed=3007ms
golden,120,1,on	43437	C1BeamPolish	期間要件(c1)研磨[ビーム K=16 steps=22/490ms/最良が20手更新されず打ち切り]: c1 86->86 / total 331->331 score 6218->6218 HARD 0->0 手数0 [探索結果が根に勝てず破棄]
golden,120,1,on	43878	FairPolish	グループ内公平化(fair)研磨: fair 2->2 / total 331->331 HARD 0->0 採用0回 [頭打ち=改善手なし] 不採用21件(重み悪化:21)(主因 c1:8 low:8 c3mn:3) 残存: 山本昌幸 Dﾃ, 山本昌幸 Cｵ / 結合候補: FairChain×21 / 結合探索: 200通り試行/1ms→無駄打ち回避で早期終了
golden,120,1,on	49098	POST	後処理タイミング 総6875ms: HF80=13ms HF67=12ms HF66=1ms 巡回研磨(厳密日割当+c1/c3/range/apt/fair+曜日/交互)=1746ms C1共同LNS=3431ms 個人共同LNS=1671ms 最終検査+HF70=1ms
golden,120,1,on	49099	POST	後処理パス別 計6862ms: C1共同LNS=3431ms(50%) 個人回数共同LNS=1630ms(23%) C1時系列フロー=547ms(7%) C1広域ビーム=490ms(7%) C1厳密窓=170ms(2%) ComponentRepair=154ms(2%) AdaptiveBlockSwapPolish=142ms(2%) C1索引修復=91ms(1%)
golden,120,1,on	49098	UnifiedCheck	合計=326 | HARD=0 [groupViol=0 c3n=0 covU=0 pref=0 c3w=0] | SOFT=326 [c1=85 c3=34 c3m=33 c3mn=3 c42=7 low=4 high=3 fair=2 weekly=155] (0ms)
golden,120,1,on	43437	C1BeamPolish	期間要件(c1)研磨[ビーム K=16 steps=22/490ms/最良が20手更新されず打ち切り]: c1 86->86 / total 331->331 score 6218->6218 HARD 0->0 手数0 [探索結果が根に勝てず破棄]
golden,120,1,on	43878	FairPolish	グループ内公平化(fair)研磨: fair 2->2 / total 331->331 HARD 0->0 採用0回 [頭打ち=改善手なし] 不採用21件(重み悪化:21)(主因 c1:8 low:8 c3mn:3) 残存: 山本昌幸 Dﾃ, 山本昌幸 Cｵ / 結合候補: FairChain×21 / 結合探索: 200通り試行/1ms→無駄打ち回避で早期終了
golden,120,1,on	49098	POST	後処理タイミング 総6875ms: HF80=13ms HF67=12ms HF66=1ms 巡回研磨(厳密日割当+c1/c3/range/apt/fair+曜日/交互)=1746ms C1共同LNS=3431ms 個人共同LNS=1671ms 最終検査+HF70=1ms
golden,120,1,on	49099	POST	後処理パス別 計6862ms: C1共同LNS=3431ms(50%) 個人回数共同LNS=1630ms(23%) C1時系列フロー=547ms(7%) C1広域ビーム=490ms(7%) C1厳密窓=170ms(2%) ComponentRepair=154ms(2%) AdaptiveBlockSwapPolish=142ms(2%) C1索引修復=91ms(1%)
golden,120,1,off	37469	V6Dispatcher	完了 algorithm=RSI HARD=0 total=335 elapsed=37464ms
golden,120,1,off	40472	V6Dispatcher	完了 algorithm=ALNS HARD=0 total=335 elapsed=3003ms
golden,120,1,off	40548	C1Polish	期間要件(c1)研磨: c1 84->83 / total 336->335 HARD 0->0 採用1回(鏡像:0 自己:0 再配置:1) 残存: 古泉 健一 休(14日5回)(不採用×33 主因 c1:15 c3n:13), 山本昌幸 Dﾃ(14日2回)(不採用×29 主因 c3n:21 c1:5), 山本昌幸 休(14日5回)(不採用×27 主因 low:9 c1:9), 福澤俊陽 Dﾃ(14日2回)(不採用×7 主因 c3n:6 c1:1), 福澤俊陽 休(14日5回)(不採用×13 主因 c1:7 c3n:5), 佐藤直美 Dﾃ(14日2回)(不採用×12 主因 c3n:6 c1:4), 佐藤直美 休(14日5回)(不採用×14 主因 low:7 c3n:4), 吉江雄貴 Dﾃ(14日2回)(不採用×22 主因 c3n:16 low:4), 吉江雄貴 休(14日5回)(不採用×21 主因 c1:10 low:6), 金沢勇輝 Dﾃ(14日2回)(不採用×14 主因 c3n:11 low:1), 金沢勇輝 休(14日5回)(不採用×25 主因 c1:12 low:7), モニカ 休(14日5回)(不採用×18 主因 c1:9 low:5), アリフ Dﾃ(14日2回)(不採用×19 主因 c3n:11 c1:7), アリフ 休(14日5回)(不採用×26 主因 c1:13 low:7), 古泉 健一 Dﾃ(14日2回)(不採用×12 主因 c3n:5 c1:4) / 結合候補: 手B×118 / 結合探索: 200通り試行/1ms→無駄打ち回避で早期終了
golden,120,1,off	41369	C1BeamPolish	期間要件(c1)研磨[ビーム K=16 steps=60/566ms]: c1 83->83 / total 335->335 score 6233->6233 HARD 0->0 手数0 [探索結果が根に勝てず破棄]
golden,120,1,off	45057	POST	後処理タイミング 総4578ms: HF80=12ms HF67=11ms HF66=1ms 巡回研磨(厳密日割当+c1/c3/range/apt/fair+曜日/交互)=1935ms C1共同LNS=1531ms 個人共同LNS=1088ms 最終検査+HF70=0ms
golden,120,1,off	45057	POST	後処理パス別 計4571ms: C1共同LNS=1531ms(33%) 個人回数共同LNS=1035ms(22%) C1広域ビーム=759ms(16%) C1時系列フロー=450ms(9%) ComponentRepair=257ms(5%) C1厳密窓=112ms(2%) C1索引修復=81ms(1%) AdaptiveBlockSwapPolish=51ms(1%)
golden,120,1,off	45057	UnifiedCheck	合計=328 | HARD=0 [groupViol=0 c3n=0 covU=0 pref=0 c3w=0] | SOFT=328 [c1=80 c2=1 c3=33 c3m=35 c3mn=2 c42=8 low=5 high=5 fair=2 weekly=157] (0ms)
golden,120,1,off	40548	C1Polish	期間要件(c1)研磨: c1 84->83 / total 336->335 HARD 0->0 採用1回(鏡像:0 自己:0 再配置:1) 残存: 古泉 健一 休(14日5回)(不採用×33 主因 c1:15 c3n:13), 山本昌幸 Dﾃ(14日2回)(不採用×29 主因 c3n:21 c1:5), 山本昌幸 休(14日5回)(不採用×27 主因 low:9 c1:9), 福澤俊陽 Dﾃ(14日2回)(不採用×7 主因 c3n:6 c1:1), 福澤俊陽 休(14日5回)(不採用×13 主因 c1:7 c3n:5), 佐藤直美 Dﾃ(14日2回)(不採用×12 主因 c3n:6 c1:4), 佐藤直美 休(14日5回)(不採用×14 主因 low:7 c3n:4), 吉江雄貴 Dﾃ(14日2回)(不採用×22 主因 c3n:16 low:4), 吉江雄貴 休(14日5回)(不採用×21 主因 c1:10 low:6), 金沢勇輝 Dﾃ(14日2回)(不採用×14 主因 c3n:11 low:1), 金沢勇輝 休(14日5回)(不採用×25 主因 c1:12 low:7), モニカ 休(14日5回)(不採用×18 主因 c1:9 low:5), アリフ Dﾃ(14日2回)(不採用×19 主因 c3n:11 c1:7), アリフ 休(14日5回)(不採用×26 主因 c1:13 low:7), 古泉 健一 Dﾃ(14日2回)(不採用×12 主因 c3n:5 c1:4) / 結合候補: 手B×118 / 結合探索: 200通り試行/1ms→無駄打ち回避で早期終了
golden,120,1,off	41369	C1BeamPolish	期間要件(c1)研磨[ビーム K=16 steps=60/566ms]: c1 83->83 / total 335->335 score 6233->6233 HARD 0->0 手数0 [探索結果が根に勝てず破棄]
golden,120,1,off	45057	POST	後処理タイミング 総4578ms: HF80=12ms HF67=11ms HF66=1ms 巡回研磨(厳密日割当+c1/c3/range/apt/fair+曜日/交互)=1935ms C1共同LNS=1531ms 個人共同LNS=1088ms 最終検査+HF70=0ms
golden,120,1,off	45057	POST	後処理パス別 計4571ms: C1共同LNS=1531ms(33%) 個人回数共同LNS=1035ms(22%) C1広域ビーム=759ms(16%) C1時系列フロー=450ms(9%) ComponentRepair=257ms(5%) C1厳密窓=112ms(2%) C1索引修復=81ms(1%) AdaptiveBlockSwapPolish=51ms(1%)
golden,120,2,off	35735	V6Dispatcher	完了 algorithm=RSI HARD=0 total=329 elapsed=35735ms
golden,120,2,off	51100	V6Dispatcher	完了 algorithm=ALNS HARD=0 total=323 elapsed=15364ms
golden,120,2,off	51761	C1BeamPolish	期間要件(c1)研磨[ビーム K=16 steps=21/195ms/最良が20手更新されず打ち切り]: c1 83->83 / total 323->323 score 5969->5969 HARD 0->0 手数0 [探索結果が根に勝てず破棄]
golden,120,2,off	55265	POST	後処理タイミング 総4063ms: HF80=12ms HF67=10ms HF66=1ms 巡回研磨(厳密日割当+c1/c3/range/apt/fair+曜日/交互)=1496ms C1共同LNS=1504ms 個人共同LNS=1040ms 最終検査+HF70=0ms
golden,120,2,off	55265	POST	後処理パス別 計4059ms: C1共同LNS=1504ms(37%) 個人回数共同LNS=1009ms(24%) C1時系列フロー=497ms(12%) C1広域ビーム=388ms(9%) ComponentRepair=215ms(5%) C1厳密窓=109ms(2%) C1索引修復=96ms(2%) C1同日交換=34ms(0%)
golden,120,2,off	55265	UnifiedCheck	合計=322 | HARD=0 [groupViol=0 c3n=0 covU=0 pref=0 c3w=0] | SOFT=322 [c1=80 c2=1 c3=36 c3m=36 c3mn=1 c42=9 low=4 high=3 fair=1 weekly=151] (0ms)
golden,120,2,off	51761	C1BeamPolish	期間要件(c1)研磨[ビーム K=16 steps=21/195ms/最良が20手更新されず打ち切り]: c1 83->83 / total 323->323 score 5969->5969 HARD 0->0 手数0 [探索結果が根に勝てず破棄]
golden,120,2,off	55265	POST	後処理タイミング 総4063ms: HF80=12ms HF67=10ms HF66=1ms 巡回研磨(厳密日割当+c1/c3/range/apt/fair+曜日/交互)=1496ms C1共同LNS=1504ms 個人共同LNS=1040ms 最終検査+HF70=0ms
golden,120,2,off	55265	POST	後処理パス別 計4059ms: C1共同LNS=1504ms(37%) 個人回数共同LNS=1009ms(24%) C1時系列フロー=497ms(12%) C1広域ビーム=388ms(9%) ComponentRepair=215ms(5%) C1厳密窓=109ms(2%) C1索引修復=96ms(2%) C1同日交換=34ms(0%)
golden,120,2,on	40587	V6Dispatcher	完了 algorithm=RSI HARD=0 total=338 elapsed=40585ms
golden,120,2,on	43591	V6Dispatcher	完了 algorithm=ALNS HARD=0 total=338 elapsed=3005ms
golden,120,2,on	44657	C1BeamPolish	期間要件(c1)研磨[ビーム K=16 steps=60/554ms]: c1 82->82 / total 337->337 score 6386->6386 HARD 0->0 手数0 [探索結果が根に勝てず破棄]
golden,120,2,on	48614	POST	後処理タイミング 総4910ms: HF80=12ms HF67=10ms HF66=1ms 巡回研磨(厳密日割当+c1/c3/range/apt/fair+曜日/交互)=2228ms C1共同LNS=1506ms 個人共同LNS=1153ms 最終検査+HF70=0ms
golden,120,2,on	48614	POST	後処理パス別 計4906ms: C1共同LNS=1506ms(30%) 個人回数共同LNS=1110ms(22%) C1広域ビーム=1098ms(22%) C1時系列フロー=547ms(11%) ComponentRepair=220ms(4%) BlockRotationPolish=93ms(1%) C1索引修復=77ms(1%) C1同日交換=49ms(0%)
golden,120,2,on	48614	UnifiedCheck	合計=331 | HARD=0 [groupViol=0 c3n=0 covU=0 pref=0 c3w=0] | SOFT=331 [c1=82 c2=1 c3=31 c3m=34 c3mn=4 c42=7 covO=1 low=6 high=4 weekly=161] (0ms)
golden,120,2,on	44657	C1BeamPolish	期間要件(c1)研磨[ビーム K=16 steps=60/554ms]: c1 82->82 / total 337->337 score 6386->6386 HARD 0->0 手数0 [探索結果が根に勝てず破棄]
golden,120,2,on	48614	POST	後処理タイミング 総4910ms: HF80=12ms HF67=10ms HF66=1ms 巡回研磨(厳密日割当+c1/c3/range/apt/fair+曜日/交互)=2228ms C1共同LNS=1506ms 個人共同LNS=1153ms 最終検査+HF70=0ms
golden,120,2,on	48614	POST	後処理パス別 計4906ms: C1共同LNS=1506ms(30%) 個人回数共同LNS=1110ms(22%) C1広域ビーム=1098ms(22%) C1時系列フロー=547ms(11%) ComponentRepair=220ms(4%) BlockRotationPolish=93ms(1%) C1索引修復=77ms(1%) C1同日交換=49ms(0%)
golden,120,3,on	38764	V6Dispatcher	完了 algorithm=RSI HARD=0 total=317 elapsed=38472ms
golden,120,3,on	55027	V6Dispatcher	完了 algorithm=ALNS HARD=0 total=319 elapsed=16263ms
golden,120,3,on	55331	C1Polish	期間要件(c1)研磨: c1 76->76 / total 319->319 HARD 0->0 採用0回(鏡像:0 自己:0 再配置:0) [頭打ち=改善手なし] 残存: 古泉 健一 休(14日5回)(不採用×34 主因 c1:22 c3n:10), 山本昌幸 Dﾃ(14日2回)(不採用×20 主因 c3n:16 c1:3), 山本昌幸 休(14日5回)(不採用×19 主因 c1:8 low:6), 福澤俊陽 Dﾃ(14日2回)(不採用×8 主因 c3n:6 c1:2), 福澤俊陽 休(14日5回)(不採用×12 主因 c1:6 c3n:5), 佐藤直美 休(14日5回)(不採用×14 主因 low:6 c1:4), 吉江雄貴 Dﾃ(14日2回)(不採用×16 主因 c3n:14 high:1), 吉江雄貴 休(14日5回)(不採用×24 主因 low:11 c1:7), 金沢勇輝 Dﾃ(14日2回)(不採用×17 主因 c3n:12 c1:3), 金沢勇輝 休(14日5回)(不採用×20 主因 c1:10 low:5), モニカ Dﾃ(14日2回)(不採用×16 主因 c3n:13 c1:3), モニカ 休(14日5回)(不採用×23 主因 c1:13 low:6), アリフ Dﾃ(14日2回)(不採用×9 主因 low:4 c3n:3), アリフ 休(14日5回)(不採用×26 主因 c1:11 low:8), 古泉 健一 Dﾃ(14日2回)(不採用×12 主因 c3n:10 low:1) / 結合候補: 手B×112 / 結合探索: 200通り試行/2ms→無駄打ち回避で早期終了
golden,120,3,on	56161	C1BeamPolish	期間要件(c1)研磨[ビーム K=16 steps=21/319ms/最良が20手更新されず打ち切り]: c1 76->76 / total 319->319 score 6020->6020 HARD 0->0 手数0 [探索結果が根に勝てず破棄]
golden,120,3,on	59342	POST	後処理タイミング 総4155ms: HF80=54ms HF67=13ms HF66=2ms 巡回研磨(厳密日割当+c1/c3/range/apt/fair+曜日/交互)=1341ms C1共同LNS=1507ms 個人共同LNS=1237ms 最終検査+HF70=1ms
golden,120,3,on	59346	POST	後処理パス別 計4114ms: C1共同LNS=1506ms(36%) 個人回数共同LNS=1066ms(25%) C1時系列フロー=461ms(11%) C1広域ビーム=323ms(7%) ComponentRepair=300ms(7%) AnchoredWindowSwap=67ms(1%) HF80StrategicOscillation=51ms(1%) BlockRotationPolish=48ms(1%)
golden,120,3,on	59339	UnifiedCheck	合計=319 | HARD=0 [groupViol=0 c3n=0 covU=0 pref=0 c3w=0] | SOFT=319 [c1=76 c3=34 c3m=37 c3mn=2 c42=7 covO=3 low=7 high=3 fair=2 weekly=148] (0ms)
golden,120,3,on	55331	C1Polish	期間要件(c1)研磨: c1 76->76 / total 319->319 HARD 0->0 採用0回(鏡像:0 自己:0 再配置:0) [頭打ち=改善手なし] 残存: 古泉 健一 休(14日5回)(不採用×34 主因 c1:22 c3n:10), 山本昌幸 Dﾃ(14日2回)(不採用×20 主因 c3n:16 c1:3), 山本昌幸 休(14日5回)(不採用×19 主因 c1:8 low:6), 福澤俊陽 Dﾃ(14日2回)(不採用×8 主因 c3n:6 c1:2), 福澤俊陽 休(14日5回)(不採用×12 主因 c1:6 c3n:5), 佐藤直美 休(14日5回)(不採用×14 主因 low:6 c1:4), 吉江雄貴 Dﾃ(14日2回)(不採用×16 主因 c3n:14 high:1), 吉江雄貴 休(14日5回)(不採用×24 主因 low:11 c1:7), 金沢勇輝 Dﾃ(14日2回)(不採用×17 主因 c3n:12 c1:3), 金沢勇輝 休(14日5回)(不採用×20 主因 c1:10 low:5), モニカ Dﾃ(14日2回)(不採用×16 主因 c3n:13 c1:3), モニカ 休(14日5回)(不採用×23 主因 c1:13 low:6), アリフ Dﾃ(14日2回)(不採用×9 主因 low:4 c3n:3), アリフ 休(14日5回)(不採用×26 主因 c1:11 low:8), 古泉 健一 Dﾃ(14日2回)(不採用×12 主因 c3n:10 low:1) / 結合候補: 手B×112 / 結合探索: 200通り試行/2ms→無駄打ち回避で早期終了
golden,120,3,on	56161	C1BeamPolish	期間要件(c1)研磨[ビーム K=16 steps=21/319ms/最良が20手更新されず打ち切り]: c1 76->76 / total 319->319 score 6020->6020 HARD 0->0 手数0 [探索結果が根に勝てず破棄]
golden,120,3,on	59342	POST	後処理タイミング 総4155ms: HF80=54ms HF67=13ms HF66=2ms 巡回研磨(厳密日割当+c1/c3/range/apt/fair+曜日/交互)=1341ms C1共同LNS=1507ms 個人共同LNS=1237ms 最終検査+HF70=1ms
golden,120,3,on	59346	POST	後処理パス別 計4114ms: C1共同LNS=1506ms(36%) 個人回数共同LNS=1066ms(25%) C1時系列フロー=461ms(11%) C1広域ビーム=323ms(7%) ComponentRepair=300ms(7%) AnchoredWindowSwap=67ms(1%) HF80StrategicOscillation=51ms(1%) BlockRotationPolish=48ms(1%)
golden,120,3,off	39260	V6Dispatcher	完了 algorithm=RSI HARD=0 total=318 elapsed=39258ms
golden,120,3,off	55229	V6Dispatcher	完了 algorithm=ALNS HARD=0 total=314 elapsed=15970ms
golden,120,3,off	55414	C1Polish	期間要件(c1)研磨: c1 86->86 / total 314->314 HARD 0->0 採用0回(鏡像:0 自己:0 再配置:0) [頭打ち=改善手なし] 残存: 古泉 健一 休(14日5回)(不採用×33 主因 low:16 c3n:9), 山本昌幸 Dﾃ(14日2回)(不採用×18 主因 c3n:15 low:2), 山本昌幸 休(14日5回)(不採用×20 主因 low:9 c3n:7), 福澤俊陽 Dﾃ(14日2回)(不採用×8 主因 c1:5 c3n:3), 福澤俊陽 休(14日5回)(不採用×11 主因 low:8 c3n:2), 佐藤直美 Dﾃ(14日2回)(不採用×15 主因 c3n:13 c1:2), 佐藤直美 休(14日5回)(不採用×31 主因 low:13 c1:12), 吉江雄貴 Dﾃ(14日2回)(不採用×24 主因 c3n:15 low:6), 吉江雄貴 休(14日5回)(不採用×26 主因 low:14 c3n:7), 金沢勇輝 Dﾃ(14日2回)(不採用×17 主因 c3n:14 c1:2), 金沢勇輝 休(14日5回)(不採用×21 主因 c1:8 low:7), モニカ 休(14日5回)(不採用×25 主因 low:10 c1:9), アリフ Dﾃ(14日2回)(不採用×9 主因 low:4 c3n:4), アリフ 休(14日5回)(不採用×24 主因 low:9 c1:8), 古泉 健一 Dﾃ(14日2回)(不採用×12 主因 c3n:8 low:2) / 結合候補: 手B×121 / 結合探索: 200通り試行/1ms→無駄打ち回避で早期終了
golden,120,3,off	56199	C1BeamPolish	期間要件(c1)研磨[ビーム K=16 steps=44/456ms/最良が20手更新されず打ち切り]: c1 86->86 / total 314->314 score 6171->6171 HARD 0->0 手数0 [探索結果が根に勝てず破棄]
golden,120,3,off	61925	C1JointLNS	期間要件(c1)共同LNS: c1 84->84 (構造下限≥0, 改善可能幅進捗0%, 50%目標=未達) / total 322->322 HARD 0->0 採用0束 手数0 restart2 展開157 候補70568 debt除外32086(必須4395 合計23681 c1 4010 必須の主因 covU:4395) 重複除外8052 停止=最良が4000ms更新されず打ち切り [頭打ち=正式目的を改善するC1減少束なし]
golden,120,3,off	63306	POST	後処理タイミング 総7964ms: HF80=15ms HF67=11ms HF66=0ms 巡回研磨(厳密日割当+c1/c3/range/apt/fair+曜日/交互)=1048ms C1共同LNS=5508ms 個人共同LNS=1381ms 最終検査+HF70=1ms
golden,120,3,off	63306	POST	後処理パス別 計7954ms: C1共同LNS=5508ms(69%) 個人回数共同LNS=1339ms(16%) C1広域ビーム=456ms(5%) C1時系列フロー=273ms(3%) ComponentRepair=153ms(1%) C1索引修復=56ms(0%) BlockRotationPolish=41ms(0%) C1同日交換=21ms(0%)
golden,120,3,off	63306	UnifiedCheck	合計=321 | HARD=0 [groupViol=0 c3n=0 covU=0 pref=0 c3w=0] | SOFT=321 [c1=84 c3=31 c3m=35 c3mn=2 c42=7 covO=1 low=5 high=5 fair=3 weekly=148] (0ms)
golden,120,3,off	55414	C1Polish	期間要件(c1)研磨: c1 86->86 / total 314->314 HARD 0->0 採用0回(鏡像:0 自己:0 再配置:0) [頭打ち=改善手なし] 残存: 古泉 健一 休(14日5回)(不採用×33 主因 low:16 c3n:9), 山本昌幸 Dﾃ(14日2回)(不採用×18 主因 c3n:15 low:2), 山本昌幸 休(14日5回)(不採用×20 主因 low:9 c3n:7), 福澤俊陽 Dﾃ(14日2回)(不採用×8 主因 c1:5 c3n:3), 福澤俊陽 休(14日5回)(不採用×11 主因 low:8 c3n:2), 佐藤直美 Dﾃ(14日2回)(不採用×15 主因 c3n:13 c1:2), 佐藤直美 休(14日5回)(不採用×31 主因 low:13 c1:12), 吉江雄貴 Dﾃ(14日2回)(不採用×24 主因 c3n:15 low:6), 吉江雄貴 休(14日5回)(不採用×26 主因 low:14 c3n:7), 金沢勇輝 Dﾃ(14日2回)(不採用×17 主因 c3n:14 c1:2), 金沢勇輝 休(14日5回)(不採用×21 主因 c1:8 low:7), モニカ 休(14日5回)(不採用×25 主因 low:10 c1:9), アリフ Dﾃ(14日2回)(不採用×9 主因 low:4 c3n:4), アリフ 休(14日5回)(不採用×24 主因 low:9 c1:8), 古泉 健一 Dﾃ(14日2回)(不採用×12 主因 c3n:8 low:2) / 結合候補: 手B×121 / 結合探索: 200通り試行/1ms→無駄打ち回避で早期終了
golden,120,3,off	56199	C1BeamPolish	期間要件(c1)研磨[ビーム K=16 steps=44/456ms/最良が20手更新されず打ち切り]: c1 86->86 / total 314->314 score 6171->6171 HARD 0->0 手数0 [探索結果が根に勝てず破棄]
golden,120,3,off	61925	C1JointLNS	期間要件(c1)共同LNS: c1 84->84 (構造下限≥0, 改善可能幅進捗0%, 50%目標=未達) / total 322->322 HARD 0->0 採用0束 手数0 restart2 展開157 候補70568 debt除外32086(必須4395 合計23681 c1 4010 必須の主因 covU:4395) 重複除外8052 停止=最良が4000ms更新されず打ち切り [頭打ち=正式目的を改善するC1減少束なし]
golden,120,3,off	63306	POST	後処理タイミング 総7964ms: HF80=15ms HF67=11ms HF66=0ms 巡回研磨(厳密日割当+c1/c3/range/apt/fair+曜日/交互)=1048ms C1共同LNS=5508ms 個人共同LNS=1381ms 最終検査+HF70=1ms
golden,120,3,off	63306	POST	後処理パス別 計7954ms: C1共同LNS=5508ms(69%) 個人回数共同LNS=1339ms(16%) C1広域ビーム=456ms(5%) C1時系列フロー=273ms(3%) ComponentRepair=153ms(1%) C1索引修復=56ms(0%) BlockRotationPolish=41ms(0%) C1同日交換=21ms(0%)
