golden,60,1,all	c1=70 c2=1 c3=34 c3n=0 c3m=37 c3mn=3 c41=0 c42=5 c41s=0 c42s=0 covU=0 covO=2 pref=0 low=7 high=5 groupViol=0 apt=0 fair=1 weekly=161 c3w=0
golden,60,1,c1	c1=87 c2=0 c3=32 c3n=0 c3m=32 c3mn=2 c41=0 c42=9 c41s=0 c42s=0 covU=0 covO=0 pref=0 low=5 high=3 groupViol=0 apt=0 fair=3 weekly=146 c3w=0
golden,60,1,off	c1=83 c2=2 c3=29 c3n=0 c3m=32 c3mn=4 c41=0 c42=5 c41s=0 c42s=0 covU=0 covO=1 pref=0 low=5 high=4 groupViol=0 apt=0 fair=3 weekly=153 c3w=0
golden,60,2,off	c1=88 c2=0 c3=31 c3n=0 c3m=36 c3mn=4 c41=0 c42=7 c41s=0 c42s=0 covU=0 covO=0 pref=0 low=4 high=3 groupViol=0 apt=0 fair=1 weekly=139 c3w=0
golden,60,2,c1	c1=82 c2=2 c3=35 c3n=0 c3m=42 c3mn=3 c41=0 c42=5 c41s=0 c42s=0 covU=0 covO=2 pref=0 low=6 high=3 groupViol=0 apt=0 fair=0 weekly=148 c3w=0
golden,60,2,all	c1=82 c2=1 c3=31 c3n=0 c3m=33 c3mn=1 c41=0 c42=9 c41s=0 c42s=0 covU=0 covO=2 pref=0 low=6 high=4 groupViol=0 apt=0 fair=2 weekly=154 c3w=0
golden,60,3,all	c1=75 c2=2 c3=33 c3n=0 c3m=44 c3mn=4 c41=0 c42=6 c41s=0 c42s=0 covU=0 covO=1 pref=0 low=7 high=6 groupViol=0 apt=0 fair=2 weekly=143 c3w=0
golden,60,3,c1	c1=86 c2=0 c3=28 c3n=0 c3m=43 c3mn=4 c41=0 c42=6 c41s=0 c42s=0 covU=0 covO=2 pref=0 low=6 high=5 groupViol=0 apt=0 fair=3 weekly=129 c3w=0
golden,60,3,off	c1=64 c2=3 c3=37 c3n=0 c3m=36 c3mn=2 c41=0 c42=10 c41s=0 c42s=0 covU=0 covO=4 pref=0 low=8 high=6 groupViol=0 apt=0 fair=2 weekly=152 c3w=0
golden,120,1,all	c1=78 c2=2 c3=35 c3n=0 c3m=42 c3mn=3 c41=0 c42=6 c41s=0 c42s=0 covU=0 covO=2 pref=0 low=7 high=4 groupViol=0 apt=0 fair=2 weekly=157 c3w=0
golden,120,1,c1	c1=76 c2=0 c3=31 c3n=0 c3m=36 c3mn=3 c41=0 c42=9 c41s=0 c42s=0 covU=0 covO=0 pref=0 low=4 high=3 groupViol=0 apt=0 fair=2 weekly=162 c3w=0
golden,120,1,off	c1=80 c2=1 c3=36 c3n=0 c3m=33 c3mn=2 c41=0 c42=10 c41s=0 c42s=0 covU=0 covO=2 pref=0 low=6 high=3 groupViol=0 apt=0 fair=1 weekly=158 c3w=0
golden,120,2,off	c1=82 c2=1 c3=34 c3n=0 c3m=38 c3mn=3 c41=0 c42=8 c41s=0 c42s=0 covU=0 covO=0 pref=0 low=6 high=5 groupViol=0 apt=0 fair=2 weekly=139 c3w=0
golden,120,2,c1	c1=77 c2=0 c3=36 c3n=0 c3m=33 c3mn=3 c41=0 c42=8 c41s=0 c42s=0 covU=0 covO=1 pref=0 low=5 high=3 groupViol=0 apt=0 fair=2 weekly=143 c3w=0
golden,120,2,all	c1=79 c2=1 c3=29 c3n=0 c3m=38 c3mn=3 c41=0 c42=7 c41s=0 c42s=0 covU=0 covO=1 pref=0 low=5 high=3 groupViol=0 apt=0 fair=2 weekly=161 c3w=0
golden,120,3,all	c1=83 c2=1 c3=30 c3n=0 c3m=37 c3mn=2 c41=0 c42=7 c41s=0 c42s=0 covU=0 covO=2 pref=0 low=7 high=5 groupViol=0 apt=0 fair=1 weekly=142 c3w=0
golden,120,3,c1	c1=78 c2=3 c3=32 c3n=0 c3m=41 c3mn=3 c41=0 c42=6 c41s=0 c42s=0 covU=0 covO=2 pref=0 low=7 high=5 groupViol=0 apt=0 fair=3 weekly=151 c3w=0
golden,120,3,off	c1=88 c2=0 c3=24 c3n=0 c3m=32 c3mn=2 c41=0 c42=8 c41s=0 c42s=0 covU=0 covO=1 pref=0 low=5 high=3 groupViol=0 apt=0 fair=4 weekly=149 c3w=0
sept2026,60,1,all	c1=79 c2=0 c3=0 c3n=0 c3m=62 c3mn=0 c41=0 c42=3 c41s=0 c42s=0 covU=0 covO=23 pref=0 low=0 high=8 groupViol=0 apt=5 fair=17 weekly=202 c3w=0
sept2026,60,1,c1	c1=79 c2=0 c3=0 c3n=0 c3m=62 c3mn=0 c41=0 c42=3 c41s=0 c42s=0 covU=0 covO=23 pref=0 low=0 high=8 groupViol=0 apt=5 fair=17 weekly=202 c3w=0
sept2026,60,1,off	c1=69 c2=0 c3=0 c3n=0 c3m=59 c3mn=1 c41=0 c42=4 c41s=0 c42s=0 covU=0 covO=23 pref=0 low=1 high=9 groupViol=0 apt=6 fair=19 weekly=210 c3w=0
sept2026,60,2,off	c1=65 c2=0 c3=0 c3n=0 c3m=58 c3mn=1 c41=0 c42=4 c41s=0 c42s=0 covU=0 covO=24 pref=0 low=2 high=10 groupViol=0 apt=7 fair=17 weekly=213 c3w=0
sept2026,60,2,c1	c1=69 c2=0 c3=0 c3n=0 c3m=59 c3mn=1 c41=0 c42=4 c41s=0 c42s=0 covU=0 covO=23 pref=0 low=1 high=9 groupViol=0 apt=6 fair=19 weekly=210 c3w=0
sept2026,60,2,all	c1=79 c2=0 c3=0 c3n=0 c3m=62 c3mn=0 c41=0 c42=3 c41s=0 c42s=0 covU=0 covO=23 pref=0 low=0 high=8 groupViol=0 apt=5 fair=17 weekly=202 c3w=0
sept2026,60,3,all	c1=79 c2=0 c3=0 c3n=0 c3m=62 c3mn=0 c41=0 c42=3 c41s=0 c42s=0 covU=0 covO=23 pref=0 low=0 high=8 groupViol=0 apt=5 fair=17 weekly=202 c3w=0
sept2026,60,3,c1	c1=79 c2=0 c3=0 c3n=0 c3m=62 c3mn=0 c41=0 c42=3 c41s=0 c42s=0 covU=0 covO=23 pref=0 low=0 high=8 groupViol=0 apt=5 fair=17 weekly=202 c3w=0
sept2026,60,3,off	c1=79 c2=0 c3=0 c3n=0 c3m=62 c3mn=0 c41=0 c42=3 c41s=0 c42s=0 covU=0 covO=23 pref=0 low=0 high=8 groupViol=0 apt=5 fair=17 weekly=202 c3w=0
sept2026,120,1,all	c1=79 c2=0 c3=0 c3n=0 c3m=62 c3mn=0 c41=0 c42=3 c41s=0 c42s=0 covU=0 covO=23 pref=0 low=0 high=8 groupViol=0 apt=5 fair=17 weekly=202 c3w=0
sept2026,120,1,c1	c1=69 c2=0 c3=0 c3n=0 c3m=59 c3mn=1 c41=0 c42=4 c41s=0 c42s=0 covU=0 covO=23 pref=0 low=1 high=9 groupViol=0 apt=6 fair=19 weekly=210 c3w=0
sept2026,120,1,off	c1=79 c2=0 c3=0 c3n=0 c3m=62 c3mn=0 c41=0 c42=3 c41s=0 c42s=0 covU=0 covO=23 pref=0 low=0 high=8 groupViol=0 apt=5 fair=17 weekly=202 c3w=0
sept2026,120,2,off	c1=69 c2=0 c3=0 c3n=0 c3m=59 c3mn=1 c41=0 c42=4 c41s=0 c42s=0 covU=0 covO=23 pref=0 low=1 high=9 groupViol=0 apt=6 fair=19 weekly=210 c3w=0
sept2026,120,2,c1	c1=79 c2=0 c3=0 c3n=0 c3m=62 c3mn=0 c41=0 c42=3 c41s=0 c42s=0 covU=0 covO=23 pref=0 low=0 high=8 groupViol=0 apt=5 fair=17 weekly=202 c3w=0
sept2026,120,2,all	c1=79 c2=0 c3=0 c3n=0 c3m=62 c3mn=0 c41=0 c42=3 c41s=0 c42s=0 covU=0 covO=23 pref=0 low=0 high=8 groupViol=0 apt=5 fair=17 weekly=202 c3w=0
sept2026,120,3,all	c1=69 c2=0 c3=0 c3n=0 c3m=59 c3mn=1 c41=0 c42=4 c41s=0 c42s=0 covU=0 covO=23 pref=0 low=1 high=9 groupViol=0 apt=6 fair=19 weekly=209 c3w=0
sept2026,120,3,c1	c1=65 c2=0 c3=0 c3n=0 c3m=58 c3mn=1 c41=0 c42=3 c41s=0 c42s=0 covU=0 covO=24 pref=0 low=2 high=10 groupViol=0 apt=7 fair=17 weekly=208 c3w=0
sept2026,120,3,off	c1=69 c2=0 c3=0 c3n=0 c3m=59 c3mn=1 c41=0 c42=4 c41s=0 c42s=0 covU=0 covO=23 pref=0 low=1 high=9 groupViol=0 apt=6 fair=19 weekly=210 c3w=0
blocked_covu,60,1,all	c1=61 c2=0 c3=0 c3n=1 c3m=12 c3mn=7 c41=0 c42=5 c41s=0 c42s=0 covU=3 covO=2 pref=0 low=2 high=3 groupViol=0 apt=0 fair=14 weekly=194 c3w=0
blocked_covu,60,1,c1	c1=56 c2=0 c3=0 c3n=1 c3m=13 c3mn=4 c41=0 c42=4 c41s=0 c42s=0 covU=3 covO=4 pref=0 low=3 high=4 groupViol=0 apt=0 fair=13 weekly=200 c3w=0
blocked_covu,60,1,off	c1=56 c2=0 c3=0 c3n=1 c3m=8 c3mn=5 c41=0 c42=7 c41s=0 c42s=0 covU=3 covO=2 pref=0 low=5 high=5 groupViol=0 apt=0 fair=9 weekly=207 c3w=0
blocked_covu,60,2,off	c1=54 c2=0 c3=0 c3n=1 c3m=16 c3mn=3 c41=0 c42=7 c41s=0 c42s=0 covU=3 covO=2 pref=0 low=4 high=4 groupViol=0 apt=0 fair=11 weekly=201 c3w=0
blocked_covu,60,2,c1	c1=55 c2=0 c3=0 c3n=0 c3m=8 c3mn=4 c41=0 c42=5 c41s=0 c42s=0 covU=4 covO=3 pref=0 low=3 high=3 groupViol=0 apt=0 fair=10 weekly=190 c3w=0
blocked_covu,60,2,all	c1=52 c2=0 c3=0 c3n=1 c3m=10 c3mn=5 c41=0 c42=6 c41s=0 c42s=0 covU=3 covO=2 pref=0 low=3 high=3 groupViol=0 apt=0 fair=16 weekly=208 c3w=0
blocked_covu,60,3,all	c1=56 c2=0 c3=0 c3n=1 c3m=10 c3mn=5 c41=0 c42=4 c41s=0 c42s=0 covU=3 covO=2 pref=0 low=3 high=3 groupViol=0 apt=0 fair=11 weekly=196 c3w=0
blocked_covu,60,3,c1	c1=49 c2=0 c3=0 c3n=1 c3m=8 c3mn=5 c41=0 c42=4 c41s=0 c42s=0 covU=3 covO=4 pref=0 low=4 high=4 groupViol=0 apt=0 fair=11 weekly=198 c3w=0
blocked_covu,60,3,off	c1=51 c2=0 c3=0 c3n=1 c3m=10 c3mn=4 c41=0 c42=8 c41s=0 c42s=0 covU=3 covO=2 pref=0 low=3 high=3 groupViol=0 apt=0 fair=12 weekly=198 c3w=0
blocked_covu,120,1,all	c1=59 c2=0 c3=0 c3n=1 c3m=12 c3mn=5 c41=0 c42=5 c41s=0 c42s=0 covU=3 covO=2 pref=0 low=5 high=5 groupViol=0 apt=0 fair=11 weekly=204 c3w=0
blocked_covu,120,1,c1	c1=47 c2=0 c3=0 c3n=1 c3m=7 c3mn=6 c41=0 c42=7 c41s=0 c42s=0 covU=3 covO=3 pref=0 low=4 high=3 groupViol=0 apt=0 fair=11 weekly=189 c3w=0
blocked_covu,120,1,off	c1=52 c2=0 c3=0 c3n=1 c3m=9 c3mn=6 c41=0 c42=7 c41s=0 c42s=0 covU=3 covO=3 pref=0 low=2 high=2 groupViol=0 apt=0 fair=11 weekly=168 c3w=0
blocked_covu,120,2,off	c1=58 c2=0 c3=0 c3n=1 c3m=11 c3mn=6 c41=0 c42=5 c41s=0 c42s=0 covU=3 covO=2 pref=0 low=2 high=2 groupViol=0 apt=0 fair=14 weekly=213 c3w=0
blocked_covu,120,2,c1	c1=46 c2=0 c3=0 c3n=1 c3m=12 c3mn=8 c41=0 c42=5 c41s=0 c42s=0 covU=3 covO=2 pref=0 low=4 high=4 groupViol=0 apt=0 fair=14 weekly=191 c3w=0
blocked_covu,120,2,all	c1=45 c2=0 c3=0 c3n=0 c3m=12 c3mn=7 c41=0 c42=4 c41s=0 c42s=0 covU=4 covO=2 pref=0 low=3 high=4 groupViol=0 apt=0 fair=15 weekly=186 c3w=0
blocked_covu,120,3,all	c1=53 c2=0 c3=0 c3n=0 c3m=12 c3mn=4 c41=0 c42=3 c41s=0 c42s=0 covU=4 covO=2 pref=0 low=2 high=2 groupViol=0 apt=0 fair=13 weekly=201 c3w=0
blocked_covu,120,3,c1	c1=55 c2=0 c3=0 c3n=1 c3m=7 c3mn=6 c41=0 c42=5 c41s=0 c42s=0 covU=3 covO=3 pref=0 low=3 high=3 groupViol=0 apt=0 fair=15 weekly=192 c3w=0
blocked_covu,120,3,off	c1=55 c2=0 c3=0 c3n=1 c3m=10 c3mn=8 c41=0 c42=4 c41s=0 c42s=0 covU=3 covO=3 pref=0 low=4 high=4 groupViol=0 apt=0 fair=12 weekly=186 c3w=0
sample,60,1,all	c1=7 c2=0 c3=68 c3n=1 c3m=27 c3mn=0 c41=0 c42=5 c41s=0 c42s=0 covU=0 covO=0 pref=0 low=4 high=3 groupViol=0 apt=0 fair=2 weekly=156 c3w=0
sample,60,1,c1	c1=8 c2=0 c3=50 c3n=1 c3m=26 c3mn=0 c41=0 c42=5 c41s=0 c42s=0 covU=0 covO=0 pref=0 low=4 high=2 groupViol=0 apt=0 fair=1 weekly=149 c3w=0
sample,60,1,off	c1=9 c2=1 c3=67 c3n=1 c3m=25 c3mn=0 c41=0 c42=6 c41s=0 c42s=0 covU=0 covO=0 pref=0 low=4 high=2 groupViol=0 apt=0 fair=2 weekly=143 c3w=0
sample,60,2,off	c1=4 c2=2 c3=55 c3n=1 c3m=26 c3mn=0 c41=0 c42=5 c41s=0 c42s=0 covU=0 covO=0 pref=0 low=6 high=4 groupViol=0 apt=0 fair=3 weekly=146 c3w=0
sample,60,2,c1	c1=5 c2=1 c3=71 c3n=1 c3m=26 c3mn=0 c41=0 c42=8 c41s=0 c42s=0 covU=0 covO=0 pref=0 low=4 high=1 groupViol=0 apt=0 fair=2 weekly=153 c3w=0
sample,60,2,all	c1=5 c2=0 c3=66 c3n=1 c3m=26 c3mn=0 c41=0 c42=7 c41s=0 c42s=0 covU=0 covO=0 pref=0 low=4 high=1 groupViol=0 apt=0 fair=1 weekly=143 c3w=0
sample,60,3,all	c1=4 c2=0 c3=60 c3n=1 c3m=27 c3mn=0 c41=0 c42=9 c41s=0 c42s=0 covU=0 covO=0 pref=0 low=4 high=2 groupViol=0 apt=0 fair=2 weekly=144 c3w=0
sample,60,3,c1	c1=4 c2=1 c3=83 c3n=1 c3m=23 c3mn=0 c41=0 c42=5 c41s=0 c42s=0 covU=0 covO=0 pref=0 low=4 high=1 groupViol=0 apt=0 fair=2 weekly=154 c3w=0
sample,60,3,off	c1=4 c2=0 c3=63 c3n=1 c3m=26 c3mn=0 c41=0 c42=8 c41s=0 c42s=0 covU=0 covO=0 pref=0 low=4 high=1 groupViol=0 apt=0 fair=2 weekly=143 c3w=0
sample,120,1,all	c1=5 c2=0 c3=66 c3n=1 c3m=26 c3mn=0 c41=0 c42=4 c41s=0 c42s=0 covU=0 covO=0 pref=0 low=4 high=2 groupViol=0 apt=0 fair=2 weekly=152 c3w=0
sample,120,1,c1	c1=4 c2=1 c3=59 c3n=1 c3m=25 c3mn=0 c41=0 c42=9 c41s=0 c42s=0 covU=0 covO=0 pref=0 low=4 high=2 groupViol=0 apt=0 fair=1 weekly=147 c3w=0
sample,120,1,off	c1=4 c2=0 c3=66 c3n=1 c3m=27 c3mn=0 c41=0 c42=7 c41s=0 c42s=0 covU=0 covO=0 pref=0 low=4 high=1 groupViol=0 apt=0 fair=2 weekly=147 c3w=0
sample,120,2,off	c1=5 c2=0 c3=69 c3n=1 c3m=26 c3mn=0 c41=0 c42=9 c41s=0 c42s=0 covU=0 covO=0 pref=0 low=4 high=1 groupViol=0 apt=0 fair=1 weekly=149 c3w=0
sample,120,2,c1	c1=4 c2=2 c3=71 c3n=1 c3m=25 c3mn=0 c41=0 c42=7 c41s=0 c42s=0 covU=0 covO=0 pref=0 low=4 high=2 groupViol=0 apt=0 fair=3 weekly=156 c3w=0
sample,120,2,all	c1=5 c2=0 c3=60 c3n=1 c3m=26 c3mn=0 c41=0 c42=8 c41s=0 c42s=0 covU=0 covO=0 pref=0 low=4 high=1 groupViol=0 apt=0 fair=2 weekly=130 c3w=0
sample,120,3,all	c1=3 c2=1 c3=64 c3n=1 c3m=26 c3mn=0 c41=0 c42=7 c41s=0 c42s=0 covU=0 covO=0 pref=0 low=4 high=2 groupViol=0 apt=0 fair=3 weekly=143 c3w=0
sample,120,3,c1	c1=4 c2=0 c3=66 c3n=1 c3m=24 c3mn=0 c41=0 c42=7 c41s=0 c42s=0 covU=0 covO=0 pref=0 low=4 high=3 groupViol=0 apt=0 fair=2 weekly=161 c3w=0
sample,120,3,off	c1=5 c2=0 c3=64 c3n=1 c3m=25 c3mn=0 c41=0 c42=9 c41s=0 c42s=0 covU=0 covO=0 pref=0 low=4 high=3 groupViol=0 apt=0 fair=2 weekly=149 c3w=0
