golden,60,1,all	41225	C1EjectionChain	全族起点玉突き連鎖[起点9/生成258210/候補206379/評価258210/試行93/採用0/採用深さ最大0/重複除外9/深さ8/終了時間切れ/時間切れ1/3000ms]: c1 70->70 score 5915->5915 HARD 0->0 total 327->327 族差  起点族別[low:起点1/評価30102/採用0/減0 c3mn:起点1/評価30048/採用0/減0 c1:起点1/評価30007/採用0/減0 high:起点1/評価30032/採用0/減0 c3:起点1/評価30071/採用0/減0 covO:起点1/評価30144/採用0/減0 c42:起点1/評価30071/採用0/減0 c3m:起点1/評価30062/採用0/減0 c2:起点1/評価15502/採用0/減0]
golden,60,1,all	41225	C1EjectionChain	全族起点玉突き連鎖[起点9/生成258210/候補206379/評価258210/試行93/採用0/採用深さ最大0/重複除外9/深さ8/終了時間切れ/時間切れ1/3000ms]: c1 70->70 score 5915->5915 HARD 0->0 total 327->327 族差  起点族別[low:起点1/評価30102/採用0/減0 c3mn:起点1/評価30048/採用0/減0 c1:起点1/評価30007/採用0/減0 high:起点1/評価30032/採用0/減0 c3:起点1/評価30071/採用0/減0 covO:起点1/評価30144/採用0/減0 c42:起点1/評価30071/採用0/減0 c3m:起点1/評価30062/採用0/減0 c2:起点1/評価15502/採用0/減0]
golden,60,1,c1	36274	C1EjectionChain	期間要件(c1)起点v2玉突き連鎖[起点15/生成442359/候補310604/評価442359/試行162/採用0/採用深さ最大0/重複除外28/深さ8/終了時間切れ/時間切れ1/3003ms]: c1 87->87 score 6260->6260 HARD 0->0 total 321->321 族差  起点族別[c1:起点15/評価442359/採用0/減0]
golden,60,1,c1	36274	C1EjectionChain	期間要件(c1)起点v2玉突き連鎖[起点15/生成442359/候補310604/評価442359/試行162/採用0/採用深さ最大0/重複除外28/深さ8/終了時間切れ/時間切れ1/3003ms]: c1 87->87 score 6260->6260 HARD 0->0 total 321->321 族差  起点族別[c1:起点15/評価442359/採用0/減0]
golden,60,2,c1	38766	C1EjectionChain	期間要件(c1)起点v2玉突き連鎖[起点18/生成534613/候補386332/評価534613/試行196/採用0/採用深さ最大0/重複除外14/深さ8/終了時間切れ/時間切れ1/3000ms]: c1 82->82 score 6334->6334 HARD 0->0 total 333->333 族差  起点族別[c1:起点18/評価534613/採用0/減0]
golden,60,2,c1	38766	C1EjectionChain	期間要件(c1)起点v2玉突き連鎖[起点18/生成534613/候補386332/評価534613/試行196/採用0/採用深さ最大0/重複除外14/深さ8/終了時間切れ/時間切れ1/3000ms]: c1 82->82 score 6334->6334 HARD 0->0 total 333->333 族差  起点族別[c1:起点18/評価534613/採用0/減0]
golden,60,2,all	37581	C1EjectionChain	全族起点玉突き連鎖[起点22/生成644917/候補517887/評価644917/試行234/採用0/採用深さ最大0/重複除外45/深さ8/終了時間切れ/時間切れ1/3000ms]: c1 82->82 score 6116->6116 HARD 0->0 total 325->325 族差  起点族別[low:起点3/評価90454/採用0/減0 c1:起点3/評価70917/採用0/減0 high:起点2/評価60004/採用0/減0 c3:起点2/評価60171/採用0/減0 covO:起点2/評価60061/採用0/減0 c42:起点2/評価60208/採用0/減0 c3m:起点2/評価60320/採用0/減0 c2:起点2/評価60424/採用0/減0 fair:起点2/評価60140/採用0/減0 weekly:起点2/評価60108/採用0/減0]
golden,60,2,all	37581	C1EjectionChain	全族起点玉突き連鎖[起点22/生成644917/候補517887/評価644917/試行234/採用0/採用深さ最大0/重複除外45/深さ8/終了時間切れ/時間切れ1/3000ms]: c1 82->82 score 6116->6116 HARD 0->0 total 325->325 族差  起点族別[low:起点3/評価90454/採用0/減0 c1:起点3/評価70917/採用0/減0 high:起点2/評価60004/採用0/減0 c3:起点2/評価60171/採用0/減0 covO:起点2/評価60061/採用0/減0 c42:起点2/評価60208/採用0/減0 c3m:起点2/評価60320/採用0/減0 c2:起点2/評価60424/採用0/減0 fair:起点2/評価60140/採用0/減0 weekly:起点2/評価60108/採用0/減0]
golden,60,3,all	42452	C1EjectionChain	全族起点玉突き連鎖[起点19/生成548680/候補445329/評価548680/試行199/採用0/採用深さ最大0/重複除外20/深さ8/終了時間切れ/時間切れ1/3015ms]: c1 75->75 score 6240->6240 HARD 0->0 total 326->326 族差  起点族別[low:起点2/評価60135/採用0/減0 c3mn:起点2/評価60077/採用0/減0 c1:起点2/評価60104/採用0/減0 high:起点2/評価60135/採用0/減0 c3:起点2/評価60178/採用0/減0 covO:起点2/評価60158/採用0/減0 c42:起点2/評価60175/採用0/減0 c3m:起点2/評価35364/採用0/減0 c2:起点1/評価30010/採用0/減0 fair:起点1/評価30018/採用0/減0 weekly:起点1/評価30005/採用0/減0]
golden,60,3,all	42452	C1EjectionChain	全族起点玉突き連鎖[起点19/生成548680/候補445329/評価548680/試行199/採用0/採用深さ最大0/重複除外20/深さ8/終了時間切れ/時間切れ1/3015ms]: c1 75->75 score 6240->6240 HARD 0->0 total 326->326 族差  起点族別[low:起点2/評価60135/採用0/減0 c3mn:起点2/評価60077/採用0/減0 c1:起点2/評価60104/採用0/減0 high:起点2/評価60135/採用0/減0 c3:起点2/評価60178/採用0/減0 covO:起点2/評価60158/採用0/減0 c42:起点2/評価60175/採用0/減0 c3m:起点2/評価35364/採用0/減0 c2:起点1/評価30010/採用0/減0 fair:起点1/評価30018/採用0/減0 weekly:起点1/評価30005/採用0/減0]
golden,60,3,c1	38150	C1EjectionChain	期間要件(c1)起点v2玉突き連鎖[起点18/生成537422/候補380037/評価537422/試行196/採用0/採用深さ最大0/重複除外37/深さ8/終了時間切れ/時間切れ1/3000ms]: c1 86->86 score 6542->6542 HARD 0->0 total 316->316 族差  起点族別[c1:起点18/評価537422/採用0/減0]
golden,60,3,c1	38150	C1EjectionChain	期間要件(c1)起点v2玉突き連鎖[起点18/生成537422/候補380037/評価537422/試行196/採用0/採用深さ最大0/重複除外37/深さ8/終了時間切れ/時間切れ1/3000ms]: c1 86->86 score 6542->6542 HARD 0->0 total 316->316 族差  起点族別[c1:起点18/評価537422/採用0/減0]
golden,120,1,all	44625	C1EjectionChain	全族起点玉突き連鎖[起点28/生成823673/候補636707/評価823673/試行300/採用0/採用深さ最大0/重複除外35/深さ8/終了時間切れ/時間切れ1/3000ms]: c1 78->78 score 6332->6332 HARD 0->0 total 341->341 族差  起点族別[low:起点3/評価90020/採用0/減0 c3mn:起点3/評価90188/採用0/減0 c1:起点3/評価90017/採用0/減0 high:起点3/評価90027/採用0/減0 c3:起点3/評価90043/採用0/減0 covO:起点3/評価70917/採用0/減0 c42:起点2/評価60141/採用0/減0 c3m:起点2/評価60168/採用0/減0 c2:起点2/評価60018/採用0/減0 fair:起点2/評価60004/採用0/減0 weekly:起点2/評価60010/採用0/減0]
golden,120,1,all	44625	C1EjectionChain	全族起点玉突き連鎖[起点28/生成823673/候補636707/評価823673/試行300/採用0/採用深さ最大0/重複除外35/深さ8/終了時間切れ/時間切れ1/3000ms]: c1 78->78 score 6332->6332 HARD 0->0 total 341->341 族差  起点族別[low:起点3/評価90020/採用0/減0 c3mn:起点3/評価90188/採用0/減0 c1:起点3/評価90017/採用0/減0 high:起点3/評価90027/採用0/減0 c3:起点3/評価90043/採用0/減0 covO:起点3/評価70917/採用0/減0 c42:起点2/評価60141/採用0/減0 c3m:起点2/評価60168/採用0/減0 c2:起点2/評価60018/採用0/減0 fair:起点2/評価60004/採用0/減0 weekly:起点2/評価60010/採用0/減0]
golden,120,1,c1	48611	C1EjectionChain	期間要件(c1)起点v2玉突き連鎖[起点24/生成705549/候補517706/評価705549/試行257/採用2/採用深さ最大14/重複除外35/深さ8/終了時間切れ/時間切れ1/3000ms]: c1 75->76 score 5783->5715 HARD 0->0 total 331->326 族差 c1+1 c3-7 c3m+2 fair-1 high-1 weekly+1 起点族別[c1:起点24/評価705549/採用2/減68]
golden,120,1,c1	48611	C1EjectionChain	期間要件(c1)起点v2玉突き連鎖[起点24/生成705549/候補517706/評価705549/試行257/採用2/採用深さ最大14/重複除外35/深さ8/終了時間切れ/時間切れ1/3000ms]: c1 75->76 score 5783->5715 HARD 0->0 total 331->326 族差 c1+1 c3-7 c3m+2 fair-1 high-1 weekly+1 起点族別[c1:起点24/評価705549/採用2/減68]
golden,120,2,c1	51255	C1EjectionChain	期間要件(c1)起点v2玉突き連鎖[起点24/生成709688/候補517100/評価709688/試行259/採用0/採用深さ最大0/重複除外31/深さ8/終了時間切れ/時間切れ1/3000ms]: c1 77->77 score 5905->5905 HARD 0->0 total 311->311 族差  起点族別[c1:起点24/評価709688/採用0/減0]
golden,120,2,c1	51255	C1EjectionChain	期間要件(c1)起点v2玉突き連鎖[起点24/生成709688/候補517100/評価709688/試行259/採用0/採用深さ最大0/重複除外31/深さ8/終了時間切れ/時間切れ1/3000ms]: c1 77->77 score 5905->5905 HARD 0->0 total 311->311 族差  起点族別[c1:起点24/評価709688/採用0/減0]
golden,120,2,all	49214	C1EjectionChain	全族起点玉突き連鎖[起点21/生成616510/候補497252/評価616510/試行224/採用0/採用深さ最大0/重複除外12/深さ8/終了時間切れ/時間切れ1/3000ms]: c1 79->79 score 6014->6014 HARD 0->0 total 336->336 族差  起点族別[low:起点2/評価60022/採用0/減0 c3mn:起点2/評価60010/採用0/減0 c1:起点2/評価60002/採用0/減0 high:起点2/評価60099/採用0/減0 c3:起点2/評価60105/採用0/減0 covO:起点2/評価60099/採用0/減0 c42:起点2/評価60020/採用0/減0 c3m:起点2/評価60246/採用0/減0 c2:起点2/評価60022/採用0/減0 fair:起点2/評価44067/採用0/減0 weekly:起点1/評価30017/採用0/減0]
golden,120,2,all	49214	C1EjectionChain	全族起点玉突き連鎖[起点21/生成616510/候補497252/評価616510/試行224/採用0/採用深さ最大0/重複除外12/深さ8/終了時間切れ/時間切れ1/3000ms]: c1 79->79 score 6014->6014 HARD 0->0 total 336->336 族差  起点族別[low:起点2/評価60022/採用0/減0 c3mn:起点2/評価60010/採用0/減0 c1:起点2/評価60002/採用0/減0 high:起点2/評価60099/採用0/減0 c3:起点2/評価60105/採用0/減0 covO:起点2/評価60099/採用0/減0 c42:起点2/評価60020/採用0/減0 c3m:起点2/評価60246/採用0/減0 c2:起点2/評価60022/採用0/減0 fair:起点2/評価44067/採用0/減0 weekly:起点1/評価30017/採用0/減0]
golden,120,3,all	44654	C1EjectionChain	全族起点玉突き連鎖[起点24/生成720521/候補545743/評価720521/試行263/採用1/採用深さ最大8/重複除外55/深さ8/終了時間切れ/時間切れ1/3000ms]: c1 83->83 score 6397->6340 HARD 0->0 total 326->317 族差 c3-3 weekly-6 起点族別[low:起点3/評価90137/採用0/減0 c3mn:起点3/評価87114/採用0/減0 c1:起点2/評価60058/採用0/減0 high:起点2/評価60078/採用0/減0 c3:起点2/評価60192/採用0/減0 covO:起点2/評価60196/採用0/減0 c42:起点2/評価60413/採用0/減0 c3m:起点2/評価60042/採用0/減0 c2:起点2/評価60098/採用0/減0 fair:起点2/評価60078/採用0/減0 weekly:起点2/評価60106/採用1/減57]
golden,120,3,all	44654	C1EjectionChain	全族起点玉突き連鎖[起点24/生成720521/候補545743/評価720521/試行263/採用1/採用深さ最大8/重複除外55/深さ8/終了時間切れ/時間切れ1/3000ms]: c1 83->83 score 6397->6340 HARD 0->0 total 326->317 族差 c3-3 weekly-6 起点族別[low:起点3/評価90137/採用0/減0 c3mn:起点3/評価87114/採用0/減0 c1:起点2/評価60058/採用0/減0 high:起点2/評価60078/採用0/減0 c3:起点2/評価60192/採用0/減0 covO:起点2/評価60196/採用0/減0 c42:起点2/評価60413/採用0/減0 c3m:起点2/評価60042/採用0/減0 c2:起点2/評価60098/採用0/減0 fair:起点2/評価60078/採用0/減0 weekly:起点2/評価60106/採用1/減57]
golden,120,3,c1	48239	C1EjectionChain	期間要件(c1)起点v2玉突き連鎖[起点21/生成618647/候補452889/評価618647/試行226/採用0/採用深さ最大0/重複除外27/深さ8/終了時間切れ/時間切れ1/3000ms]: c1 78->78 score 6276->6276 HARD 0->0 total 335->335 族差  起点族別[c1:起点21/評価618647/採用0/減0]
golden,120,3,c1	48239	C1EjectionChain	期間要件(c1)起点v2玉突き連鎖[起点21/生成618647/候補452889/評価618647/試行226/採用0/採用深さ最大0/重複除外27/深さ8/終了時間切れ/時間切れ1/3000ms]: c1 78->78 score 6276->6276 HARD 0->0 total 335->335 族差  起点族別[c1:起点21/評価618647/採用0/減0]
sept2026,60,1,all	29308	C1EjectionChain	全族起点玉突き連鎖[起点16/生成461130/候補360484/評価461130/試行152/採用0/採用深さ最大0/重複除外7/深さ8/終了時間切れ/時間切れ1/3002ms]: c1 79->79 score 5237->5237 HARD 0->0 total 399->399 族差  起点族別[c1:起点2/評価60163/採用0/減0 high:起点2/評価60193/採用0/減0 covO:起点2/評価60328/採用0/減0 c42:起点2/評価60306/採用0/減0 c3m:起点2/評価60119/採用0/減0 apt:起点2/評価60082/採用0/減0 fair:起点2/評価60025/採用0/減0 weekly:起点2/評価37864/採用0/減0]
sept2026,60,1,all	29308	C1EjectionChain	全族起点玉突き連鎖[起点16/生成461130/候補360484/評価461130/試行152/採用0/採用深さ最大0/重複除外7/深さ8/終了時間切れ/時間切れ1/3002ms]: c1 79->79 score 5237->5237 HARD 0->0 total 399->399 族差  起点族別[c1:起点2/評価60163/採用0/減0 high:起点2/評価60193/採用0/減0 covO:起点2/評価60328/採用0/減0 c42:起点2/評価60306/採用0/減0 c3m:起点2/評価60119/採用0/減0 apt:起点2/評価60082/採用0/減0 fair:起点2/評価60025/採用0/減0 weekly:起点2/評価37864/採用0/減0]
sept2026,60,1,c1	39431	C1EjectionChain	期間要件(c1)起点v2玉突き連鎖[起点15/生成446806/候補286747/評価446806/試行148/採用0/採用深さ最大0/重複除外10/深さ8/終了時間切れ/時間切れ1/3001ms]: c1 79->79 score 5237->5237 HARD 0->0 total 399->399 族差  起点族別[c1:起点15/評価446806/採用0/減0]
sept2026,60,1,c1	39431	C1EjectionChain	期間要件(c1)起点v2玉突き連鎖[起点15/生成446806/候補286747/評価446806/試行148/採用0/採用深さ最大0/重複除外10/深さ8/終了時間切れ/時間切れ1/3001ms]: c1 79->79 score 5237->5237 HARD 0->0 total 399->399 族差  起点族別[c1:起点15/評価446806/採用0/減0]
sept2026,60,2,c1	31565	C1EjectionChain	期間要件(c1)起点v2玉突き連鎖[起点12/生成355858/候補240773/評価355858/試行118/採用0/採用深さ最大0/重複除外13/深さ8/終了時間切れ/時間切れ1/3000ms]: c1 69->69 score 4987->4987 HARD 0->0 total 401->401 族差  起点族別[c1:起点12/評価355858/採用0/減0]
sept2026,60,2,c1	31565	C1EjectionChain	期間要件(c1)起点v2玉突き連鎖[起点12/生成355858/候補240773/評価355858/試行118/採用0/採用深さ最大0/重複除外13/深さ8/終了時間切れ/時間切れ1/3000ms]: c1 69->69 score 4987->4987 HARD 0->0 total 401->401 族差  起点族別[c1:起点12/評価355858/採用0/減0]
sept2026,60,2,all	26851	C1EjectionChain	全族起点玉突き連鎖[起点14/生成420157/候補326991/評価420157/試行139/採用0/採用深さ最大0/重複除外7/深さ8/終了時間切れ/時間切れ1/3000ms]: c1 79->79 score 5237->5237 HARD 0->0 total 399->399 族差  起点族別[c1:起点2/評価60163/採用0/減0 high:起点2/評価60193/採用0/減0 covO:起点2/評価60328/採用0/減0 c42:起点2/評価60306/採用0/減0 c3m:起点2/評価60119/採用0/減0 apt:起点2/評価56953/採用0/減0 fair:起点1/評価30004/採用0/減0 weekly:起点1/評価30041/採用0/減0]
sept2026,60,2,all	26851	C1EjectionChain	全族起点玉突き連鎖[起点14/生成420157/候補326991/評価420157/試行139/採用0/採用深さ最大0/重複除外7/深さ8/終了時間切れ/時間切れ1/3000ms]: c1 79->79 score 5237->5237 HARD 0->0 total 399->399 族差  起点族別[c1:起点2/評価60163/採用0/減0 high:起点2/評価60193/採用0/減0 covO:起点2/評価60328/採用0/減0 c42:起点2/評価60306/採用0/減0 c3m:起点2/評価60119/採用0/減0 apt:起点2/評価56953/採用0/減0 fair:起点1/評価30004/採用0/減0 weekly:起点1/評価30041/採用0/減0]
sept2026,60,3,all	27240	C1EjectionChain	全族起点玉突き連鎖[起点11/生成310781/候補239392/評価310781/試行102/採用0/採用深さ最大0/重複除外7/深さ8/終了時間切れ/時間切れ1/3000ms]: c1 79->79 score 5237->5237 HARD 0->0 total 399->399 族差  起点族別[c1:起点2/評価60163/採用0/減0 high:起点2/評価60193/採用0/減0 covO:起点2/評価38029/採用0/減0 c42:起点1/評価30181/採用0/減0 c3m:起点1/評価30079/採用0/減0 apt:起点1/評価30041/採用0/減0 fair:起点1/評価30004/採用0/減0 weekly:起点1/評価30041/採用0/減0]
sept2026,60,3,all	27240	C1EjectionChain	全族起点玉突き連鎖[起点11/生成310781/候補239392/評価310781/試行102/採用0/採用深さ最大0/重複除外7/深さ8/終了時間切れ/時間切れ1/3000ms]: c1 79->79 score 5237->5237 HARD 0->0 total 399->399 族差  起点族別[c1:起点2/評価60163/採用0/減0 high:起点2/評価60193/採用0/減0 covO:起点2/評価38029/採用0/減0 c42:起点1/評価30181/採用0/減0 c3m:起点1/評価30079/採用0/減0 apt:起点1/評価30041/採用0/減0 fair:起点1/評価30004/採用0/減0 weekly:起点1/評価30041/採用0/減0]
sept2026,60,3,c1	26601	C1EjectionChain	期間要件(c1)起点v2玉突き連鎖[起点15/生成436192/候補281757/評価436192/試行144/採用0/採用深さ最大0/重複除外9/深さ8/終了時間切れ/時間切れ1/3002ms]: c1 79->79 score 5237->5237 HARD 0->0 total 399->399 族差  起点族別[c1:起点15/評価436192/採用0/減0]
sept2026,60,3,c1	26601	C1EjectionChain	期間要件(c1)起点v2玉突き連鎖[起点15/生成436192/候補281757/評価436192/試行144/採用0/採用深さ最大0/重複除外9/深さ8/終了時間切れ/時間切れ1/3002ms]: c1 79->79 score 5237->5237 HARD 0->0 total 399->399 族差  起点族別[c1:起点15/評価436192/採用0/減0]
sept2026,120,1,all	51646	C1EjectionChain	全族起点玉突き連鎖[起点14/生成408283/候補317663/評価408283/試行134/採用0/採用深さ最大0/重複除外11/深さ8/終了時間切れ/時間切れ1/3000ms]: c1 79->79 score 5237->5237 HARD 0->0 total 399->399 族差  起点族別[c1:起点2/評価60196/採用0/減0 high:起点2/評価60191/採用0/減0 covO:起点2/評価60218/採用0/減0 c42:起点2/評価60257/採用0/減0 c3m:起点2/評価60144/採用0/減0 apt:起点2/評価45058/採用0/減0 fair:起点1/評価30087/採用0/減0 weekly:起点1/評価30082/採用0/減0]
sept2026,120,1,all	51646	C1EjectionChain	全族起点玉突き連鎖[起点14/生成408283/候補317663/評価408283/試行134/採用0/採用深さ最大0/重複除外11/深さ8/終了時間切れ/時間切れ1/3000ms]: c1 79->79 score 5237->5237 HARD 0->0 total 399->399 族差  起点族別[c1:起点2/評価60196/採用0/減0 high:起点2/評価60191/採用0/減0 covO:起点2/評価60218/採用0/減0 c42:起点2/評価60257/採用0/減0 c3m:起点2/評価60144/採用0/減0 apt:起点2/評価45058/採用0/減0 fair:起点1/評価30087/採用0/減0 weekly:起点1/評価30082/採用0/減0]
sept2026,120,1,c1	55299	C1EjectionChain	期間要件(c1)起点v2玉突き連鎖[起点20/生成584580/候補396598/評価584580/試行193/採用0/採用深さ最大0/重複除外23/深さ8/終了時間切れ/時間切れ1/3001ms]: c1 69->69 score 4987->4987 HARD 0->0 total 401->401 族差  起点族別[c1:起点20/評価584580/採用0/減0]
sept2026,120,1,c1	55299	C1EjectionChain	期間要件(c1)起点v2玉突き連鎖[起点20/生成584580/候補396598/評価584580/試行193/採用0/採用深さ最大0/重複除外23/深さ8/終了時間切れ/時間切れ1/3001ms]: c1 69->69 score 4987->4987 HARD 0->0 total 401->401 族差  起点族別[c1:起点20/評価584580/採用0/減0]
sept2026,120,2,c1	36490	C1EjectionChain	期間要件(c1)起点v2玉突き連鎖[起点20/生成584851/候補374813/評価584851/試行193/採用0/採用深さ最大0/重複除外16/深さ8/終了時間切れ/時間切れ1/3000ms]: c1 79->79 score 5237->5237 HARD 0->0 total 399->399 族差  起点族別[c1:起点20/評価584851/採用0/減0]
sept2026,120,2,c1	36490	C1EjectionChain	期間要件(c1)起点v2玉突き連鎖[起点20/生成584851/候補374813/評価584851/試行193/採用0/採用深さ最大0/重複除外16/深さ8/終了時間切れ/時間切れ1/3000ms]: c1 79->79 score 5237->5237 HARD 0->0 total 399->399 族差  起点族別[c1:起点20/評価584851/採用0/減0]
sept2026,120,2,all	37013	C1EjectionChain	全族起点玉突き連鎖[起点15/生成437197/候補340997/評価437197/試行144/採用0/採用深さ最大0/重複除外7/深さ8/終了時間切れ/時間切れ1/3004ms]: c1 79->79 score 5237->5237 HARD 0->0 total 399->399 族差  起点族別[c1:起点2/評価60163/採用0/減0 high:起点2/評価60193/採用0/減0 covO:起点2/評価60328/採用0/減0 c42:起点2/評価60306/採用0/減0 c3m:起点2/評価60119/採用0/減0 apt:起点2/評価60082/採用0/減0 fair:起点2/評価43915/採用0/減0 weekly:起点1/評価30041/採用0/減0]
sept2026,120,2,all	37013	C1EjectionChain	全族起点玉突き連鎖[起点15/生成437197/候補340997/評価437197/試行144/採用0/採用深さ最大0/重複除外7/深さ8/終了時間切れ/時間切れ1/3004ms]: c1 79->79 score 5237->5237 HARD 0->0 total 399->399 族差  起点族別[c1:起点2/評価60163/採用0/減0 high:起点2/評価60193/採用0/減0 covO:起点2/評価60328/採用0/減0 c42:起点2/評価60306/採用0/減0 c3m:起点2/評価60119/採用0/減0 apt:起点2/評価60082/採用0/減0 fair:起点2/評価43915/採用0/減0 weekly:起点1/評価30041/採用0/減0]
sept2026,120,3,all	42789	C1EjectionChain	全族起点玉突き連鎖[起点15/生成447414/候補325243/評価447414/試行148/採用1/採用深さ最大1/重複除外25/深さ8/終了時間切れ/時間切れ1/3000ms]: c1 69->69 score 4987->4985 HARD 0->0 total 401->400 族差 weekly-1 起点族別[low:起点2/評価60214/採用0/減0 c3mn:起点2/評価60168/採用0/減0 c1:起点2/評価60107/採用0/減0 high:起点2/評価60268/採用1/減2 covO:起点2/評価54016/採用0/減0 c42:起点1/評価30211/採用0/減0 c3m:起点1/評価30106/採用0/減0 apt:起点1/評価30011/採用0/減0 fair:起点1/評価30149/採用0/減0 weekly:起点1/評価30011/採用0/減0]
sept2026,120,3,all	42789	C1EjectionChain	全族起点玉突き連鎖[起点15/生成447414/候補325243/評価447414/試行148/採用1/採用深さ最大1/重複除外25/深さ8/終了時間切れ/時間切れ1/3000ms]: c1 69->69 score 4987->4985 HARD 0->0 total 401->400 族差 weekly-1 起点族別[low:起点2/評価60214/採用0/減0 c3mn:起点2/評価60168/採用0/減0 c1:起点2/評価60107/採用0/減0 high:起点2/評価60268/採用1/減2 covO:起点2/評価54016/採用0/減0 c42:起点1/評価30211/採用0/減0 c3m:起点1/評価30106/採用0/減0 apt:起点1/評価30011/採用0/減0 fair:起点1/評価30149/採用0/減0 weekly:起点1/評価30011/採用0/減0]
sept2026,120,3,c1	45369	C1EjectionChain	期間要件(c1)起点v2玉突き連鎖[起点14/生成418922/候補291940/評価418922/試行139/採用1/採用深さ最大7/重複除外16/深さ8/終了時間切れ/時間切れ1/3001ms]: c1 65->65 score 4942->4923 HARD 0->0 total 401->395 族差 c42-1 weekly-5 起点族別[c1:起点14/評価418922/採用1/減19]
sept2026,120,3,c1	45369	C1EjectionChain	期間要件(c1)起点v2玉突き連鎖[起点14/生成418922/候補291940/評価418922/試行139/採用1/採用深さ最大7/重複除外16/深さ8/終了時間切れ/時間切れ1/3001ms]: c1 65->65 score 4942->4923 HARD 0->0 total 401->395 族差 c42-1 weekly-5 起点族別[c1:起点14/評価418922/採用1/減19]
blocked_covu,60,1,all	59023	C1EjectionChain	全族起点玉突き連鎖[起点2/生成44071/候補35457/評価44071/試行11/採用0/採用深さ最大0/重複除外1/深さ8/終了時間切れ/時間切れ1/409ms]: c1 61->61 score 43906->43906 HARD 4->4 total 306->306 族差  起点族別[covU:起点1/評価30107/採用0/減0 c3n:起点1/評価10887/採用0/減0]
blocked_covu,60,1,all	59023	C1EjectionChain	全族起点玉突き連鎖[起点2/生成44071/候補35457/評価44071/試行11/採用0/採用深さ最大0/重複除外1/深さ8/終了時間切れ/時間切れ1/409ms]: c1 61->61 score 43906->43906 HARD 4->4 total 306->306 族差  起点族別[covU:起点1/評価30107/採用0/減0 c3n:起点1/評価10887/採用0/減0]
blocked_covu,60,1,c1	58298	C1EjectionChain	期間要件(c1)起点v2玉突き連鎖[起点4/生成96655/候補54582/評価96655/試行28/採用0/採用深さ最大0/重複除外0/深さ8/終了時間切れ/時間切れ1/570ms]: c1 56->56 score 43200->43200 HARD 4->4 total 305->305 族差  起点族別[c1:起点4/評価96655/採用0/減0]
blocked_covu,60,1,c1	58298	C1EjectionChain	期間要件(c1)起点v2玉突き連鎖[起点4/生成96655/候補54582/評価96655/試行28/採用0/採用深さ最大0/重複除外0/深さ8/終了時間切れ/時間切れ1/570ms]: c1 56->56 score 43200->43200 HARD 4->4 total 305->305 族差  起点族別[c1:起点4/評価96655/採用0/減0]
blocked_covu,60,2,c1	58280	C1EjectionChain	期間要件(c1)起点v2玉突き連鎖[起点5/生成122424/候補76291/評価122424/試行33/採用0/採用深さ最大0/重複除外4/深さ8/終了時間切れ/時間切れ1/575ms]: c1 55->55 score 44085->44085 HARD 4->4 total 290->290 族差  起点族別[c1:起点5/評価122424/採用0/減0]
blocked_covu,60,2,c1	58280	C1EjectionChain	期間要件(c1)起点v2玉突き連鎖[起点5/生成122424/候補76291/評価122424/試行33/採用0/採用深さ最大0/重複除外4/深さ8/終了時間切れ/時間切れ1/575ms]: c1 55->55 score 44085->44085 HARD 4->4 total 290->290 族差  起点族別[c1:起点5/評価122424/採用0/減0]
blocked_covu,60,2,all	58288	C1EjectionChain	全族起点玉突き連鎖[起点5/生成143826/候補106755/評価143826/試行40/採用0/採用深さ最大0/重複除外2/深さ8/終了時間切れ/時間切れ1/571ms]: c1 53->53 score 43253->43253 HARD 4->4 total 315->315 族差  起点族別[covU:起点1/評価30065/採用0/減0 c3n:起点1/評価30022/採用0/減0 low:起点1/評価30162/採用0/減0 c3mn:起点1/評価30099/採用0/減0 c1:起点1/評価20470/採用0/減0]
blocked_covu,60,2,all	58288	C1EjectionChain	全族起点玉突き連鎖[起点5/生成143826/候補106755/評価143826/試行40/採用0/採用深さ最大0/重複除外2/深さ8/終了時間切れ/時間切れ1/571ms]: c1 53->53 score 43253->43253 HARD 4->4 total 315->315 族差  起点族別[covU:起点1/評価30065/採用0/減0 c3n:起点1/評価30022/採用0/減0 low:起点1/評価30162/採用0/減0 c3mn:起点1/評価30099/採用0/減0 c1:起点1/評価20470/採用0/減0]
blocked_covu,60,3,all	58238	C1EjectionChain	全族起点玉突き連鎖[起点5/生成134691/候補100261/評価134691/試行35/採用0/採用深さ最大0/重複除外3/深さ8/終了時間切れ/時間切れ1/595ms]: c1 56->56 score 43329->43329 HARD 4->4 total 290->290 族差  起点族別[covU:起点1/評価30023/採用0/減0 c3n:起点1/評価30159/採用0/減0 low:起点1/評価30156/採用0/減0 c3mn:起点1/評価30140/採用0/減0 c1:起点1/評価11218/採用0/減0]
blocked_covu,60,3,all	58238	C1EjectionChain	全族起点玉突き連鎖[起点5/生成134691/候補100261/評価134691/試行35/採用0/採用深さ最大0/重複除外3/深さ8/終了時間切れ/時間切れ1/595ms]: c1 56->56 score 43329->43329 HARD 4->4 total 290->290 族差  起点族別[covU:起点1/評価30023/採用0/減0 c3n:起点1/評価30159/採用0/減0 low:起点1/評価30156/採用0/減0 c3mn:起点1/評価30140/採用0/減0 c1:起点1/評価11218/採用0/減0]
blocked_covu,60,3,c1	58264	C1EjectionChain	期間要件(c1)起点v2玉突き連鎖[起点5/生成142672/候補93285/評価142672/試行39/採用0/採用深さ最大0/重複除外1/深さ8/終了時間切れ/時間切れ1/578ms]: c1 49->49 score 43031->43031 HARD 4->4 total 292->292 族差  起点族別[c1:起点5/評価142672/採用0/減0]
blocked_covu,60,3,c1	58264	C1EjectionChain	期間要件(c1)起点v2玉突き連鎖[起点5/生成142672/候補93285/評価142672/試行39/採用0/採用深さ最大0/重複除外1/深さ8/終了時間切れ/時間切れ1/578ms]: c1 49->49 score 43031->43031 HARD 4->4 total 292->292 族差  起点族別[c1:起点5/評価142672/採用0/減0]
blocked_covu,120,1,all	117538	C1EjectionChain	全族起点玉突き連鎖[起点7/生成189083/候補142764/評価189083/試行51/採用0/採用深さ最大0/重複除外1/深さ8/終了時間切れ/時間切れ1/821ms]: c1 59->59 score 43692->43692 HARD 4->4 total 312->312 族差  起点族別[covU:起点1/評価30281/採用0/減0 c3n:起点1/評価30236/採用0/減0 low:起点1/評価30046/採用0/減0 c3mn:起点1/評価30030/採用0/減0 c1:起点1/評価30071/採用0/減0 high:起点1/評価30042/採用0/減0 covO:起点1/評価5189/採用0/減0]
blocked_covu,120,1,all	117538	C1EjectionChain	全族起点玉突き連鎖[起点7/生成189083/候補142764/評価189083/試行51/採用0/採用深さ最大0/重複除外1/深さ8/終了時間切れ/時間切れ1/821ms]: c1 59->59 score 43692->43692 HARD 4->4 total 312->312 族差  起点族別[covU:起点1/評価30281/採用0/減0 c3n:起点1/評価30236/採用0/減0 low:起点1/評価30046/採用0/減0 c3mn:起点1/評価30030/採用0/減0 c1:起点1/評価30071/採用0/減0 high:起点1/評価30042/採用0/減0 covO:起点1/評価5189/採用0/減0]
blocked_covu,120,1,c1	117540	C1EjectionChain	期間要件(c1)起点v2玉突き連鎖[起点6/生成178141/候補110958/評価178141/試行49/採用0/採用深さ最大0/重複除外3/深さ8/終了時間切れ/時間切れ1/821ms]: c1 47->47 score 42982->42982 HARD 4->4 total 282->282 族差  起点族別[c1:起点6/評価178141/採用0/減0]
blocked_covu,120,1,c1	117540	C1EjectionChain	期間要件(c1)起点v2玉突き連鎖[起点6/生成178141/候補110958/評価178141/試行49/採用0/採用深さ最大0/重複除外3/深さ8/終了時間切れ/時間切れ1/821ms]: c1 47->47 score 42982->42982 HARD 4->4 total 282->282 族差  起点族別[c1:起点6/評価178141/採用0/減0]
blocked_covu,120,2,c1	119049	C1EjectionChain	期間要件(c1)起点v2玉突き連鎖[起点2/生成51926/候補29932/評価51926/試行14/採用0/採用深さ最大0/重複除外1/深さ8/終了時間切れ/時間切れ1/317ms]: c1 46->46 score 43147->43147 HARD 4->4 total 290->290 族差  起点族別[c1:起点2/評価51926/採用0/減0]
blocked_covu,120,2,c1	119049	C1EjectionChain	期間要件(c1)起点v2玉突き連鎖[起点2/生成51926/候補29932/評価51926/試行14/採用0/採用深さ最大0/重複除外1/深さ8/終了時間切れ/時間切れ1/317ms]: c1 46->46 score 43147->43147 HARD 4->4 total 290->290 族差  起点族別[c1:起点2/評価51926/採用0/減0]
blocked_covu,120,2,all	119534	C1EjectionChain	全族起点玉突き連鎖[起点2/生成37147/候補29061/評価37147/試行9/採用1/採用深さ最大15/重複除外1/深さ8/終了時間切れ/時間切れ1/155ms]: c1 45->45 score 44035->43870 HARD 4->4 total 291->282 族差 c42-3 covO-1 low-1 weekly-4 起点族別[covU:起点1/評価30018/採用1/減165 low:起点1/評価3851/採用0/減0]
blocked_covu,120,2,all	119534	C1EjectionChain	全族起点玉突き連鎖[起点2/生成37147/候補29061/評価37147/試行9/採用1/採用深さ最大15/重複除外1/深さ8/終了時間切れ/時間切れ1/155ms]: c1 45->45 score 44035->43870 HARD 4->4 total 291->282 族差 c42-3 covO-1 low-1 weekly-4 起点族別[covU:起点1/評価30018/採用1/減165 low:起点1/評価3851/採用0/減0]
blocked_covu,120,3,all	118437	C1EjectionChain	全族起点玉突き連鎖[起点5/生成134729/候補94885/評価134729/試行35/採用1/採用深さ最大11/重複除外1/深さ8/終了時間切れ/時間切れ1/522ms]: c1 53->53 score 43859->43847 HARD 4->4 total 293->296 族差 c3m-1 c42-2 fair+4 weekly+2 起点族別[covU:起点1/評価30153/採用1/減12 low:起点1/評価30032/採用0/減0 c3mn:起点1/評価30279/採用0/減0 c1:起点1/評価30030/採用0/減0 high:起点1/評価11534/採用0/減0]
blocked_covu,120,3,all	118437	C1EjectionChain	全族起点玉突き連鎖[起点5/生成134729/候補94885/評価134729/試行35/採用1/採用深さ最大11/重複除外1/深さ8/終了時間切れ/時間切れ1/522ms]: c1 53->53 score 43859->43847 HARD 4->4 total 293->296 族差 c3m-1 c42-2 fair+4 weekly+2 起点族別[covU:起点1/評価30153/採用1/減12 low:起点1/評価30032/採用0/減0 c3mn:起点1/評価30279/採用0/減0 c1:起点1/評価30030/採用0/減0 high:起点1/評価11534/採用0/減0]
blocked_covu,120,3,c1	118935	C1EjectionChain	期間要件(c1)起点v2玉突き連鎖[起点2/生成46881/候補26817/評価46881/試行13/採用0/採用深さ最大0/重複除外0/深さ8/終了時間切れ/時間切れ1/357ms]: c1 55->55 score 43256->43256 HARD 4->4 total 293->293 族差  起点族別[c1:起点2/評価46881/採用0/減0]
blocked_covu,120,3,c1	118935	C1EjectionChain	期間要件(c1)起点v2玉突き連鎖[起点2/生成46881/候補26817/評価46881/試行13/採用0/採用深さ最大0/重複除外0/深さ8/終了時間切れ/時間切れ1/357ms]: c1 55->55 score 43256->43256 HARD 4->4 total 293->293 族差  起点族別[c1:起点2/評価46881/採用0/減0]
sample,60,1,all	35396	C1EjectionChain	全族起点玉突き連鎖[起点22/生成640093/候補491036/評価640093/試行233/採用0/採用深さ最大0/重複除外23/深さ8/終了時間切れ/時間切れ1/3000ms]: c1 7->7 score 11448->11448 HARD 1->1 total 273->273 族差  起点族別[low:起点3/評価90277/採用0/減0 c1:起点3/評価90219/採用0/減0 high:起点3/評価90376/採用0/減0 c3:起点3/評価90149/採用0/減0 c42:起点3/評価90149/採用0/減0 c3m:起点3/評価66957/採用0/減0 fair:起点2/評価60257/採用0/減0 weekly:起点2/評価60167/採用0/減0]
sample,60,1,all	35396	C1EjectionChain	全族起点玉突き連鎖[起点22/生成640093/候補491036/評価640093/試行233/採用0/採用深さ最大0/重複除外23/深さ8/終了時間切れ/時間切れ1/3000ms]: c1 7->7 score 11448->11448 HARD 1->1 total 273->273 族差  起点族別[low:起点3/評価90277/採用0/減0 c1:起点3/評価90219/採用0/減0 high:起点3/評価90376/採用0/減0 c3:起点3/評価90149/採用0/減0 c42:起点3/評価90149/採用0/減0 c3m:起点3/評価66957/採用0/減0 fair:起点2/評価60257/採用0/減0 weekly:起点2/評価60167/採用0/減0]
sample,60,1,c1	47528	C1EjectionChain	期間要件(c1)起点v2玉突き連鎖[起点26/生成765050/候補467752/評価765050/試行279/採用0/採用深さ最大0/重複除外50/深さ8/終了時間切れ/時間切れ1/3000ms]: c1 8->8 score 11181->11181 HARD 1->1 total 246->246 族差  起点族別[c1:起点26/評価765050/採用0/減0]
sample,60,1,c1	47528	C1EjectionChain	期間要件(c1)起点v2玉突き連鎖[起点26/生成765050/候補467752/評価765050/試行279/採用0/採用深さ最大0/重複除外50/深さ8/終了時間切れ/時間切れ1/3000ms]: c1 8->8 score 11181->11181 HARD 1->1 total 246->246 族差  起点族別[c1:起点26/評価765050/採用0/減0]
sample,60,2,c1	34153	C1EjectionChain	期間要件(c1)起点v2玉突き連鎖[起点26/生成776252/候補501004/評価776252/試行284/採用0/採用深さ最大0/重複除外60/深さ8/終了時間切れ/時間切れ1/3000ms]: c1 5->5 score 11393->11393 HARD 1->1 total 274->274 族差  起点族別[c1:起点26/評価776252/採用0/減0]
sample,60,2,c1	34153	C1EjectionChain	期間要件(c1)起点v2玉突き連鎖[起点26/生成776252/候補501004/評価776252/試行284/採用0/採用深さ最大0/重複除外60/深さ8/終了時間切れ/時間切れ1/3000ms]: c1 5->5 score 11393->11393 HARD 1->1 total 274->274 族差  起点族別[c1:起点26/評価776252/採用0/減0]
sample,60,2,all	36047	C1EjectionChain	全族起点玉突き連鎖[起点25/生成744794/候補488110/評価744794/試行272/採用0/採用深さ最大0/重複除外69/深さ8/終了時間切れ/時間切れ1/3001ms]: c1 5->5 score 11287->11287 HARD 1->1 total 255->255 族差  起点族別[low:起点4/評価120466/採用0/減0 c1:起点4/評価120211/採用0/減0 high:起点2/評価60066/採用0/減0 c3:起点4/評価112136/採用0/減0 c42:起点3/評価90281/採用0/減0 c3m:起点3/評価90119/採用0/減0 fair:起点2/評価60037/採用0/減0 weekly:起点3/評価90209/採用0/減0]
sample,60,2,all	36047	C1EjectionChain	全族起点玉突き連鎖[起点25/生成744794/候補488110/評価744794/試行272/採用0/採用深さ最大0/重複除外69/深さ8/終了時間切れ/時間切れ1/3001ms]: c1 5->5 score 11287->11287 HARD 1->1 total 255->255 族差  起点族別[low:起点4/評価120466/採用0/減0 c1:起点4/評価120211/採用0/減0 high:起点2/評価60066/採用0/減0 c3:起点4/評価112136/採用0/減0 c42:起点3/評価90281/採用0/減0 c3m:起点3/評価90119/採用0/減0 fair:起点2/評価60037/採用0/減0 weekly:起点3/評価90209/採用0/減0]
sample,60,3,all	33873	C1EjectionChain	全族起点玉突き連鎖[起点25/生成726446/候補495797/評価726446/試行264/採用0/採用深さ最大0/重複除外17/深さ8/終了時間切れ/時間切れ1/3000ms]: c1 4->4 score 11165->11165 HARD 1->1 total 253->253 族差  起点族別[low:起点4/評価120413/採用0/減0 c1:起点4/評価120366/採用0/減0 high:起点2/評価60007/採用0/減0 c3:起点4/評価93163/採用0/減0 c42:起点3/評価90188/採用0/減0 c3m:起点3/評価90308/採用0/減0 fair:起点2/評価60335/採用0/減0 weekly:起点3/評価90149/採用0/減0]
sample,60,3,all	33873	C1EjectionChain	全族起点玉突き連鎖[起点25/生成726446/候補495797/評価726446/試行264/採用0/採用深さ最大0/重複除外17/深さ8/終了時間切れ/時間切れ1/3000ms]: c1 4->4 score 11165->11165 HARD 1->1 total 253->253 族差  起点族別[low:起点4/評価120413/採用0/減0 c1:起点4/評価120366/採用0/減0 high:起点2/評価60007/採用0/減0 c3:起点4/評価93163/採用0/減0 c42:起点3/評価90188/採用0/減0 c3m:起点3/評価90308/採用0/減0 fair:起点2/評価60335/採用0/減0 weekly:起点3/評価90149/採用0/減0]
sample,60,3,c1	35085	C1EjectionChain	期間要件(c1)起点v2玉突き連鎖[起点23/生成686161/候補422061/評価686161/試行251/採用0/採用深さ最大0/重複除外44/深さ8/終了時間切れ/時間切れ1/3001ms]: c1 4->4 score 11449->11449 HARD 1->1 total 278->278 族差  起点族別[c1:起点23/評価686161/採用0/減0]
sample,60,3,c1	35085	C1EjectionChain	期間要件(c1)起点v2玉突き連鎖[起点23/生成686161/候補422061/評価686161/試行251/採用0/採用深さ最大0/重複除外44/深さ8/終了時間切れ/時間切れ1/3001ms]: c1 4->4 score 11449->11449 HARD 1->1 total 278->278 族差  起点族別[c1:起点23/評価686161/採用0/減0]
sample,120,1,all	60424	C1EjectionChain	全族起点玉突き連鎖[起点25/生成748475/候補546225/評価748475/試行273/採用0/採用深さ最大0/重複除外40/深さ8/終了時間切れ/時間切れ1/3000ms]: c1 5->5 score 11270->11270 HARD 1->1 total 262->262 族差  起点族別[low:起点4/評価120383/採用0/減0 c1:起点4/評価120224/採用0/減0 high:起点2/評価60005/採用0/減0 c3:起点4/評価115552/採用0/減0 c42:起点3/評価90114/採用0/減0 c3m:起点3/評価90129/採用0/減0 fair:起点2/評価60257/採用0/減0 weekly:起点3/評価90294/採用0/減0]
sample,120,1,all	60424	C1EjectionChain	全族起点玉突き連鎖[起点25/生成748475/候補546225/評価748475/試行273/採用0/採用深さ最大0/重複除外40/深さ8/終了時間切れ/時間切れ1/3000ms]: c1 5->5 score 11270->11270 HARD 1->1 total 262->262 族差  起点族別[low:起点4/評価120383/採用0/減0 c1:起点4/評価120224/採用0/減0 high:起点2/評価60005/採用0/減0 c3:起点4/評価115552/採用0/減0 c42:起点3/評価90114/採用0/減0 c3m:起点3/評価90129/採用0/減0 fair:起点2/評価60257/採用0/減0 weekly:起点3/評価90294/採用0/減0]
sample,120,1,c1	47587	C1EjectionChain	期間要件(c1)起点v2玉突き連鎖[起点26/生成775231/候補493470/評価775231/試行283/採用1/採用深さ最大4/重複除外56/深さ8/終了時間切れ/時間切れ1/3000ms]: c1 4->4 score 11184->11146 HARD 1->1 total 259->253 族差 c3-2 weekly-4 起点族別[c1:起点26/評価775231/採用1/減38]
sample,120,1,c1	47587	C1EjectionChain	期間要件(c1)起点v2玉突き連鎖[起点26/生成775231/候補493470/評価775231/試行283/採用1/採用深さ最大4/重複除外56/深さ8/終了時間切れ/時間切れ1/3000ms]: c1 4->4 score 11184->11146 HARD 1->1 total 259->253 族差 c3-2 weekly-4 起点族別[c1:起点26/評価775231/採用1/減38]
sample,120,2,c1	43415	C1EjectionChain	期間要件(c1)起点v2玉突き連鎖[起点25/生成735182/候補457311/評価735182/試行268/採用0/採用深さ最大0/重複除外48/深さ8/終了時間切れ/時間切れ1/3000ms]: c1 4->4 score 11394->11394 HARD 1->1 total 279->279 族差  起点族別[c1:起点25/評価735182/採用0/減0]
sample,120,2,c1	43415	C1EjectionChain	期間要件(c1)起点v2玉突き連鎖[起点25/生成735182/候補457311/評価735182/試行268/採用0/採用深さ最大0/重複除外48/深さ8/終了時間切れ/時間切れ1/3000ms]: c1 4->4 score 11394->11394 HARD 1->1 total 279->279 族差  起点族別[c1:起点25/評価735182/採用0/減0]
sample,120,2,all	43926	C1EjectionChain	全族起点玉突き連鎖[起点25/生成742382/候補520656/評価742382/試行270/採用0/採用深さ最大0/重複除外40/深さ8/終了時間切れ/時間切れ1/3001ms]: c1 5->5 score 11147->11147 HARD 1->1 total 237->237 族差  起点族別[low:起点4/評価120326/採用0/減0 c1:起点4/評価120282/採用0/減0 high:起点2/評価60049/採用0/減0 c3:起点4/評価109554/採用0/減0 c42:起点3/評価90158/採用0/減0 c3m:起点3/評価90389/採用0/減0 fair:起点2/評価60210/採用0/減0 weekly:起点3/評価90035/採用0/減0]
sample,120,2,all	43926	C1EjectionChain	全族起点玉突き連鎖[起点25/生成742382/候補520656/評価742382/試行270/採用0/採用深さ最大0/重複除外40/深さ8/終了時間切れ/時間切れ1/3001ms]: c1 5->5 score 11147->11147 HARD 1->1 total 237->237 族差  起点族別[low:起点4/評価120326/採用0/減0 c1:起点4/評価120282/採用0/減0 high:起点2/評価60049/採用0/減0 c3:起点4/評価109554/採用0/減0 c42:起点3/評価90158/採用0/減0 c3m:起点3/評価90389/採用0/減0 fair:起点2/評価60210/採用0/減0 weekly:起点3/評価90035/採用0/減0]
sample,120,3,all	61803	C1EjectionChain	全族起点玉突き連鎖[起点25/生成751483/候補514730/評価751483/試行275/採用0/採用深さ最大0/重複除外55/深さ8/終了時間切れ/時間切れ1/3000ms]: c1 3->3 score 11155->11155 HARD 1->1 total 254->254 族差  起点族別[low:起点4/評価118878/採用0/減0 c1:起点3/評価90007/採用0/減0 high:起点2/評価60095/採用0/減0 c3:起点3/評価90150/採用0/減0 c42:起点3/評価90150/採用0/減0 c3m:起点3/評価90203/採用0/減0 c2:起点2/評価60028/採用0/減0 fair:起点2/評価60020/採用0/減0 weekly:起点3/評価90245/採用0/減0]
sample,120,3,all	61803	C1EjectionChain	全族起点玉突き連鎖[起点25/生成751483/候補514730/評価751483/試行275/採用0/採用深さ最大0/重複除外55/深さ8/終了時間切れ/時間切れ1/3000ms]: c1 3->3 score 11155->11155 HARD 1->1 total 254->254 族差  起点族別[low:起点4/評価118878/採用0/減0 c1:起点3/評価90007/採用0/減0 high:起点2/評価60095/採用0/減0 c3:起点3/評価90150/採用0/減0 c42:起点3/評価90150/採用0/減0 c3m:起点3/評価90203/採用0/減0 c2:起点2/評価60028/採用0/減0 fair:起点2/評価60020/採用0/減0 weekly:起点3/評価90245/採用0/減0]
sample,120,3,c1	48688	C1EjectionChain	期間要件(c1)起点v2玉突き連鎖[起点25/生成746236/候補476004/評価746236/試行273/採用0/採用深さ最大0/重複除外62/深さ8/終了時間切れ/時間切れ1/3000ms]: c1 4->4 score 11278->11278 HARD 1->1 total 272->272 族差  起点族別[c1:起点25/評価746236/採用0/減0]
sample,120,3,c1	48688	C1EjectionChain	期間要件(c1)起点v2玉突き連鎖[起点25/生成746236/候補476004/評価746236/試行273/採用0/採用深さ最大0/重複除外62/深さ8/終了時間切れ/時間切れ1/3000ms]: c1 4->4 score 11278->11278 HARD 1->1 total 272->272 族差  起点族別[c1:起点25/評価746236/採用0/減0]
